solid OpenSCAD_Model
  facet normal 0.995183 0.0980338 0
    outer loop
      vertex 5.23876 30.1999 16.5
      vertex 5.20508 30.5418 0
      vertex 5.20508 30.5418 16.5
    endloop
  endfacet
  facet normal 0.995183 0.0980338 0
    outer loop
      vertex 5.20508 30.5418 0
      vertex 5.23876 30.1999 16.5
      vertex 5.23876 30.1999 0
    endloop
  endfacet
  facet normal 0.999465 0.032714 0
    outer loop
      vertex 5.25 29.8565 16.5
      vertex 5.23876 30.1999 0
      vertex 5.23876 30.1999 16.5
    endloop
  endfacet
  facet normal 0.999465 0.032714 0
    outer loop
      vertex 5.23876 30.1999 0
      vertex 5.25 29.8565 16.5
      vertex 5.25 29.8565 0
    endloop
  endfacet
  facet normal 0.986648 0.16287 0
    outer loop
      vertex 5.20508 30.5418 16.5
      vertex 5.14912 30.8808 0
      vertex 5.14912 30.8808 16.5
    endloop
  endfacet
  facet normal 0.986648 0.16287 0
    outer loop
      vertex 5.14912 30.8808 0
      vertex 5.20508 30.5418 16.5
      vertex 5.20508 30.5418 0
    endloop
  endfacet
  facet normal 0.352211 0.935921 -0
    outer loop
      vertex 2.00909 34.7069 0
      vertex 1.68756 34.8279 16.5
      vertex 2.00909 34.7069 16.5
    endloop
  endfacet
  facet normal 0.352211 0.935921 0
    outer loop
      vertex 1.68756 34.8279 16.5
      vertex 2.00909 34.7069 0
      vertex 1.68756 34.8279 0
    endloop
  endfacet
  facet normal 0.9359 0.352265 0
    outer loop
      vertex 4.97138 31.5441 16.5
      vertex 4.85037 31.8656 0
      vertex 4.85037 31.8656 16.5
    endloop
  endfacet
  facet normal 0.9359 0.352265 0
    outer loop
      vertex 4.85037 31.8656 0
      vertex 4.97138 31.5441 16.5
      vertex 4.97138 31.5441 0
    endloop
  endfacet
  facet normal 0.973867 0.227119 0
    outer loop
      vertex 5.14912 30.8808 16.5
      vertex 5.07111 31.2153 0
      vertex 5.07111 31.2153 16.5
    endloop
  endfacet
  facet normal 0.973867 0.227119 0
    outer loop
      vertex 5.07111 31.2153 0
      vertex 5.14912 30.8808 16.5
      vertex 5.14912 30.8808 0
    endloop
  endfacet
  facet normal 0.9359 -0.352265 0
    outer loop
      vertex 4.85037 27.8475 16.5
      vertex 4.97138 28.169 0
      vertex 4.97138 28.169 16.5
    endloop
  endfacet
  facet normal 0.9359 -0.352265 0
    outer loop
      vertex 4.97138 28.169 0
      vertex 4.85037 27.8475 16.5
      vertex 4.85037 27.8475 0
    endloop
  endfacet
  facet normal 0.528035 0.849223 -0
    outer loop
      vertex 2.91674 34.2218 0
      vertex 2.625 34.4032 16.5
      vertex 2.91674 34.2218 16.5
    endloop
  endfacet
  facet normal 0.528035 0.849223 0
    outer loop
      vertex 2.625 34.4032 16.5
      vertex 2.91674 34.2218 0
      vertex 2.625 34.4032 0
    endloop
  endfacet
  facet normal 0.973882 -0.227055 0
    outer loop
      vertex 5.07111 28.4977 16.5
      vertex 5.14912 28.8323 0
      vertex 5.14912 28.8323 16.5
    endloop
  endfacet
  facet normal 0.973882 -0.227055 0
    outer loop
      vertex 5.14912 28.8323 0
      vertex 5.07111 28.4977 16.5
      vertex 5.07111 28.4977 0
    endloop
  endfacet
  facet normal 0.956949 0.290257 0
    outer loop
      vertex 5.07111 31.2153 16.5
      vertex 4.97138 31.5441 0
      vertex 4.97138 31.5441 16.5
    endloop
  endfacet
  facet normal 0.956949 0.290257 0
    outer loop
      vertex 4.97138 31.5441 0
      vertex 5.07111 31.2153 16.5
      vertex 5.07111 31.2153 0
    endloop
  endfacet
  facet normal -0.68368 0.729782 0
    outer loop
      vertex -3.46157 33.8037 0
      vertex -3.71231 33.5688 16.5
      vertex -3.46157 33.8037 16.5
    endloop
  endfacet
  facet normal -0.68368 0.729782 0
    outer loop
      vertex -3.71231 33.5688 16.5
      vertex -3.46157 33.8037 0
      vertex -3.71231 33.5688 0
    endloop
  endfacet
  facet normal 0.773057 0.634337 0
    outer loop
      vertex 4.1651 33.0525 16.5
      vertex 3.94716 33.3181 0
      vertex 3.94716 33.3181 16.5
    endloop
  endfacet
  facet normal 0.773057 0.634337 0
    outer loop
      vertex 3.94716 33.3181 0
      vertex 4.1651 33.0525 16.5
      vertex 4.1651 33.0525 0
    endloop
  endfacet
  facet normal -0.41275 0.910844 0
    outer loop
      vertex -2.00909 34.7069 0
      vertex -2.32201 34.5651 16.5
      vertex -2.00909 34.7069 16.5
    endloop
  endfacet
  facet normal -0.41275 0.910844 0
    outer loop
      vertex -2.32201 34.5651 16.5
      vertex -2.00909 34.7069 0
      vertex -2.32201 34.5651 0
    endloop
  endfacet
  facet normal 0.910895 -0.412638 0
    outer loop
      vertex 4.70858 27.5345 16.5
      vertex 4.85037 27.8475 0
      vertex 4.85037 27.8475 16.5
    endloop
  endfacet
  facet normal 0.910895 -0.412638 0
    outer loop
      vertex 4.85037 27.8475 0
      vertex 4.70858 27.5345 16.5
      vertex 4.70858 27.5345 0
    endloop
  endfacet
  facet normal -0.986648 -0.16287 0
    outer loop
      vertex -5.14912 28.8323 0
      vertex -5.20508 29.1713 16.5
      vertex -5.20508 29.1713 0
    endloop
  endfacet
  facet normal -0.986648 -0.16287 0
    outer loop
      vertex -5.20508 29.1713 16.5
      vertex -5.14912 28.8323 0
      vertex -5.14912 28.8323 16.5
    endloop
  endfacet
  facet normal -0.881865 0.471502 0
    outer loop
      vertex -4.70858 32.1786 0
      vertex -4.54663 32.4815 16.5
      vertex -4.54663 32.4815 0
    endloop
  endfacet
  facet normal -0.881865 0.471502 0
    outer loop
      vertex -4.54663 32.4815 16.5
      vertex -4.70858 32.1786 0
      vertex -4.70858 32.1786 16.5
    endloop
  endfacet
  facet normal 0.772939 -0.63448 0
    outer loop
      vertex 3.94716 26.395 16.5
      vertex 4.1651 26.6605 0
      vertex 4.1651 26.6605 16.5
    endloop
  endfacet
  facet normal 0.772939 -0.63448 0
    outer loop
      vertex 4.1651 26.6605 0
      vertex 3.94716 26.395 16.5
      vertex 3.94716 26.395 0
    endloop
  endfacet
  facet normal -0.88193 -0.471381 0
    outer loop
      vertex -4.54663 27.2315 0
      vertex -4.70858 27.5345 16.5
      vertex -4.70858 27.5345 0
    endloop
  endfacet
  facet normal -0.88193 -0.471381 0
    outer loop
      vertex -4.70858 27.5345 16.5
      vertex -4.54663 27.2315 0
      vertex -4.54663 27.2315 16.5
    endloop
  endfacet
  facet normal 0.986648 -0.16287 0
    outer loop
      vertex 5.14912 28.8323 16.5
      vertex 5.20508 29.1713 0
      vertex 5.20508 29.1713 16.5
    endloop
  endfacet
  facet normal 0.986648 -0.16287 0
    outer loop
      vertex 5.20508 29.1713 0
      vertex 5.14912 28.8323 16.5
      vertex 5.14912 28.8323 0
    endloop
  endfacet
  facet normal 0.881865 0.471502 0
    outer loop
      vertex 4.70858 32.1786 16.5
      vertex 4.54663 32.4815 0
      vertex 4.54663 32.4815 16.5
    endloop
  endfacet
  facet normal 0.881865 0.471502 0
    outer loop
      vertex 4.54663 32.4815 0
      vertex 4.70858 32.1786 16.5
      vertex 4.70858 32.1786 0
    endloop
  endfacet
  facet normal 0.910895 0.412638 0
    outer loop
      vertex 4.85037 31.8656 16.5
      vertex 4.70858 32.1786 0
      vertex 4.70858 32.1786 16.5
    endloop
  endfacet
  facet normal 0.910895 0.412638 0
    outer loop
      vertex 4.70858 32.1786 0
      vertex 4.85037 31.8656 16.5
      vertex 4.85037 31.8656 0
    endloop
  endfacet
  facet normal 0.849177 -0.528108 0
    outer loop
      vertex 4.36522 26.9398 16.5
      vertex 4.54663 27.2315 0
      vertex 4.54663 27.2315 16.5
    endloop
  endfacet
  facet normal 0.849177 -0.528108 0
    outer loop
      vertex 4.54663 27.2315 0
      vertex 4.36522 26.9398 16.5
      vertex 4.36522 26.9398 0
    endloop
  endfacet
  facet normal -0.9359 -0.352265 0
    outer loop
      vertex -4.85037 27.8475 0
      vertex -4.97138 28.169 16.5
      vertex -4.97138 28.169 0
    endloop
  endfacet
  facet normal -0.9359 -0.352265 0
    outer loop
      vertex -4.97138 28.169 16.5
      vertex -4.85037 27.8475 0
      vertex -4.85037 27.8475 16.5
    endloop
  endfacet
  facet normal -0.995183 0.0980338 0
    outer loop
      vertex -5.23876 30.1999 0
      vertex -5.20508 30.5418 16.5
      vertex -5.20508 30.5418 0
    endloop
  endfacet
  facet normal -0.995183 0.0980338 0
    outer loop
      vertex -5.20508 30.5418 16.5
      vertex -5.23876 30.1999 0
      vertex -5.23876 30.1999 16.5
    endloop
  endfacet
  facet normal -0.352211 0.935921 0
    outer loop
      vertex -1.68756 34.8279 0
      vertex -2.00909 34.7069 16.5
      vertex -1.68756 34.8279 16.5
    endloop
  endfacet
  facet normal -0.352211 0.935921 0
    outer loop
      vertex -2.00909 34.7069 16.5
      vertex -1.68756 34.8279 0
      vertex -2.00909 34.7069 0
    endloop
  endfacet
  facet normal -0.162719 0.986672 0
    outer loop
      vertex -0.685262 35.0616 0
      vertex -1.02422 35.0057 16.5
      vertex -0.685262 35.0616 16.5
    endloop
  endfacet
  facet normal -0.162719 0.986672 0
    outer loop
      vertex -1.02422 35.0057 16.5
      vertex -0.685262 35.0616 0
      vertex -1.02422 35.0057 0
    endloop
  endfacet
  facet normal 0.995183 -0.0980338 0
    outer loop
      vertex 5.20508 29.1713 16.5
      vertex 5.23876 29.5132 0
      vertex 5.23876 29.5132 16.5
    endloop
  endfacet
  facet normal 0.995183 -0.0980338 0
    outer loop
      vertex 5.23876 29.5132 0
      vertex 5.20508 29.1713 16.5
      vertex 5.20508 29.1713 0
    endloop
  endfacet
  facet normal -0.0980926 0.995177 0
    outer loop
      vertex -0.343366 35.0953 0
      vertex -0.685262 35.0616 16.5
      vertex -0.343366 35.0953 16.5
    endloop
  endfacet
  facet normal -0.0980926 0.995177 0
    outer loop
      vertex -0.685262 35.0616 16.5
      vertex -0.343366 35.0953 0
      vertex -0.685262 35.0616 0
    endloop
  endfacet
  facet normal -0.910895 0.412638 0
    outer loop
      vertex -4.85037 31.8656 0
      vertex -4.70858 32.1786 16.5
      vertex -4.70858 32.1786 0
    endloop
  endfacet
  facet normal -0.910895 0.412638 0
    outer loop
      vertex -4.70858 32.1786 16.5
      vertex -4.85037 31.8656 0
      vertex -4.85037 31.8656 16.5
    endloop
  endfacet
  facet normal 0.956924 -0.290338 0
    outer loop
      vertex 4.97138 28.169 16.5
      vertex 5.07111 28.4977 0
      vertex 5.07111 28.4977 16.5
    endloop
  endfacet
  facet normal 0.956924 -0.290338 0
    outer loop
      vertex 5.07111 28.4977 0
      vertex 4.97138 28.169 16.5
      vertex 4.97138 28.169 0
    endloop
  endfacet
  facet normal -0.290476 0.956882 0
    outer loop
      vertex -1.3588 34.9277 0
      vertex -1.68756 34.8279 16.5
      vertex -1.3588 34.9277 16.5
    endloop
  endfacet
  facet normal -0.290476 0.956882 0
    outer loop
      vertex -1.68756 34.8279 16.5
      vertex -1.3588 34.9277 0
      vertex -1.68756 34.8279 0
    endloop
  endfacet
  facet normal 0.63431 0.773078 -0
    outer loop
      vertex 3.46157 33.8037 0
      vertex 3.196 34.0216 16.5
      vertex 3.46157 33.8037 16.5
    endloop
  endfacet
  facet normal 0.63431 0.773078 0
    outer loop
      vertex 3.196 34.0216 16.5
      vertex 3.46157 33.8037 0
      vertex 3.196 34.0216 0
    endloop
  endfacet
  facet normal -0.956949 0.290257 0
    outer loop
      vertex -5.07111 31.2153 0
      vertex -4.97138 31.5441 16.5
      vertex -4.97138 31.5441 0
    endloop
  endfacet
  facet normal -0.956949 0.290257 0
    outer loop
      vertex -4.97138 31.5441 16.5
      vertex -5.07111 31.2153 0
      vertex -5.07111 31.2153 16.5
    endloop
  endfacet
  facet normal 0.81278 0.58257 0
    outer loop
      vertex 4.36522 32.7733 16.5
      vertex 4.1651 33.0525 0
      vertex 4.1651 33.0525 16.5
    endloop
  endfacet
  facet normal 0.81278 0.58257 0
    outer loop
      vertex 4.1651 33.0525 0
      vertex 4.36522 32.7733 16.5
      vertex 4.36522 32.7733 0
    endloop
  endfacet
  facet normal -0.995183 -0.0980338 0
    outer loop
      vertex -5.20508 29.1713 0
      vertex -5.23876 29.5132 16.5
      vertex -5.23876 29.5132 0
    endloop
  endfacet
  facet normal -0.995183 -0.0980338 0
    outer loop
      vertex -5.23876 29.5132 16.5
      vertex -5.20508 29.1713 0
      vertex -5.20508 29.1713 16.5
    endloop
  endfacet
  facet normal -0.910895 -0.412638 0
    outer loop
      vertex -4.70858 27.5345 0
      vertex -4.85037 27.8475 16.5
      vertex -4.85037 27.8475 0
    endloop
  endfacet
  facet normal -0.910895 -0.412638 0
    outer loop
      vertex -4.85037 27.8475 16.5
      vertex -4.70858 27.5345 0
      vertex -4.70858 27.5345 16.5
    endloop
  endfacet
  facet normal -0.973882 -0.227055 0
    outer loop
      vertex -5.07111 28.4977 0
      vertex -5.14912 28.8323 16.5
      vertex -5.14912 28.8323 0
    endloop
  endfacet
  facet normal -0.973882 -0.227055 0
    outer loop
      vertex -5.14912 28.8323 16.5
      vertex -5.07111 28.4977 0
      vertex -5.07111 28.4977 16.5
    endloop
  endfacet
  facet normal -0.986648 0.16287 0
    outer loop
      vertex -5.20508 30.5418 0
      vertex -5.14912 30.8808 16.5
      vertex -5.14912 30.8808 0
    endloop
  endfacet
  facet normal -0.986648 0.16287 0
    outer loop
      vertex -5.14912 30.8808 16.5
      vertex -5.20508 30.5418 0
      vertex -5.20508 30.5418 16.5
    endloop
  endfacet
  facet normal 0.68368 0.729782 -0
    outer loop
      vertex 3.71231 33.5688 0
      vertex 3.46157 33.8037 16.5
      vertex 3.71231 33.5688 16.5
    endloop
  endfacet
  facet normal 0.68368 0.729782 0
    outer loop
      vertex 3.46157 33.8037 16.5
      vertex 3.71231 33.5688 0
      vertex 3.46157 33.8037 0
    endloop
  endfacet
  facet normal 0.849258 0.527978 0
    outer loop
      vertex 4.54663 32.4815 16.5
      vertex 4.36522 32.7733 0
      vertex 4.36522 32.7733 16.5
    endloop
  endfacet
  facet normal 0.849258 0.527978 0
    outer loop
      vertex 4.36522 32.7733 0
      vertex 4.54663 32.4815 16.5
      vertex 4.54663 32.4815 0
    endloop
  endfacet
  facet normal -0.9359 0.352265 0
    outer loop
      vertex -4.97138 31.5441 0
      vertex -4.85037 31.8656 16.5
      vertex -4.85037 31.8656 0
    endloop
  endfacet
  facet normal -0.9359 0.352265 0
    outer loop
      vertex -4.85037 31.8656 16.5
      vertex -4.97138 31.5441 0
      vertex -4.97138 31.5441 16.5
    endloop
  endfacet
  facet normal 0 0 1
    outer loop
      vertex 2.75 29.8565 16.5
      vertex 5.25 29.8565 16.5
      vertex 5.23876 30.1999 16.5
    endloop
  endfacet
  facet normal 0 0 1
    outer loop
      vertex 2.74411 30.0364 16.5
      vertex 5.23876 30.1999 16.5
      vertex 5.20508 30.5418 16.5
    endloop
  endfacet
  facet normal 0 0 1
    outer loop
      vertex 5.25 29.8565 16.5
      vertex 2.75 29.8565 16.5
      vertex 5.23876 29.5132 16.5
    endloop
  endfacet
  facet normal 0 0 1
    outer loop
      vertex 2.72647 30.2155 16.5
      vertex 5.20508 30.5418 16.5
      vertex 5.14912 30.8808 16.5
    endloop
  endfacet
  facet normal -0 0 1
    outer loop
      vertex 2.74411 29.6767 16.5
      vertex 5.23876 29.5132 16.5
      vertex 2.75 29.8565 16.5
    endloop
  endfacet
  facet normal 0 0 1
    outer loop
      vertex 2.69716 30.393 16.5
      vertex 5.14912 30.8808 16.5
      vertex 5.07111 31.2153 16.5
    endloop
  endfacet
  facet normal 0 0 1
    outer loop
      vertex 5.23876 29.5132 16.5
      vertex 2.74411 29.6767 16.5
      vertex 5.20508 29.1713 16.5
    endloop
  endfacet
  facet normal 0 0 1
    outer loop
      vertex 2.6563 30.5683 16.5
      vertex 5.07111 31.2153 16.5
      vertex 4.97138 31.5441 16.5
    endloop
  endfacet
  facet normal -0 0 1
    outer loop
      vertex 2.72647 29.4976 16.5
      vertex 5.20508 29.1713 16.5
      vertex 2.74411 29.6767 16.5
    endloop
  endfacet
  facet normal 0 0 1
    outer loop
      vertex 2.60406 30.7405 16.5
      vertex 4.97138 31.5441 16.5
      vertex 4.85037 31.8656 16.5
    endloop
  endfacet
  facet normal 0 0 1
    outer loop
      vertex 5.20508 29.1713 16.5
      vertex 2.72647 29.4976 16.5
      vertex 5.14912 28.8323 16.5
    endloop
  endfacet
  facet normal 0 0 1
    outer loop
      vertex 2.54067 30.9089 16.5
      vertex 4.85037 31.8656 16.5
      vertex 4.70858 32.1786 16.5
    endloop
  endfacet
  facet normal -0 0 1
    outer loop
      vertex 2.69716 29.32 16.5
      vertex 5.14912 28.8323 16.5
      vertex 2.72647 29.4976 16.5
    endloop
  endfacet
  facet normal 0 0 1
    outer loop
      vertex 2.4664 31.0728 16.5
      vertex 4.70858 32.1786 16.5
      vertex 4.54663 32.4815 16.5
    endloop
  endfacet
  facet normal 0 0 1
    outer loop
      vertex 5.14912 28.8323 16.5
      vertex 2.69716 29.32 16.5
      vertex 5.07111 28.4977 16.5
    endloop
  endfacet
  facet normal 0 0 1
    outer loop
      vertex 2.38157 31.2315 16.5
      vertex 4.54663 32.4815 16.5
      vertex 4.36522 32.7733 16.5
    endloop
  endfacet
  facet normal -0 0 1
    outer loop
      vertex 2.6563 29.1448 16.5
      vertex 5.07111 28.4977 16.5
      vertex 2.69716 29.32 16.5
    endloop
  endfacet
  facet normal 0 0 1
    outer loop
      vertex 2.28654 31.3844 16.5
      vertex 4.36522 32.7733 16.5
      vertex 4.1651 33.0525 16.5
    endloop
  endfacet
  facet normal 0 0 1
    outer loop
      vertex 5.07111 28.4977 16.5
      vertex 2.6563 29.1448 16.5
      vertex 4.97138 28.169 16.5
    endloop
  endfacet
  facet normal 0 0 1
    outer loop
      vertex 2.18172 31.5306 16.5
      vertex 4.1651 33.0525 16.5
      vertex 3.94716 33.3181 16.5
    endloop
  endfacet
  facet normal -0 0 1
    outer loop
      vertex 2.60406 28.9726 16.5
      vertex 4.97138 28.169 16.5
      vertex 2.6563 29.1448 16.5
    endloop
  endfacet
  facet normal 0 0 1
    outer loop
      vertex 2.06756 31.6697 16.5
      vertex 3.94716 33.3181 16.5
      vertex 3.71231 33.5688 16.5
    endloop
  endfacet
  facet normal 0 0 1
    outer loop
      vertex 4.97138 28.169 16.5
      vertex 2.60406 28.9726 16.5
      vertex 4.85037 27.8475 16.5
    endloop
  endfacet
  facet normal 0 0 1
    outer loop
      vertex 1.94454 31.8011 16.5
      vertex 3.71231 33.5688 16.5
      vertex 3.46157 33.8037 16.5
    endloop
  endfacet
  facet normal -0 0 1
    outer loop
      vertex 2.54067 28.8042 16.5
      vertex 4.85037 27.8475 16.5
      vertex 2.60406 28.9726 16.5
    endloop
  endfacet
  facet normal 0 0 1
    outer loop
      vertex 4.85037 27.8475 16.5
      vertex 2.54067 28.8042 16.5
      vertex 4.70858 27.5345 16.5
    endloop
  endfacet
  facet normal 0 0 1
    outer loop
      vertex 1.8132 31.9241 16.5
      vertex 3.46157 33.8037 16.5
      vertex 3.196 34.0216 16.5
    endloop
  endfacet
  facet normal 0 0 1
    outer loop
      vertex 24.1065 0 16.5
      vertex 26.1065 0 16.5
      vertex 26.0506 1.70745 16.5
    endloop
  endfacet
  facet normal 0 0 1
    outer loop
      vertex 24.0549 1.57664 16.5
      vertex 26.0506 1.70745 16.5
      vertex 25.8832 3.40759 16.5
    endloop
  endfacet
  facet normal 0 0 1
    outer loop
      vertex 26.1065 0 16.5
      vertex 24.1065 0 16.5
      vertex 26.0506 -1.70745 16.5
    endloop
  endfacet
  facet normal 0 0 1
    outer loop
      vertex 23.9003 3.14653 16.5
      vertex 25.8832 3.40759 16.5
      vertex 25.6049 5.09313 16.5
    endloop
  endfacet
  facet normal -0 0 1
    outer loop
      vertex 24.0549 -1.57664 16.5
      vertex 26.0506 -1.70745 16.5
      vertex 24.1065 0 16.5
    endloop
  endfacet
  facet normal 0 0 1
    outer loop
      vertex 23.6433 4.70295 16.5
      vertex 25.6049 5.09313 16.5
      vertex 25.217 6.75687 16.5
    endloop
  endfacet
  facet normal 0 0 1
    outer loop
      vertex 26.0506 -1.70745 16.5
      vertex 24.0549 -1.57664 16.5
      vertex 25.8832 -3.40759 16.5
    endloop
  endfacet
  facet normal 0 0 1
    outer loop
      vertex 23.2851 6.23923 16.5
      vertex 25.217 6.75687 16.5
      vertex 24.7211 8.39167 16.5
    endloop
  endfacet
  facet normal -0 0 1
    outer loop
      vertex 23.9003 -3.14653 16.5
      vertex 25.8832 -3.40759 16.5
      vertex 24.0549 -1.57664 16.5
    endloop
  endfacet
  facet normal 0 0 1
    outer loop
      vertex 22.8272 7.74879 16.5
      vertex 24.7211 8.39167 16.5
      vertex 24.1193 9.99054 16.5
    endloop
  endfacet
  facet normal 0 0 1
    outer loop
      vertex 25.8832 -3.40759 16.5
      vertex 23.9003 -3.14653 16.5
      vertex 25.6049 -5.09313 16.5
    endloop
  endfacet
  facet normal -0 0 1
    outer loop
      vertex 23.6433 -4.70295 16.5
      vertex 25.6049 -5.09313 16.5
      vertex 23.9003 -3.14653 16.5
    endloop
  endfacet
  facet normal 0 0 1
    outer loop
      vertex 26.0506 1.70745 16.5
      vertex 24.0549 1.57664 16.5
      vertex 24.1065 0 16.5
    endloop
  endfacet
  facet normal 0 0 1
    outer loop
      vertex 25.8832 3.40759 16.5
      vertex 23.9003 3.14653 16.5
      vertex 24.0549 1.57664 16.5
    endloop
  endfacet
  facet normal 0 0 1
    outer loop
      vertex 25.6049 5.09313 16.5
      vertex 23.6433 4.70295 16.5
      vertex 23.9003 3.14653 16.5
    endloop
  endfacet
  facet normal 0 0 1
    outer loop
      vertex 22.2715 9.22517 16.5
      vertex 24.1193 9.99054 16.5
      vertex 23.4142 11.5466 16.5
    endloop
  endfacet
  facet normal 0 0 1
    outer loop
      vertex 25.217 6.75687 16.5
      vertex 23.2851 6.23923 16.5
      vertex 23.6433 4.70295 16.5
    endloop
  endfacet
  facet normal 0 0 1
    outer loop
      vertex 24.7211 8.39167 16.5
      vertex 22.8272 7.74879 16.5
      vertex 23.2851 6.23923 16.5
    endloop
  endfacet
  facet normal 0 0 1
    outer loop
      vertex 21.6205 10.662 16.5
      vertex 23.4142 11.5466 16.5
      vertex 22.6089 13.0533 16.5
    endloop
  endfacet
  facet normal 0 0 1
    outer loop
      vertex 24.1193 9.99054 16.5
      vertex 22.2715 9.22517 16.5
      vertex 22.8272 7.74879 16.5
    endloop
  endfacet
  facet normal 0 0 1
    outer loop
      vertex 20.8769 12.0533 16.5
      vertex 22.6089 13.0533 16.5
      vertex 21.7068 14.504 16.5
    endloop
  endfacet
  facet normal 0 0 1
    outer loop
      vertex 23.4142 11.5466 16.5
      vertex 21.6205 10.662 16.5
      vertex 22.2715 9.22517 16.5
    endloop
  endfacet
  facet normal 0 0 1
    outer loop
      vertex 22.6089 13.0533 16.5
      vertex 20.8769 12.0533 16.5
      vertex 21.6205 10.662 16.5
    endloop
  endfacet
  facet normal 0 0 1
    outer loop
      vertex 20.0439 13.3929 16.5
      vertex 21.7068 14.504 16.5
      vertex 20.7117 15.8927 16.5
    endloop
  endfacet
  facet normal 0 0 1
    outer loop
      vertex 21.7068 14.504 16.5
      vertex 20.0439 13.3929 16.5
      vertex 20.8769 12.0533 16.5
    endloop
  endfacet
  facet normal 0 0 1
    outer loop
      vertex 19.125 14.6751 16.5
      vertex 20.7117 15.8927 16.5
      vertex 19.6279 17.2132 16.5
    endloop
  endfacet
  facet normal 0 0 1
    outer loop
      vertex 20.7117 15.8927 16.5
      vertex 19.125 14.6751 16.5
      vertex 20.0439 13.3929 16.5
    endloop
  endfacet
  facet normal 0 0 1
    outer loop
      vertex 18.1243 15.8945 16.5
      vertex 19.6279 17.2132 16.5
      vertex 18.4601 18.4601 16.5
    endloop
  endfacet
  facet normal 0 0 1
    outer loop
      vertex 19.6279 17.2132 16.5
      vertex 18.1243 15.8945 16.5
      vertex 19.125 14.6751 16.5
    endloop
  endfacet
  facet normal 0 0 1
    outer loop
      vertex 17.0459 17.0459 16.5
      vertex 18.4601 18.4601 16.5
      vertex 17.2132 19.6279 16.5
    endloop
  endfacet
  facet normal 0 0 1
    outer loop
      vertex 18.4601 18.4601 16.5
      vertex 17.0459 17.0459 16.5
      vertex 18.1243 15.8945 16.5
    endloop
  endfacet
  facet normal 0 0 1
    outer loop
      vertex 17.2132 19.6279 16.5
      vertex 15.8945 18.1243 16.5
      vertex 17.0459 17.0459 16.5
    endloop
  endfacet
  facet normal 0 0 1
    outer loop
      vertex 15.8927 20.7117 16.5
      vertex 15.8945 18.1243 16.5
      vertex 17.2132 19.6279 16.5
    endloop
  endfacet
  facet normal 0 0 1
    outer loop
      vertex 15.8927 20.7117 16.5
      vertex 14.6751 19.125 16.5
      vertex 15.8945 18.1243 16.5
    endloop
  endfacet
  facet normal 0 0 1
    outer loop
      vertex 14.504 21.7068 16.5
      vertex 14.6751 19.125 16.5
      vertex 15.8927 20.7117 16.5
    endloop
  endfacet
  facet normal 0 0 1
    outer loop
      vertex 14.504 21.7068 16.5
      vertex 13.3929 20.0439 16.5
      vertex 14.6751 19.125 16.5
    endloop
  endfacet
  facet normal 0 0 1
    outer loop
      vertex 13.0533 22.6089 16.5
      vertex 13.3929 20.0439 16.5
      vertex 14.504 21.7068 16.5
    endloop
  endfacet
  facet normal 0 0 1
    outer loop
      vertex 13.0533 22.6089 16.5
      vertex 12.0533 20.8769 16.5
      vertex 13.3929 20.0439 16.5
    endloop
  endfacet
  facet normal 0 0 1
    outer loop
      vertex 11.5466 23.4142 16.5
      vertex 12.0533 20.8769 16.5
      vertex 13.0533 22.6089 16.5
    endloop
  endfacet
  facet normal 0 0 1
    outer loop
      vertex 11.5466 23.4142 16.5
      vertex 10.662 21.6205 16.5
      vertex 12.0533 20.8769 16.5
    endloop
  endfacet
  facet normal 0 0 1
    outer loop
      vertex 9.99054 24.1193 16.5
      vertex 10.662 21.6205 16.5
      vertex 11.5466 23.4142 16.5
    endloop
  endfacet
  facet normal 0 0 1
    outer loop
      vertex 9.99054 24.1193 16.5
      vertex 9.22517 22.2715 16.5
      vertex 10.662 21.6205 16.5
    endloop
  endfacet
  facet normal 0 0 1
    outer loop
      vertex 8.39167 24.7211 16.5
      vertex 9.22517 22.2715 16.5
      vertex 9.99054 24.1193 16.5
    endloop
  endfacet
  facet normal 0 0 1
    outer loop
      vertex 8.39167 24.7211 16.5
      vertex 7.74879 22.8272 16.5
      vertex 9.22517 22.2715 16.5
    endloop
  endfacet
  facet normal 0 0 1
    outer loop
      vertex 6.75687 25.217 16.5
      vertex 7.74879 22.8272 16.5
      vertex 8.39167 24.7211 16.5
    endloop
  endfacet
  facet normal 0 0 1
    outer loop
      vertex 6.75687 25.217 16.5
      vertex 6.23923 23.2851 16.5
      vertex 7.74879 22.8272 16.5
    endloop
  endfacet
  facet normal 0 0 1
    outer loop
      vertex 5.09313 25.6049 16.5
      vertex 6.23923 23.2851 16.5
      vertex 6.75687 25.217 16.5
    endloop
  endfacet
  facet normal 0 0 1
    outer loop
      vertex 5.09313 25.6049 16.5
      vertex 4.70295 23.6433 16.5
      vertex 6.23923 23.2851 16.5
    endloop
  endfacet
  facet normal 0 0 1
    outer loop
      vertex 3.42596 25.8802 16.5
      vertex 4.70295 23.6433 16.5
      vertex 5.09313 25.6049 16.5
    endloop
  endfacet
  facet normal 0 0 1
    outer loop
      vertex 3.42596 25.8802 16.5
      vertex 3.14653 23.9003 16.5
      vertex 4.70295 23.6433 16.5
    endloop
  endfacet
  facet normal -0 0 1
    outer loop
      vertex 2.4664 28.6402 16.5
      vertex 4.70858 27.5345 16.5
      vertex 2.54067 28.8042 16.5
    endloop
  endfacet
  facet normal 0 0 1
    outer loop
      vertex 1.67409 32.0383 16.5
      vertex 3.196 34.0216 16.5
      vertex 2.91674 34.2218 16.5
    endloop
  endfacet
  facet normal 0 0 1
    outer loop
      vertex 4.70858 27.5345 16.5
      vertex 2.4664 28.6402 16.5
      vertex 4.54663 27.2315 16.5
    endloop
  endfacet
  facet normal -0 0 1
    outer loop
      vertex 2.38157 28.4815 16.5
      vertex 4.54663 27.2315 16.5
      vertex 2.4664 28.6402 16.5
    endloop
  endfacet
  facet normal 0 0 1
    outer loop
      vertex 4.54663 27.2315 16.5
      vertex 2.38157 28.4815 16.5
      vertex 4.36522 26.9398 16.5
    endloop
  endfacet
  facet normal -0 0 1
    outer loop
      vertex 2.28654 28.3287 16.5
      vertex 4.36522 26.9398 16.5
      vertex 2.38157 28.4815 16.5
    endloop
  endfacet
  facet normal 0 0 1
    outer loop
      vertex 4.36522 26.9398 16.5
      vertex 2.28654 28.3287 16.5
      vertex 4.1651 26.6605 16.5
    endloop
  endfacet
  facet normal -0 0 1
    outer loop
      vertex 2.18172 28.1824 16.5
      vertex 4.1651 26.6605 16.5
      vertex 2.28654 28.3287 16.5
    endloop
  endfacet
  facet normal 0 0 1
    outer loop
      vertex 4.1651 26.6605 16.5
      vertex 2.18172 28.1824 16.5
      vertex 3.94716 26.395 16.5
    endloop
  endfacet
  facet normal -0 0 1
    outer loop
      vertex 2.06756 28.0433 16.5
      vertex 3.94716 26.395 16.5
      vertex 2.18172 28.1824 16.5
    endloop
  endfacet
  facet normal 0 0 1
    outer loop
      vertex 3.94716 26.395 16.5
      vertex 2.06756 28.0433 16.5
      vertex 3.71231 26.1442 16.5
    endloop
  endfacet
  facet normal -0 0 1
    outer loop
      vertex 1.94454 27.912 16.5
      vertex 3.71231 26.1442 16.5
      vertex 2.06756 28.0433 16.5
    endloop
  endfacet
  facet normal 0 0 1
    outer loop
      vertex 3.71231 26.1442 16.5
      vertex 1.94454 27.912 16.5
      vertex 3.46157 25.9094 16.5
    endloop
  endfacet
  facet normal -0 0 1
    outer loop
      vertex 1.8132 27.789 16.5
      vertex 3.46157 25.9094 16.5
      vertex 1.94454 27.912 16.5
    endloop
  endfacet
  facet normal 0 0 1
    outer loop
      vertex 3.46157 25.9094 16.5
      vertex 1.8132 27.789 16.5
      vertex 3.42596 25.8802 16.5
    endloop
  endfacet
  facet normal -0 0 1
    outer loop
      vertex 1.67409 27.6748 16.5
      vertex 3.42596 25.8802 16.5
      vertex 1.8132 27.789 16.5
    endloop
  endfacet
  facet normal -0 0 1
    outer loop
      vertex 1.52782 27.57 16.5
      vertex 3.42596 25.8802 16.5
      vertex 1.67409 27.6748 16.5
    endloop
  endfacet
  facet normal -0 0 1
    outer loop
      vertex 1.375 27.475 16.5
      vertex 3.42596 25.8802 16.5
      vertex 1.52782 27.57 16.5
    endloop
  endfacet
  facet normal 0 0 1
    outer loop
      vertex 3.42596 25.8802 16.5
      vertex 1.57664 24.0549 16.5
      vertex 3.14653 23.9003 16.5
    endloop
  endfacet
  facet normal -0 0 1
    outer loop
      vertex 1.21629 27.3901 16.5
      vertex 3.42596 25.8802 16.5
      vertex 1.375 27.475 16.5
    endloop
  endfacet
  facet normal -0 0 1
    outer loop
      vertex 1.05238 27.3159 16.5
      vertex 3.42596 25.8802 16.5
      vertex 1.21629 27.3901 16.5
    endloop
  endfacet
  facet normal 0 0 1
    outer loop
      vertex 3.42596 25.8802 16.5
      vertex 1.05238 27.3159 16.5
      vertex 1.57664 24.0549 16.5
    endloop
  endfacet
  facet normal -0 0 1
    outer loop
      vertex 0.883958 27.2525 16.5
      vertex 1.57664 24.0549 16.5
      vertex 1.05238 27.3159 16.5
    endloop
  endfacet
  facet normal -0 0 1
    outer loop
      vertex 0.711752 27.2002 16.5
      vertex 1.57664 24.0549 16.5
      vertex 0.883958 27.2525 16.5
    endloop
  endfacet
  facet normal -0 0 1
    outer loop
      vertex 0.536498 27.1594 16.5
      vertex 1.57664 24.0549 16.5
      vertex 0.711752 27.2002 16.5
    endloop
  endfacet
  facet normal 0 0 1
    outer loop
      vertex 0 24.1065 16.5
      vertex 0.536498 27.1594 16.5
      vertex 0.358947 27.1301 16.5
    endloop
  endfacet
  facet normal 0 0 1
    outer loop
      vertex 0 24.1065 16.5
      vertex 0.358947 27.1301 16.5
      vertex 0.179858 27.1124 16.5
    endloop
  endfacet
  facet normal 0 0 1
    outer loop
      vertex 0 24.1065 16.5
      vertex 0.179858 27.1124 16.5
      vertex 0 27.1065 16.5
    endloop
  endfacet
  facet normal 0 0 1
    outer loop
      vertex 0.536498 27.1594 16.5
      vertex 0 24.1065 16.5
      vertex 1.57664 24.0549 16.5
    endloop
  endfacet
  facet normal 0 0 1
    outer loop
      vertex -0.179858 27.1124 16.5
      vertex 0 24.1065 16.5
      vertex 0 27.1065 16.5
    endloop
  endfacet
  facet normal 0 0 1
    outer loop
      vertex -0.358947 27.1301 16.5
      vertex 0 24.1065 16.5
      vertex -0.179858 27.1124 16.5
    endloop
  endfacet
  facet normal 0 0 1
    outer loop
      vertex -0.536498 27.1594 16.5
      vertex 0 24.1065 16.5
      vertex -0.358947 27.1301 16.5
    endloop
  endfacet
  facet normal 0 0 1
    outer loop
      vertex -1.57664 24.0549 16.5
      vertex -0.536498 27.1594 16.5
      vertex -0.711752 27.2002 16.5
    endloop
  endfacet
  facet normal 0 0 1
    outer loop
      vertex -1.57664 24.0549 16.5
      vertex -0.711752 27.2002 16.5
      vertex -0.883958 27.2525 16.5
    endloop
  endfacet
  facet normal 0 0 1
    outer loop
      vertex -1.57664 24.0549 16.5
      vertex -0.883958 27.2525 16.5
      vertex -1.05238 27.3159 16.5
    endloop
  endfacet
  facet normal 0 0 1
    outer loop
      vertex -3.42596 25.8802 16.5
      vertex -1.05238 27.3159 16.5
      vertex -1.21629 27.3901 16.5
    endloop
  endfacet
  facet normal 0 0 1
    outer loop
      vertex -3.42596 25.8802 16.5
      vertex -1.21629 27.3901 16.5
      vertex -1.375 27.475 16.5
    endloop
  endfacet
  facet normal 0 0 1
    outer loop
      vertex -3.42596 25.8802 16.5
      vertex -1.375 27.475 16.5
      vertex -1.52782 27.57 16.5
    endloop
  endfacet
  facet normal 0 0 1
    outer loop
      vertex -0.536498 27.1594 16.5
      vertex -1.57664 24.0549 16.5
      vertex 0 24.1065 16.5
    endloop
  endfacet
  facet normal 0 0 1
    outer loop
      vertex -3.42596 25.8802 16.5
      vertex -1.52782 27.57 16.5
      vertex -1.67409 27.6748 16.5
    endloop
  endfacet
  facet normal 0 0 1
    outer loop
      vertex -3.42596 25.8802 16.5
      vertex -1.67409 27.6748 16.5
      vertex -1.8132 27.789 16.5
    endloop
  endfacet
  facet normal 0 0 1
    outer loop
      vertex -3.46157 25.9094 16.5
      vertex -1.8132 27.789 16.5
      vertex -1.94454 27.912 16.5
    endloop
  endfacet
  facet normal 0 0 1
    outer loop
      vertex -3.71231 26.1442 16.5
      vertex -1.94454 27.912 16.5
      vertex -2.06756 28.0433 16.5
    endloop
  endfacet
  facet normal 0 0 1
    outer loop
      vertex -3.94716 26.395 16.5
      vertex -2.06756 28.0433 16.5
      vertex -2.18172 28.1824 16.5
    endloop
  endfacet
  facet normal 0 0 1
    outer loop
      vertex -4.1651 26.6605 16.5
      vertex -2.18172 28.1824 16.5
      vertex -2.28654 28.3287 16.5
    endloop
  endfacet
  facet normal 0 0 1
    outer loop
      vertex -4.36522 26.9398 16.5
      vertex -2.28654 28.3287 16.5
      vertex -2.38157 28.4815 16.5
    endloop
  endfacet
  facet normal 0 0 1
    outer loop
      vertex -4.54663 27.2315 16.5
      vertex -2.38157 28.4815 16.5
      vertex -2.4664 28.6402 16.5
    endloop
  endfacet
  facet normal 0 0 1
    outer loop
      vertex -4.70858 27.5345 16.5
      vertex -2.4664 28.6402 16.5
      vertex -2.54067 28.8042 16.5
    endloop
  endfacet
  facet normal 0 0 1
    outer loop
      vertex -4.85037 27.8475 16.5
      vertex -2.54067 28.8042 16.5
      vertex -2.60406 28.9726 16.5
    endloop
  endfacet
  facet normal 0 0 1
    outer loop
      vertex -4.97138 28.169 16.5
      vertex -2.60406 28.9726 16.5
      vertex -2.6563 29.1448 16.5
    endloop
  endfacet
  facet normal 0 0 1
    outer loop
      vertex -5.07111 28.4977 16.5
      vertex -2.6563 29.1448 16.5
      vertex -2.69716 29.32 16.5
    endloop
  endfacet
  facet normal -0 0 1
    outer loop
      vertex -4.70858 32.1786 16.5
      vertex -2.4664 31.0728 16.5
      vertex -4.54663 32.4815 16.5
    endloop
  endfacet
  facet normal 0 0 1
    outer loop
      vertex -1.05238 27.3159 16.5
      vertex -3.42596 25.8802 16.5
      vertex -1.57664 24.0549 16.5
    endloop
  endfacet
  facet normal 0 0 1
    outer loop
      vertex -5.14912 28.8323 16.5
      vertex -2.69716 29.32 16.5
      vertex -2.72647 29.4976 16.5
    endloop
  endfacet
  facet normal 0 0 1
    outer loop
      vertex -5.20508 29.1713 16.5
      vertex -2.72647 29.4976 16.5
      vertex -2.74411 29.6767 16.5
    endloop
  endfacet
  facet normal 0 0 1
    outer loop
      vertex -2.4664 31.0728 16.5
      vertex -4.70858 32.1786 16.5
      vertex -2.54067 30.9089 16.5
    endloop
  endfacet
  facet normal -0 0 1
    outer loop
      vertex -4.85037 31.8656 16.5
      vertex -2.54067 30.9089 16.5
      vertex -4.70858 32.1786 16.5
    endloop
  endfacet
  facet normal 0 0 1
    outer loop
      vertex -1.57664 24.0549 16.5
      vertex -3.42596 25.8802 16.5
      vertex -3.14653 23.9003 16.5
    endloop
  endfacet
  facet normal 0 0 1
    outer loop
      vertex -3.42596 25.8802 16.5
      vertex -4.70295 23.6433 16.5
      vertex -3.14653 23.9003 16.5
    endloop
  endfacet
  facet normal -0 0 1
    outer loop
      vertex -5.09313 25.6049 16.5
      vertex -4.70295 23.6433 16.5
      vertex -3.42596 25.8802 16.5
    endloop
  endfacet
  facet normal 0 0 1
    outer loop
      vertex -5.09313 25.6049 16.5
      vertex -6.23923 23.2851 16.5
      vertex -4.70295 23.6433 16.5
    endloop
  endfacet
  facet normal -0 0 1
    outer loop
      vertex -6.75687 25.217 16.5
      vertex -6.23923 23.2851 16.5
      vertex -5.09313 25.6049 16.5
    endloop
  endfacet
  facet normal 0 0 1
    outer loop
      vertex -6.75687 25.217 16.5
      vertex -7.74879 22.8272 16.5
      vertex -6.23923 23.2851 16.5
    endloop
  endfacet
  facet normal -0 0 1
    outer loop
      vertex -8.39167 24.7211 16.5
      vertex -7.74879 22.8272 16.5
      vertex -6.75687 25.217 16.5
    endloop
  endfacet
  facet normal 0 0 1
    outer loop
      vertex -8.39167 24.7211 16.5
      vertex -9.22517 22.2715 16.5
      vertex -7.74879 22.8272 16.5
    endloop
  endfacet
  facet normal -0 0 1
    outer loop
      vertex -9.99054 24.1193 16.5
      vertex -9.22517 22.2715 16.5
      vertex -8.39167 24.7211 16.5
    endloop
  endfacet
  facet normal 0 0 1
    outer loop
      vertex -9.99054 24.1193 16.5
      vertex -10.662 21.6205 16.5
      vertex -9.22517 22.2715 16.5
    endloop
  endfacet
  facet normal -0 0 1
    outer loop
      vertex -11.5466 23.4142 16.5
      vertex -10.662 21.6205 16.5
      vertex -9.99054 24.1193 16.5
    endloop
  endfacet
  facet normal 0 0 1
    outer loop
      vertex -11.5466 23.4142 16.5
      vertex -12.0533 20.8769 16.5
      vertex -10.662 21.6205 16.5
    endloop
  endfacet
  facet normal -0 0 1
    outer loop
      vertex -13.0533 22.6089 16.5
      vertex -12.0533 20.8769 16.5
      vertex -11.5466 23.4142 16.5
    endloop
  endfacet
  facet normal 0 0 1
    outer loop
      vertex -13.0533 22.6089 16.5
      vertex -13.3929 20.0439 16.5
      vertex -12.0533 20.8769 16.5
    endloop
  endfacet
  facet normal -0 0 1
    outer loop
      vertex -14.504 21.7068 16.5
      vertex -13.3929 20.0439 16.5
      vertex -13.0533 22.6089 16.5
    endloop
  endfacet
  facet normal 0 0 1
    outer loop
      vertex -14.504 21.7068 16.5
      vertex -14.6751 19.125 16.5
      vertex -13.3929 20.0439 16.5
    endloop
  endfacet
  facet normal -0 0 1
    outer loop
      vertex -15.8927 20.7117 16.5
      vertex -14.6751 19.125 16.5
      vertex -14.504 21.7068 16.5
    endloop
  endfacet
  facet normal 0 0 1
    outer loop
      vertex -15.8927 20.7117 16.5
      vertex -15.8945 18.1243 16.5
      vertex -14.6751 19.125 16.5
    endloop
  endfacet
  facet normal -0 0 1
    outer loop
      vertex -17.2132 19.6279 16.5
      vertex -15.8945 18.1243 16.5
      vertex -15.8927 20.7117 16.5
    endloop
  endfacet
  facet normal 0 0 1
    outer loop
      vertex -15.8945 18.1243 16.5
      vertex -17.2132 19.6279 16.5
      vertex -17.0459 17.0459 16.5
    endloop
  endfacet
  facet normal -0 0 1
    outer loop
      vertex -18.4601 18.4601 16.5
      vertex -17.0459 17.0459 16.5
      vertex -17.2132 19.6279 16.5
    endloop
  endfacet
  facet normal 0 0 1
    outer loop
      vertex -17.0459 17.0459 16.5
      vertex -18.4601 18.4601 16.5
      vertex -18.1243 15.8945 16.5
    endloop
  endfacet
  facet normal -0 0 1
    outer loop
      vertex -19.6279 17.2132 16.5
      vertex -18.1243 15.8945 16.5
      vertex -18.4601 18.4601 16.5
    endloop
  endfacet
  facet normal 0 0 1
    outer loop
      vertex -18.1243 15.8945 16.5
      vertex -19.6279 17.2132 16.5
      vertex -19.125 14.6751 16.5
    endloop
  endfacet
  facet normal -0 0 1
    outer loop
      vertex -20.7117 15.8927 16.5
      vertex -19.125 14.6751 16.5
      vertex -19.6279 17.2132 16.5
    endloop
  endfacet
  facet normal 0 0 1
    outer loop
      vertex -19.125 14.6751 16.5
      vertex -20.7117 15.8927 16.5
      vertex -20.0439 13.3929 16.5
    endloop
  endfacet
  facet normal -0 0 1
    outer loop
      vertex -21.7068 14.504 16.5
      vertex -20.0439 13.3929 16.5
      vertex -20.7117 15.8927 16.5
    endloop
  endfacet
  facet normal 0 0 1
    outer loop
      vertex -20.0439 13.3929 16.5
      vertex -21.7068 14.504 16.5
      vertex -20.8769 12.0533 16.5
    endloop
  endfacet
  facet normal -0 0 1
    outer loop
      vertex -22.6089 13.0533 16.5
      vertex -20.8769 12.0533 16.5
      vertex -21.7068 14.504 16.5
    endloop
  endfacet
  facet normal 0 0 1
    outer loop
      vertex -20.8769 12.0533 16.5
      vertex -22.6089 13.0533 16.5
      vertex -21.6205 10.662 16.5
    endloop
  endfacet
  facet normal -0 0 1
    outer loop
      vertex -23.4142 11.5466 16.5
      vertex -21.6205 10.662 16.5
      vertex -22.6089 13.0533 16.5
    endloop
  endfacet
  facet normal 0 0 1
    outer loop
      vertex -21.6205 10.662 16.5
      vertex -23.4142 11.5466 16.5
      vertex -22.2715 9.22517 16.5
    endloop
  endfacet
  facet normal -0 0 1
    outer loop
      vertex -24.1193 9.99054 16.5
      vertex -22.2715 9.22517 16.5
      vertex -23.4142 11.5466 16.5
    endloop
  endfacet
  facet normal 0 0 1
    outer loop
      vertex -22.2715 9.22517 16.5
      vertex -24.1193 9.99054 16.5
      vertex -22.8272 7.74879 16.5
    endloop
  endfacet
  facet normal -0 0 1
    outer loop
      vertex -24.7211 8.39167 16.5
      vertex -22.8272 7.74879 16.5
      vertex -24.1193 9.99054 16.5
    endloop
  endfacet
  facet normal 0 0 1
    outer loop
      vertex -22.8272 7.74879 16.5
      vertex -24.7211 8.39167 16.5
      vertex -23.2851 6.23923 16.5
    endloop
  endfacet
  facet normal -0 0 1
    outer loop
      vertex -25.217 6.75687 16.5
      vertex -23.2851 6.23923 16.5
      vertex -24.7211 8.39167 16.5
    endloop
  endfacet
  facet normal -0 0 1
    outer loop
      vertex -25.6049 5.09313 16.5
      vertex -23.6433 4.70295 16.5
      vertex -25.217 6.75687 16.5
    endloop
  endfacet
  facet normal 0 0 1
    outer loop
      vertex -23.2851 6.23923 16.5
      vertex -25.217 6.75687 16.5
      vertex -23.6433 4.70295 16.5
    endloop
  endfacet
  facet normal 0 0 1
    outer loop
      vertex 25.6049 -5.09313 16.5
      vertex 23.6433 -4.70295 16.5
      vertex 25.217 -6.75687 16.5
    endloop
  endfacet
  facet normal -0 0 1
    outer loop
      vertex 23.2851 -6.23923 16.5
      vertex 25.217 -6.75687 16.5
      vertex 23.6433 -4.70295 16.5
    endloop
  endfacet
  facet normal 0 0 1
    outer loop
      vertex 25.217 -6.75687 16.5
      vertex 23.2851 -6.23923 16.5
      vertex 24.7211 -8.39167 16.5
    endloop
  endfacet
  facet normal -0 0 1
    outer loop
      vertex 22.8272 -7.74879 16.5
      vertex 24.7211 -8.39167 16.5
      vertex 23.2851 -6.23923 16.5
    endloop
  endfacet
  facet normal 0 0 1
    outer loop
      vertex 24.7211 -8.39167 16.5
      vertex 22.8272 -7.74879 16.5
      vertex 24.1193 -9.99054 16.5
    endloop
  endfacet
  facet normal -0 0 1
    outer loop
      vertex 22.2715 -9.22517 16.5
      vertex 24.1193 -9.99054 16.5
      vertex 22.8272 -7.74879 16.5
    endloop
  endfacet
  facet normal 0 0 1
    outer loop
      vertex 24.1193 -9.99054 16.5
      vertex 22.2715 -9.22517 16.5
      vertex 23.4142 -11.5466 16.5
    endloop
  endfacet
  facet normal -0 0 1
    outer loop
      vertex 21.6205 -10.662 16.5
      vertex 23.4142 -11.5466 16.5
      vertex 22.2715 -9.22517 16.5
    endloop
  endfacet
  facet normal 0 0 1
    outer loop
      vertex 23.4142 -11.5466 16.5
      vertex 21.6205 -10.662 16.5
      vertex 22.6089 -13.0533 16.5
    endloop
  endfacet
  facet normal -0 0 1
    outer loop
      vertex 20.8769 -12.0533 16.5
      vertex 22.6089 -13.0533 16.5
      vertex 21.6205 -10.662 16.5
    endloop
  endfacet
  facet normal 0 0 1
    outer loop
      vertex 22.6089 -13.0533 16.5
      vertex 20.8769 -12.0533 16.5
      vertex 21.7068 -14.504 16.5
    endloop
  endfacet
  facet normal -0 0 1
    outer loop
      vertex 20.0439 -13.3929 16.5
      vertex 21.7068 -14.504 16.5
      vertex 20.8769 -12.0533 16.5
    endloop
  endfacet
  facet normal 0 0 1
    outer loop
      vertex 21.7068 -14.504 16.5
      vertex 20.0439 -13.3929 16.5
      vertex 20.7117 -15.8927 16.5
    endloop
  endfacet
  facet normal -0 0 1
    outer loop
      vertex 19.125 -14.6751 16.5
      vertex 20.7117 -15.8927 16.5
      vertex 20.0439 -13.3929 16.5
    endloop
  endfacet
  facet normal 0 0 1
    outer loop
      vertex 20.7117 -15.8927 16.5
      vertex 19.125 -14.6751 16.5
      vertex 19.6279 -17.2132 16.5
    endloop
  endfacet
  facet normal -0 0 1
    outer loop
      vertex 18.1243 -15.8945 16.5
      vertex 19.6279 -17.2132 16.5
      vertex 19.125 -14.6751 16.5
    endloop
  endfacet
  facet normal 0 0 1
    outer loop
      vertex 19.6279 -17.2132 16.5
      vertex 18.1243 -15.8945 16.5
      vertex 18.4601 -18.4601 16.5
    endloop
  endfacet
  facet normal -0 0 1
    outer loop
      vertex 17.0459 -17.0459 16.5
      vertex 18.4601 -18.4601 16.5
      vertex 18.1243 -15.8945 16.5
    endloop
  endfacet
  facet normal 0 0 1
    outer loop
      vertex 18.4601 -18.4601 16.5
      vertex 17.0459 -17.0459 16.5
      vertex 17.2132 -19.6279 16.5
    endloop
  endfacet
  facet normal -0 0 1
    outer loop
      vertex 15.8945 -18.1243 16.5
      vertex 17.2132 -19.6279 16.5
      vertex 17.0459 -17.0459 16.5
    endloop
  endfacet
  facet normal 0 0 1
    outer loop
      vertex 15.8945 -18.1243 16.5
      vertex 15.8927 -20.7117 16.5
      vertex 17.2132 -19.6279 16.5
    endloop
  endfacet
  facet normal -0 0 1
    outer loop
      vertex 14.6751 -19.125 16.5
      vertex 15.8927 -20.7117 16.5
      vertex 15.8945 -18.1243 16.5
    endloop
  endfacet
  facet normal 0 0 1
    outer loop
      vertex 14.6751 -19.125 16.5
      vertex 14.504 -21.7068 16.5
      vertex 15.8927 -20.7117 16.5
    endloop
  endfacet
  facet normal -0 0 1
    outer loop
      vertex 13.3929 -20.0439 16.5
      vertex 14.504 -21.7068 16.5
      vertex 14.6751 -19.125 16.5
    endloop
  endfacet
  facet normal 0 0 1
    outer loop
      vertex 13.3929 -20.0439 16.5
      vertex 13.0533 -22.6089 16.5
      vertex 14.504 -21.7068 16.5
    endloop
  endfacet
  facet normal -0 0 1
    outer loop
      vertex 12.0533 -20.8769 16.5
      vertex 13.0533 -22.6089 16.5
      vertex 13.3929 -20.0439 16.5
    endloop
  endfacet
  facet normal 0 0 1
    outer loop
      vertex 12.0533 -20.8769 16.5
      vertex 11.5466 -23.4142 16.5
      vertex 13.0533 -22.6089 16.5
    endloop
  endfacet
  facet normal -0 0 1
    outer loop
      vertex 10.662 -21.6205 16.5
      vertex 11.5466 -23.4142 16.5
      vertex 12.0533 -20.8769 16.5
    endloop
  endfacet
  facet normal 0 0 1
    outer loop
      vertex 10.662 -21.6205 16.5
      vertex 9.99054 -24.1193 16.5
      vertex 11.5466 -23.4142 16.5
    endloop
  endfacet
  facet normal -0 0 1
    outer loop
      vertex 9.22517 -22.2715 16.5
      vertex 9.99054 -24.1193 16.5
      vertex 10.662 -21.6205 16.5
    endloop
  endfacet
  facet normal 0 0 1
    outer loop
      vertex 9.22517 -22.2715 16.5
      vertex 8.39167 -24.7211 16.5
      vertex 9.99054 -24.1193 16.5
    endloop
  endfacet
  facet normal -0 0 1
    outer loop
      vertex 7.74879 -22.8272 16.5
      vertex 8.39167 -24.7211 16.5
      vertex 9.22517 -22.2715 16.5
    endloop
  endfacet
  facet normal 0 0 1
    outer loop
      vertex 7.74879 -22.8272 16.5
      vertex 6.75687 -25.217 16.5
      vertex 8.39167 -24.7211 16.5
    endloop
  endfacet
  facet normal -0 0 1
    outer loop
      vertex 6.23923 -23.2851 16.5
      vertex 6.75687 -25.217 16.5
      vertex 7.74879 -22.8272 16.5
    endloop
  endfacet
  facet normal 0 0 1
    outer loop
      vertex 6.23923 -23.2851 16.5
      vertex 5.09313 -25.6049 16.5
      vertex 6.75687 -25.217 16.5
    endloop
  endfacet
  facet normal -0 0 1
    outer loop
      vertex 4.70295 -23.6433 16.5
      vertex 5.09313 -25.6049 16.5
      vertex 6.23923 -23.2851 16.5
    endloop
  endfacet
  facet normal 0 0 1
    outer loop
      vertex 4.70295 -23.6433 16.5
      vertex 3.40759 -25.8832 16.5
      vertex 5.09313 -25.6049 16.5
    endloop
  endfacet
  facet normal -0 0 1
    outer loop
      vertex 3.14653 -23.9003 16.5
      vertex 3.40759 -25.8832 16.5
      vertex 4.70295 -23.6433 16.5
    endloop
  endfacet
  facet normal 0 0 1
    outer loop
      vertex 3.14653 -23.9003 16.5
      vertex 1.70745 -26.0506 16.5
      vertex 3.40759 -25.8832 16.5
    endloop
  endfacet
  facet normal -0 0 1
    outer loop
      vertex 1.57664 -24.0549 16.5
      vertex 1.70745 -26.0506 16.5
      vertex 3.14653 -23.9003 16.5
    endloop
  endfacet
  facet normal -0 0 1
    outer loop
      vertex 0 -24.1065 16.5
      vertex 1.70745 -26.0506 16.5
      vertex 1.57664 -24.0549 16.5
    endloop
  endfacet
  facet normal 0 0 1
    outer loop
      vertex 0 -24.1065 16.5
      vertex 0 -26.1065 16.5
      vertex 1.70745 -26.0506 16.5
    endloop
  endfacet
  facet normal 0 0 1
    outer loop
      vertex -1.57664 -24.0549 16.5
      vertex 0 -26.1065 16.5
      vertex 0 -24.1065 16.5
    endloop
  endfacet
  facet normal 0 0 1
    outer loop
      vertex -1.57664 -24.0549 16.5
      vertex -1.70745 -26.0506 16.5
      vertex 0 -26.1065 16.5
    endloop
  endfacet
  facet normal 0 0 1
    outer loop
      vertex -3.14653 -23.9003 16.5
      vertex -1.70745 -26.0506 16.5
      vertex -1.57664 -24.0549 16.5
    endloop
  endfacet
  facet normal 0 0 1
    outer loop
      vertex -3.14653 -23.9003 16.5
      vertex -3.40759 -25.8832 16.5
      vertex -1.70745 -26.0506 16.5
    endloop
  endfacet
  facet normal 0 0 1
    outer loop
      vertex -4.70295 -23.6433 16.5
      vertex -3.40759 -25.8832 16.5
      vertex -3.14653 -23.9003 16.5
    endloop
  endfacet
  facet normal 0 0 1
    outer loop
      vertex -4.70295 -23.6433 16.5
      vertex -5.09313 -25.6049 16.5
      vertex -3.40759 -25.8832 16.5
    endloop
  endfacet
  facet normal 0 0 1
    outer loop
      vertex -6.23923 -23.2851 16.5
      vertex -5.09313 -25.6049 16.5
      vertex -4.70295 -23.6433 16.5
    endloop
  endfacet
  facet normal 0 0 1
    outer loop
      vertex -6.23923 -23.2851 16.5
      vertex -6.75687 -25.217 16.5
      vertex -5.09313 -25.6049 16.5
    endloop
  endfacet
  facet normal 0 0 1
    outer loop
      vertex -7.74879 -22.8272 16.5
      vertex -6.75687 -25.217 16.5
      vertex -6.23923 -23.2851 16.5
    endloop
  endfacet
  facet normal 0 0 1
    outer loop
      vertex -7.74879 -22.8272 16.5
      vertex -8.39167 -24.7211 16.5
      vertex -6.75687 -25.217 16.5
    endloop
  endfacet
  facet normal 0 0 1
    outer loop
      vertex -9.22517 -22.2715 16.5
      vertex -8.39167 -24.7211 16.5
      vertex -7.74879 -22.8272 16.5
    endloop
  endfacet
  facet normal 0 0 1
    outer loop
      vertex -9.22517 -22.2715 16.5
      vertex -9.99054 -24.1193 16.5
      vertex -8.39167 -24.7211 16.5
    endloop
  endfacet
  facet normal 0 0 1
    outer loop
      vertex -10.662 -21.6205 16.5
      vertex -9.99054 -24.1193 16.5
      vertex -9.22517 -22.2715 16.5
    endloop
  endfacet
  facet normal 0 0 1
    outer loop
      vertex -10.662 -21.6205 16.5
      vertex -11.5466 -23.4142 16.5
      vertex -9.99054 -24.1193 16.5
    endloop
  endfacet
  facet normal 0 0 1
    outer loop
      vertex -12.0533 -20.8769 16.5
      vertex -11.5466 -23.4142 16.5
      vertex -10.662 -21.6205 16.5
    endloop
  endfacet
  facet normal 0 0 1
    outer loop
      vertex -12.0533 -20.8769 16.5
      vertex -13.0533 -22.6089 16.5
      vertex -11.5466 -23.4142 16.5
    endloop
  endfacet
  facet normal 0 0 1
    outer loop
      vertex -13.3929 -20.0439 16.5
      vertex -13.0533 -22.6089 16.5
      vertex -12.0533 -20.8769 16.5
    endloop
  endfacet
  facet normal 0 0 1
    outer loop
      vertex -13.3929 -20.0439 16.5
      vertex -14.504 -21.7068 16.5
      vertex -13.0533 -22.6089 16.5
    endloop
  endfacet
  facet normal 0 0 1
    outer loop
      vertex -14.6751 -19.125 16.5
      vertex -14.504 -21.7068 16.5
      vertex -13.3929 -20.0439 16.5
    endloop
  endfacet
  facet normal 0 0 1
    outer loop
      vertex -14.6751 -19.125 16.5
      vertex -15.8927 -20.7117 16.5
      vertex -14.504 -21.7068 16.5
    endloop
  endfacet
  facet normal 0 0 1
    outer loop
      vertex -15.8945 -18.1243 16.5
      vertex -15.8927 -20.7117 16.5
      vertex -14.6751 -19.125 16.5
    endloop
  endfacet
  facet normal 0 0 1
    outer loop
      vertex -17.2132 -19.6279 16.5
      vertex -15.8945 -18.1243 16.5
      vertex -17.0459 -17.0459 16.5
    endloop
  endfacet
  facet normal 0 0 1
    outer loop
      vertex -15.8945 -18.1243 16.5
      vertex -17.2132 -19.6279 16.5
      vertex -15.8927 -20.7117 16.5
    endloop
  endfacet
  facet normal 0 0 1
    outer loop
      vertex -18.4601 -18.4601 16.5
      vertex -17.0459 -17.0459 16.5
      vertex -18.1243 -15.8945 16.5
    endloop
  endfacet
  facet normal 0 0 1
    outer loop
      vertex -17.0459 -17.0459 16.5
      vertex -18.4601 -18.4601 16.5
      vertex -17.2132 -19.6279 16.5
    endloop
  endfacet
  facet normal 0 0 1
    outer loop
      vertex -19.6279 -17.2132 16.5
      vertex -18.1243 -15.8945 16.5
      vertex -19.125 -14.6751 16.5
    endloop
  endfacet
  facet normal 0 0 1
    outer loop
      vertex -18.1243 -15.8945 16.5
      vertex -19.6279 -17.2132 16.5
      vertex -18.4601 -18.4601 16.5
    endloop
  endfacet
  facet normal 0 0 1
    outer loop
      vertex -20.7117 -15.8927 16.5
      vertex -19.125 -14.6751 16.5
      vertex -20.0439 -13.3929 16.5
    endloop
  endfacet
  facet normal 0 0 1
    outer loop
      vertex -19.125 -14.6751 16.5
      vertex -20.7117 -15.8927 16.5
      vertex -19.6279 -17.2132 16.5
    endloop
  endfacet
  facet normal 0 0 1
    outer loop
      vertex -21.7068 -14.504 16.5
      vertex -20.0439 -13.3929 16.5
      vertex -20.8769 -12.0533 16.5
    endloop
  endfacet
  facet normal 0 0 1
    outer loop
      vertex -22.6089 -13.0533 16.5
      vertex -20.8769 -12.0533 16.5
      vertex -21.6205 -10.662 16.5
    endloop
  endfacet
  facet normal 0 0 1
    outer loop
      vertex -20.0439 -13.3929 16.5
      vertex -21.7068 -14.504 16.5
      vertex -20.7117 -15.8927 16.5
    endloop
  endfacet
  facet normal 0 0 1
    outer loop
      vertex -23.4142 -11.5466 16.5
      vertex -21.6205 -10.662 16.5
      vertex -22.2715 -9.22517 16.5
    endloop
  endfacet
  facet normal 0 0 1
    outer loop
      vertex -20.8769 -12.0533 16.5
      vertex -22.6089 -13.0533 16.5
      vertex -21.7068 -14.504 16.5
    endloop
  endfacet
  facet normal 0 0 1
    outer loop
      vertex -24.1193 -9.99054 16.5
      vertex -22.2715 -9.22517 16.5
      vertex -22.8272 -7.74879 16.5
    endloop
  endfacet
  facet normal 0 0 1
    outer loop
      vertex -24.7211 -8.39167 16.5
      vertex -22.8272 -7.74879 16.5
      vertex -23.2851 -6.23923 16.5
    endloop
  endfacet
  facet normal 0 0 1
    outer loop
      vertex -21.6205 -10.662 16.5
      vertex -23.4142 -11.5466 16.5
      vertex -22.6089 -13.0533 16.5
    endloop
  endfacet
  facet normal 0 0 1
    outer loop
      vertex -25.217 -6.75687 16.5
      vertex -23.2851 -6.23923 16.5
      vertex -23.6433 -4.70295 16.5
    endloop
  endfacet
  facet normal 0 0 1
    outer loop
      vertex -25.6049 -5.09313 16.5
      vertex -23.6433 -4.70295 16.5
      vertex -23.9003 -3.14653 16.5
    endloop
  endfacet
  facet normal 0 0 1
    outer loop
      vertex -25.8832 -3.40759 16.5
      vertex -23.9003 -3.14653 16.5
      vertex -24.0549 -1.57664 16.5
    endloop
  endfacet
  facet normal 0 0 1
    outer loop
      vertex -22.2715 -9.22517 16.5
      vertex -24.1193 -9.99054 16.5
      vertex -23.4142 -11.5466 16.5
    endloop
  endfacet
  facet normal 0 0 1
    outer loop
      vertex -26.0506 -1.70745 16.5
      vertex -24.0549 -1.57664 16.5
      vertex -24.1065 0 16.5
    endloop
  endfacet
  facet normal 0 0 1
    outer loop
      vertex -23.6433 4.70295 16.5
      vertex -25.6049 5.09313 16.5
      vertex -23.9003 3.14653 16.5
    endloop
  endfacet
  facet normal -0 0 1
    outer loop
      vertex -25.8832 3.40759 16.5
      vertex -23.9003 3.14653 16.5
      vertex -25.6049 5.09313 16.5
    endloop
  endfacet
  facet normal 0 0 1
    outer loop
      vertex -22.8272 -7.74879 16.5
      vertex -24.7211 -8.39167 16.5
      vertex -24.1193 -9.99054 16.5
    endloop
  endfacet
  facet normal 0 0 1
    outer loop
      vertex -23.9003 3.14653 16.5
      vertex -25.8832 3.40759 16.5
      vertex -24.0549 1.57664 16.5
    endloop
  endfacet
  facet normal 0 0 1
    outer loop
      vertex -23.2851 -6.23923 16.5
      vertex -25.217 -6.75687 16.5
      vertex -24.7211 -8.39167 16.5
    endloop
  endfacet
  facet normal -0 0 1
    outer loop
      vertex -26.0506 1.70745 16.5
      vertex -24.0549 1.57664 16.5
      vertex -25.8832 3.40759 16.5
    endloop
  endfacet
  facet normal 0 0 1
    outer loop
      vertex -23.6433 -4.70295 16.5
      vertex -25.6049 -5.09313 16.5
      vertex -25.217 -6.75687 16.5
    endloop
  endfacet
  facet normal 0 0 1
    outer loop
      vertex -24.0549 1.57664 16.5
      vertex -26.0506 1.70745 16.5
      vertex -24.1065 0 16.5
    endloop
  endfacet
  facet normal 0 0 1
    outer loop
      vertex -23.9003 -3.14653 16.5
      vertex -25.8832 -3.40759 16.5
      vertex -25.6049 -5.09313 16.5
    endloop
  endfacet
  facet normal 0 0 1
    outer loop
      vertex -26.1065 0 16.5
      vertex -24.1065 0 16.5
      vertex -26.0506 1.70745 16.5
    endloop
  endfacet
  facet normal 0 0 1
    outer loop
      vertex -24.0549 -1.57664 16.5
      vertex -26.0506 -1.70745 16.5
      vertex -25.8832 -3.40759 16.5
    endloop
  endfacet
  facet normal 0 0 1
    outer loop
      vertex -24.1065 0 16.5
      vertex -26.1065 0 16.5
      vertex -26.0506 -1.70745 16.5
    endloop
  endfacet
  facet normal 0 0 1
    outer loop
      vertex -2.54067 30.9089 16.5
      vertex -4.85037 31.8656 16.5
      vertex -2.60406 30.7405 16.5
    endloop
  endfacet
  facet normal -0 0 1
    outer loop
      vertex -4.97138 31.5441 16.5
      vertex -2.60406 30.7405 16.5
      vertex -4.85037 31.8656 16.5
    endloop
  endfacet
  facet normal 0 0 1
    outer loop
      vertex -1.94454 27.912 16.5
      vertex -3.71231 26.1442 16.5
      vertex -3.46157 25.9094 16.5
    endloop
  endfacet
  facet normal 0 0 1
    outer loop
      vertex -1.8132 27.789 16.5
      vertex -3.46157 25.9094 16.5
      vertex -3.42596 25.8802 16.5
    endloop
  endfacet
  facet normal 0 0 1
    outer loop
      vertex -2.60406 30.7405 16.5
      vertex -4.97138 31.5441 16.5
      vertex -2.6563 30.5683 16.5
    endloop
  endfacet
  facet normal 0 0 1
    outer loop
      vertex -2.06756 28.0433 16.5
      vertex -3.94716 26.395 16.5
      vertex -3.71231 26.1442 16.5
    endloop
  endfacet
  facet normal -0 0 1
    outer loop
      vertex -5.07111 31.2153 16.5
      vertex -2.6563 30.5683 16.5
      vertex -4.97138 31.5441 16.5
    endloop
  endfacet
  facet normal 0 0 1
    outer loop
      vertex -2.18172 28.1824 16.5
      vertex -4.1651 26.6605 16.5
      vertex -3.94716 26.395 16.5
    endloop
  endfacet
  facet normal 0 0 1
    outer loop
      vertex -2.6563 30.5683 16.5
      vertex -5.07111 31.2153 16.5
      vertex -2.69716 30.393 16.5
    endloop
  endfacet
  facet normal 0 0 1
    outer loop
      vertex -2.28654 28.3287 16.5
      vertex -4.36522 26.9398 16.5
      vertex -4.1651 26.6605 16.5
    endloop
  endfacet
  facet normal -0 0 1
    outer loop
      vertex -5.14912 30.8808 16.5
      vertex -2.69716 30.393 16.5
      vertex -5.07111 31.2153 16.5
    endloop
  endfacet
  facet normal 0 0 1
    outer loop
      vertex -2.38157 28.4815 16.5
      vertex -4.54663 27.2315 16.5
      vertex -4.36522 26.9398 16.5
    endloop
  endfacet
  facet normal 0 0 1
    outer loop
      vertex -2.69716 30.393 16.5
      vertex -5.14912 30.8808 16.5
      vertex -2.72647 30.2155 16.5
    endloop
  endfacet
  facet normal 0 0 1
    outer loop
      vertex -2.4664 28.6402 16.5
      vertex -4.70858 27.5345 16.5
      vertex -4.54663 27.2315 16.5
    endloop
  endfacet
  facet normal -0 0 1
    outer loop
      vertex -5.20508 30.5418 16.5
      vertex -2.72647 30.2155 16.5
      vertex -5.14912 30.8808 16.5
    endloop
  endfacet
  facet normal 0 0 1
    outer loop
      vertex -2.54067 28.8042 16.5
      vertex -4.85037 27.8475 16.5
      vertex -4.70858 27.5345 16.5
    endloop
  endfacet
  facet normal 0 0 1
    outer loop
      vertex -2.72647 30.2155 16.5
      vertex -5.20508 30.5418 16.5
      vertex -2.74411 30.0364 16.5
    endloop
  endfacet
  facet normal 0 0 1
    outer loop
      vertex -2.60406 28.9726 16.5
      vertex -4.97138 28.169 16.5
      vertex -4.85037 27.8475 16.5
    endloop
  endfacet
  facet normal -0 0 1
    outer loop
      vertex -5.23876 30.1999 16.5
      vertex -2.74411 30.0364 16.5
      vertex -5.20508 30.5418 16.5
    endloop
  endfacet
  facet normal 0 0 1
    outer loop
      vertex -2.6563 29.1448 16.5
      vertex -5.07111 28.4977 16.5
      vertex -4.97138 28.169 16.5
    endloop
  endfacet
  facet normal 0 0 1
    outer loop
      vertex -2.74411 30.0364 16.5
      vertex -5.23876 30.1999 16.5
      vertex -2.75 29.8565 16.5
    endloop
  endfacet
  facet normal 0 0 1
    outer loop
      vertex -2.69716 29.32 16.5
      vertex -5.14912 28.8323 16.5
      vertex -5.07111 28.4977 16.5
    endloop
  endfacet
  facet normal 0 0 1
    outer loop
      vertex -5.25 29.8565 16.5
      vertex -2.75 29.8565 16.5
      vertex -5.23876 30.1999 16.5
    endloop
  endfacet
  facet normal 0 0 1
    outer loop
      vertex -2.72647 29.4976 16.5
      vertex -5.20508 29.1713 16.5
      vertex -5.14912 28.8323 16.5
    endloop
  endfacet
  facet normal 0 0 1
    outer loop
      vertex -2.75 29.8565 16.5
      vertex -5.25 29.8565 16.5
      vertex -2.74411 29.6767 16.5
    endloop
  endfacet
  facet normal 0 0 1
    outer loop
      vertex -2.74411 29.6767 16.5
      vertex -5.23876 29.5132 16.5
      vertex -5.20508 29.1713 16.5
    endloop
  endfacet
  facet normal 0 0 1
    outer loop
      vertex -2.74411 29.6767 16.5
      vertex -5.25 29.8565 16.5
      vertex -5.23876 29.5132 16.5
    endloop
  endfacet
  facet normal 0 0 1
    outer loop
      vertex 5.23876 30.1999 16.5
      vertex 2.74411 30.0364 16.5
      vertex 2.75 29.8565 16.5
    endloop
  endfacet
  facet normal 0 0 1
    outer loop
      vertex 5.20508 30.5418 16.5
      vertex 2.72647 30.2155 16.5
      vertex 2.74411 30.0364 16.5
    endloop
  endfacet
  facet normal 0 0 1
    outer loop
      vertex 5.14912 30.8808 16.5
      vertex 2.69716 30.393 16.5
      vertex 2.72647 30.2155 16.5
    endloop
  endfacet
  facet normal 0 0 1
    outer loop
      vertex 5.07111 31.2153 16.5
      vertex 2.6563 30.5683 16.5
      vertex 2.69716 30.393 16.5
    endloop
  endfacet
  facet normal 0 0 1
    outer loop
      vertex 1.52782 32.1431 16.5
      vertex 2.91674 34.2218 16.5
      vertex 2.625 34.4032 16.5
    endloop
  endfacet
  facet normal 0 0 1
    outer loop
      vertex 4.97138 31.5441 16.5
      vertex 2.60406 30.7405 16.5
      vertex 2.6563 30.5683 16.5
    endloop
  endfacet
  facet normal 0 0 1
    outer loop
      vertex 4.85037 31.8656 16.5
      vertex 2.54067 30.9089 16.5
      vertex 2.60406 30.7405 16.5
    endloop
  endfacet
  facet normal 0 0 1
    outer loop
      vertex 4.70858 32.1786 16.5
      vertex 2.4664 31.0728 16.5
      vertex 2.54067 30.9089 16.5
    endloop
  endfacet
  facet normal 0 0 1
    outer loop
      vertex 4.54663 32.4815 16.5
      vertex 2.38157 31.2315 16.5
      vertex 2.4664 31.0728 16.5
    endloop
  endfacet
  facet normal 0 0 1
    outer loop
      vertex 1.375 32.2381 16.5
      vertex 2.625 34.4032 16.5
      vertex 2.32201 34.5651 16.5
    endloop
  endfacet
  facet normal 0 0 1
    outer loop
      vertex 4.36522 32.7733 16.5
      vertex 2.28654 31.3844 16.5
      vertex 2.38157 31.2315 16.5
    endloop
  endfacet
  facet normal 0 0 1
    outer loop
      vertex 4.1651 33.0525 16.5
      vertex 2.18172 31.5306 16.5
      vertex 2.28654 31.3844 16.5
    endloop
  endfacet
  facet normal 0 0 1
    outer loop
      vertex 3.94716 33.3181 16.5
      vertex 2.06756 31.6697 16.5
      vertex 2.18172 31.5306 16.5
    endloop
  endfacet
  facet normal 0 0 1
    outer loop
      vertex 1.21629 32.3229 16.5
      vertex 2.32201 34.5651 16.5
      vertex 2.00909 34.7069 16.5
    endloop
  endfacet
  facet normal 0 0 1
    outer loop
      vertex 3.71231 33.5688 16.5
      vertex 1.94454 31.8011 16.5
      vertex 2.06756 31.6697 16.5
    endloop
  endfacet
  facet normal 0 0 1
    outer loop
      vertex 3.46157 33.8037 16.5
      vertex 1.8132 31.9241 16.5
      vertex 1.94454 31.8011 16.5
    endloop
  endfacet
  facet normal 0 0 1
    outer loop
      vertex 1.05238 32.3972 16.5
      vertex 2.00909 34.7069 16.5
      vertex 1.68756 34.8279 16.5
    endloop
  endfacet
  facet normal 0 0 1
    outer loop
      vertex 3.196 34.0216 16.5
      vertex 1.67409 32.0383 16.5
      vertex 1.8132 31.9241 16.5
    endloop
  endfacet
  facet normal 0 0 1
    outer loop
      vertex 2.91674 34.2218 16.5
      vertex 1.52782 32.1431 16.5
      vertex 1.67409 32.0383 16.5
    endloop
  endfacet
  facet normal 0 0 1
    outer loop
      vertex 2.625 34.4032 16.5
      vertex 1.375 32.2381 16.5
      vertex 1.52782 32.1431 16.5
    endloop
  endfacet
  facet normal 0 0 1
    outer loop
      vertex 0.883958 32.4606 16.5
      vertex 1.68756 34.8279 16.5
      vertex 1.3588 34.9277 16.5
    endloop
  endfacet
  facet normal 0 0 1
    outer loop
      vertex 2.32201 34.5651 16.5
      vertex 1.21629 32.3229 16.5
      vertex 1.375 32.2381 16.5
    endloop
  endfacet
  facet normal 0 0 1
    outer loop
      vertex 2.00909 34.7069 16.5
      vertex 1.05238 32.3972 16.5
      vertex 1.21629 32.3229 16.5
    endloop
  endfacet
  facet normal 0 0 1
    outer loop
      vertex 0.711752 32.5128 16.5
      vertex 1.3588 34.9277 16.5
      vertex 1.02422 35.0057 16.5
    endloop
  endfacet
  facet normal 0 0 1
    outer loop
      vertex 1.68756 34.8279 16.5
      vertex 0.883958 32.4606 16.5
      vertex 1.05238 32.3972 16.5
    endloop
  endfacet
  facet normal 0 0 1
    outer loop
      vertex 1.3588 34.9277 16.5
      vertex 0.711752 32.5128 16.5
      vertex 0.883958 32.4606 16.5
    endloop
  endfacet
  facet normal 0 0 1
    outer loop
      vertex 0.536498 32.5537 16.5
      vertex 1.02422 35.0057 16.5
      vertex 0.685262 35.0616 16.5
    endloop
  endfacet
  facet normal 0 0 1
    outer loop
      vertex 1.02422 35.0057 16.5
      vertex 0.536498 32.5537 16.5
      vertex 0.711752 32.5128 16.5
    endloop
  endfacet
  facet normal 0 0 1
    outer loop
      vertex 0.685262 35.0616 16.5
      vertex 0.358947 32.583 16.5
      vertex 0.536498 32.5537 16.5
    endloop
  endfacet
  facet normal 0 0 1
    outer loop
      vertex 0.343366 35.0953 16.5
      vertex 0.358947 32.583 16.5
      vertex 0.685262 35.0616 16.5
    endloop
  endfacet
  facet normal 0 0 1
    outer loop
      vertex 0.343366 35.0953 16.5
      vertex 0.179858 32.6007 16.5
      vertex 0.358947 32.583 16.5
    endloop
  endfacet
  facet normal 0 0 1
    outer loop
      vertex 0 35.1065 16.5
      vertex 0.179858 32.6007 16.5
      vertex 0.343366 35.0953 16.5
    endloop
  endfacet
  facet normal 0 0 1
    outer loop
      vertex 0 35.1065 16.5
      vertex 0 32.6065 16.5
      vertex 0.179858 32.6007 16.5
    endloop
  endfacet
  facet normal 0 0 1
    outer loop
      vertex 0 35.1065 16.5
      vertex -0.179858 32.6007 16.5
      vertex 0 32.6065 16.5
    endloop
  endfacet
  facet normal -0 0 1
    outer loop
      vertex -0.343366 35.0953 16.5
      vertex -0.179858 32.6007 16.5
      vertex 0 35.1065 16.5
    endloop
  endfacet
  facet normal 0 0 1
    outer loop
      vertex -0.343366 35.0953 16.5
      vertex -0.358947 32.583 16.5
      vertex -0.179858 32.6007 16.5
    endloop
  endfacet
  facet normal -0 0 1
    outer loop
      vertex -0.685262 35.0616 16.5
      vertex -0.358947 32.583 16.5
      vertex -0.343366 35.0953 16.5
    endloop
  endfacet
  facet normal 0 0 1
    outer loop
      vertex -0.358947 32.583 16.5
      vertex -0.685262 35.0616 16.5
      vertex -0.536498 32.5537 16.5
    endloop
  endfacet
  facet normal -0 0 1
    outer loop
      vertex -1.02422 35.0057 16.5
      vertex -0.536498 32.5537 16.5
      vertex -0.685262 35.0616 16.5
    endloop
  endfacet
  facet normal 0 0 1
    outer loop
      vertex -0.536498 32.5537 16.5
      vertex -1.02422 35.0057 16.5
      vertex -0.711752 32.5128 16.5
    endloop
  endfacet
  facet normal -0 0 1
    outer loop
      vertex -1.3588 34.9277 16.5
      vertex -0.711752 32.5128 16.5
      vertex -1.02422 35.0057 16.5
    endloop
  endfacet
  facet normal 0 0 1
    outer loop
      vertex -0.711752 32.5128 16.5
      vertex -1.3588 34.9277 16.5
      vertex -0.883958 32.4606 16.5
    endloop
  endfacet
  facet normal -0 0 1
    outer loop
      vertex -1.68756 34.8279 16.5
      vertex -0.883958 32.4606 16.5
      vertex -1.3588 34.9277 16.5
    endloop
  endfacet
  facet normal 0 0 1
    outer loop
      vertex -0.883958 32.4606 16.5
      vertex -1.68756 34.8279 16.5
      vertex -1.05238 32.3972 16.5
    endloop
  endfacet
  facet normal -0 0 1
    outer loop
      vertex -2.00909 34.7069 16.5
      vertex -1.05238 32.3972 16.5
      vertex -1.68756 34.8279 16.5
    endloop
  endfacet
  facet normal 0 0 1
    outer loop
      vertex -1.05238 32.3972 16.5
      vertex -2.00909 34.7069 16.5
      vertex -1.21629 32.3229 16.5
    endloop
  endfacet
  facet normal -0 0 1
    outer loop
      vertex -2.32201 34.5651 16.5
      vertex -1.21629 32.3229 16.5
      vertex -2.00909 34.7069 16.5
    endloop
  endfacet
  facet normal 0 0 1
    outer loop
      vertex -1.21629 32.3229 16.5
      vertex -2.32201 34.5651 16.5
      vertex -1.375 32.2381 16.5
    endloop
  endfacet
  facet normal -0 0 1
    outer loop
      vertex -2.625 34.4032 16.5
      vertex -1.375 32.2381 16.5
      vertex -2.32201 34.5651 16.5
    endloop
  endfacet
  facet normal 0 0 1
    outer loop
      vertex -1.375 32.2381 16.5
      vertex -2.625 34.4032 16.5
      vertex -1.52782 32.1431 16.5
    endloop
  endfacet
  facet normal -0 0 1
    outer loop
      vertex -2.91674 34.2218 16.5
      vertex -1.52782 32.1431 16.5
      vertex -2.625 34.4032 16.5
    endloop
  endfacet
  facet normal 0 0 1
    outer loop
      vertex -1.52782 32.1431 16.5
      vertex -2.91674 34.2218 16.5
      vertex -1.67409 32.0383 16.5
    endloop
  endfacet
  facet normal -0 0 1
    outer loop
      vertex -3.196 34.0216 16.5
      vertex -1.67409 32.0383 16.5
      vertex -2.91674 34.2218 16.5
    endloop
  endfacet
  facet normal 0 0 1
    outer loop
      vertex -1.67409 32.0383 16.5
      vertex -3.196 34.0216 16.5
      vertex -1.8132 31.9241 16.5
    endloop
  endfacet
  facet normal -0 0 1
    outer loop
      vertex -3.46157 33.8037 16.5
      vertex -1.8132 31.9241 16.5
      vertex -3.196 34.0216 16.5
    endloop
  endfacet
  facet normal 0 0 1
    outer loop
      vertex -1.8132 31.9241 16.5
      vertex -3.46157 33.8037 16.5
      vertex -1.94454 31.8011 16.5
    endloop
  endfacet
  facet normal -0 0 1
    outer loop
      vertex -3.71231 33.5688 16.5
      vertex -1.94454 31.8011 16.5
      vertex -3.46157 33.8037 16.5
    endloop
  endfacet
  facet normal 0 0 1
    outer loop
      vertex -1.94454 31.8011 16.5
      vertex -3.71231 33.5688 16.5
      vertex -2.06756 31.6697 16.5
    endloop
  endfacet
  facet normal -0 0 1
    outer loop
      vertex -3.94716 33.3181 16.5
      vertex -2.06756 31.6697 16.5
      vertex -3.71231 33.5688 16.5
    endloop
  endfacet
  facet normal 0 0 1
    outer loop
      vertex -2.06756 31.6697 16.5
      vertex -3.94716 33.3181 16.5
      vertex -2.18172 31.5306 16.5
    endloop
  endfacet
  facet normal -0 0 1
    outer loop
      vertex -4.1651 33.0525 16.5
      vertex -2.18172 31.5306 16.5
      vertex -3.94716 33.3181 16.5
    endloop
  endfacet
  facet normal 0 0 1
    outer loop
      vertex -2.18172 31.5306 16.5
      vertex -4.1651 33.0525 16.5
      vertex -2.28654 31.3844 16.5
    endloop
  endfacet
  facet normal -0 0 1
    outer loop
      vertex -4.36522 32.7733 16.5
      vertex -2.28654 31.3844 16.5
      vertex -4.1651 33.0525 16.5
    endloop
  endfacet
  facet normal 0 0 1
    outer loop
      vertex -2.28654 31.3844 16.5
      vertex -4.36522 32.7733 16.5
      vertex -2.38157 31.2315 16.5
    endloop
  endfacet
  facet normal -0 0 1
    outer loop
      vertex -4.54663 32.4815 16.5
      vertex -2.38157 31.2315 16.5
      vertex -4.36522 32.7733 16.5
    endloop
  endfacet
  facet normal 0 0 1
    outer loop
      vertex -2.38157 31.2315 16.5
      vertex -4.54663 32.4815 16.5
      vertex -2.4664 31.0728 16.5
    endloop
  endfacet
  facet normal 0.41275 0.910844 -0
    outer loop
      vertex 2.32201 34.5651 0
      vertex 2.00909 34.7069 16.5
      vertex 2.32201 34.5651 16.5
    endloop
  endfacet
  facet normal 0.41275 0.910844 0
    outer loop
      vertex 2.00909 34.7069 16.5
      vertex 2.32201 34.5651 0
      vertex 2.00909 34.7069 0
    endloop
  endfacet
  facet normal 0.0326009 0.999468 -0
    outer loop
      vertex 0.343366 35.0953 0
      vertex 0 35.1065 16.5
      vertex 0.343366 35.0953 16.5
    endloop
  endfacet
  facet normal 0.0326009 0.999468 0
    outer loop
      vertex 0 35.1065 16.5
      vertex 0.343366 35.0953 0
      vertex 0 35.1065 0
    endloop
  endfacet
  facet normal -0.729936 -0.683515 0
    outer loop
      vertex -3.71231 26.1442 0
      vertex -3.94716 26.395 16.5
      vertex -3.94716 26.395 0
    endloop
  endfacet
  facet normal -0.729936 -0.683515 0
    outer loop
      vertex -3.94716 26.395 16.5
      vertex -3.71231 26.1442 0
      vertex -3.71231 26.1442 16.5
    endloop
  endfacet
  facet normal -0.0326009 0.999468 0
    outer loop
      vertex 0 35.1065 0
      vertex -0.343366 35.0953 16.5
      vertex 0 35.1065 16.5
    endloop
  endfacet
  facet normal -0.0326009 0.999468 0
    outer loop
      vertex -0.343366 35.0953 16.5
      vertex 0 35.1065 0
      vertex -0.343366 35.0953 0
    endloop
  endfacet
  facet normal 0.582641 0.812729 -0
    outer loop
      vertex 3.196 34.0216 0
      vertex 2.91674 34.2218 16.5
      vertex 3.196 34.0216 16.5
    endloop
  endfacet
  facet normal 0.582641 0.812729 0
    outer loop
      vertex 2.91674 34.2218 16.5
      vertex 3.196 34.0216 0
      vertex 2.91674 34.2218 0
    endloop
  endfacet
  facet normal 0.47128 0.881984 -0
    outer loop
      vertex 2.625 34.4032 0
      vertex 2.32201 34.5651 16.5
      vertex 2.625 34.4032 16.5
    endloop
  endfacet
  facet normal 0.47128 0.881984 0
    outer loop
      vertex 2.32201 34.5651 16.5
      vertex 2.625 34.4032 0
      vertex 2.32201 34.5651 0
    endloop
  endfacet
  facet normal 0.290476 0.956882 -0
    outer loop
      vertex 1.68756 34.8279 0
      vertex 1.3588 34.9277 16.5
      vertex 1.68756 34.8279 16.5
    endloop
  endfacet
  facet normal 0.290476 0.956882 0
    outer loop
      vertex 1.3588 34.9277 16.5
      vertex 1.68756 34.8279 0
      vertex 1.3588 34.9277 0
    endloop
  endfacet
  facet normal -0.772939 -0.63448 0
    outer loop
      vertex -3.94716 26.395 0
      vertex -4.1651 26.6605 16.5
      vertex -4.1651 26.6605 0
    endloop
  endfacet
  facet normal -0.772939 -0.63448 0
    outer loop
      vertex -4.1651 26.6605 16.5
      vertex -3.94716 26.395 0
      vertex -3.94716 26.395 16.5
    endloop
  endfacet
  facet normal 0.22704 0.973885 -0
    outer loop
      vertex 1.3588 34.9277 0
      vertex 1.02422 35.0057 16.5
      vertex 1.3588 34.9277 16.5
    endloop
  endfacet
  facet normal 0.22704 0.973885 0
    outer loop
      vertex 1.02422 35.0057 16.5
      vertex 1.3588 34.9277 0
      vertex 1.02422 35.0057 0
    endloop
  endfacet
  facet normal -0.7298 0.68366 0
    outer loop
      vertex -3.94716 33.3181 0
      vertex -3.71231 33.5688 16.5
      vertex -3.71231 33.5688 0
    endloop
  endfacet
  facet normal -0.7298 0.68366 0
    outer loop
      vertex -3.71231 33.5688 16.5
      vertex -3.94716 33.3181 0
      vertex -3.94716 33.3181 16.5
    endloop
  endfacet
  facet normal -0.999464 -0.0327235 0
    outer loop
      vertex -5.23876 29.5132 0
      vertex -5.25 29.8565 16.5
      vertex -5.25 29.8565 0
    endloop
  endfacet
  facet normal -0.999464 -0.0327235 0
    outer loop
      vertex -5.25 29.8565 16.5
      vertex -5.23876 29.5132 0
      vertex -5.23876 29.5132 16.5
    endloop
  endfacet
  facet normal -0.999465 0.032714 0
    outer loop
      vertex -5.25 29.8565 0
      vertex -5.23876 30.1999 16.5
      vertex -5.23876 30.1999 0
    endloop
  endfacet
  facet normal -0.999465 0.032714 0
    outer loop
      vertex -5.23876 30.1999 16.5
      vertex -5.25 29.8565 0
      vertex -5.25 29.8565 16.5
    endloop
  endfacet
  facet normal 0.88193 -0.471381 0
    outer loop
      vertex 4.54663 27.2315 16.5
      vertex 4.70858 27.5345 0
      vertex 4.70858 27.5345 16.5
    endloop
  endfacet
  facet normal 0.88193 -0.471381 0
    outer loop
      vertex 4.70858 27.5345 0
      vertex 4.54663 27.2315 16.5
      vertex 4.54663 27.2315 0
    endloop
  endfacet
  facet normal 0.729936 -0.683515 0
    outer loop
      vertex 3.71231 26.1442 16.5
      vertex 3.94716 26.395 0
      vertex 3.94716 26.395 16.5
    endloop
  endfacet
  facet normal 0.729936 -0.683515 0
    outer loop
      vertex 3.94716 26.395 0
      vertex 3.71231 26.1442 16.5
      vertex 3.71231 26.1442 0
    endloop
  endfacet
  facet normal -0.812879 -0.582432 0
    outer loop
      vertex -4.1651 26.6605 0
      vertex -4.36522 26.9398 16.5
      vertex -4.36522 26.9398 0
    endloop
  endfacet
  facet normal -0.812879 -0.582432 0
    outer loop
      vertex -4.36522 26.9398 16.5
      vertex -4.1651 26.6605 0
      vertex -4.1651 26.6605 16.5
    endloop
  endfacet
  facet normal 0.0980926 0.995177 -0
    outer loop
      vertex 0.685262 35.0616 0
      vertex 0.343366 35.0953 16.5
      vertex 0.685262 35.0616 16.5
    endloop
  endfacet
  facet normal 0.0980926 0.995177 0
    outer loop
      vertex 0.343366 35.0953 16.5
      vertex 0.685262 35.0616 0
      vertex 0.343366 35.0953 0
    endloop
  endfacet
  facet normal 0.7298 0.68366 0
    outer loop
      vertex 3.94716 33.3181 16.5
      vertex 3.71231 33.5688 0
      vertex 3.71231 33.5688 16.5
    endloop
  endfacet
  facet normal 0.7298 0.68366 0
    outer loop
      vertex 3.71231 33.5688 0
      vertex 3.94716 33.3181 16.5
      vertex 3.94716 33.3181 0
    endloop
  endfacet
  facet normal -0.956924 -0.290338 0
    outer loop
      vertex -4.97138 28.169 0
      vertex -5.07111 28.4977 16.5
      vertex -5.07111 28.4977 0
    endloop
  endfacet
  facet normal -0.956924 -0.290338 0
    outer loop
      vertex -5.07111 28.4977 16.5
      vertex -4.97138 28.169 0
      vertex -4.97138 28.169 16.5
    endloop
  endfacet
  facet normal -0.849177 -0.528108 0
    outer loop
      vertex -4.36522 26.9398 0
      vertex -4.54663 27.2315 16.5
      vertex -4.54663 27.2315 0
    endloop
  endfacet
  facet normal -0.849177 -0.528108 0
    outer loop
      vertex -4.54663 27.2315 16.5
      vertex -4.36522 26.9398 0
      vertex -4.36522 26.9398 16.5
    endloop
  endfacet
  facet normal 0 0 -1
    outer loop
      vertex 1.33035 7.11109 0
      vertex 26.1065 0 0
      vertex 26.0506 -1.70745 0
    endloop
  endfacet
  facet normal 0 0 -1
    outer loop
      vertex 1.26937 7.02598 0
      vertex 26.0506 -1.70745 0
      vertex 25.8832 -3.40759 0
    endloop
  endfacet
  facet normal 0 -0 -1
    outer loop
      vertex 1.38564 7.2 0
      vertex 26.1065 0 0
      vertex 1.33035 7.11109 0
    endloop
  endfacet
  facet normal 0 0 -1
    outer loop
      vertex 1.26937 7.02598 0
      vertex 25.8832 -3.40759 0
      vertex 25.6049 -5.09313 0
    endloop
  endfacet
  facet normal 0 0 -1
    outer loop
      vertex 26.1065 0 0
      vertex 1.38564 7.2 0
      vertex 26.0506 1.70745 0
    endloop
  endfacet
  facet normal 0 0 -1
    outer loop
      vertex 1.20294 6.94505 0
      vertex 25.6049 -5.09313 0
      vertex 25.217 -6.75687 0
    endloop
  endfacet
  facet normal 0 -0 -1
    outer loop
      vertex 1.435 7.29234 0
      vertex 26.0506 1.70745 0
      vertex 1.38564 7.2 0
    endloop
  endfacet
  facet normal 0 0 -1
    outer loop
      vertex 1.13137 6.86863 0
      vertex 25.217 -6.75687 0
      vertex 24.7211 -8.39167 0
    endloop
  endfacet
  facet normal 0 0 -1
    outer loop
      vertex 26.0506 1.70745 0
      vertex 1.435 7.29234 0
      vertex 25.8832 3.40759 0
    endloop
  endfacet
  facet normal 0 0 -1
    outer loop
      vertex 1.05495 6.79706 0
      vertex 24.7211 -8.39167 0
      vertex 24.1193 -9.99054 0
    endloop
  endfacet
  facet normal 0 -0 -1
    outer loop
      vertex 1.47821 7.38771 0
      vertex 25.6049 5.09313 0
      vertex 1.435 7.29234 0
    endloop
  endfacet
  facet normal 0 0 -1
    outer loop
      vertex 1.05495 6.79706 0
      vertex 24.1193 -9.99054 0
      vertex 23.4142 -11.5466 0
    endloop
  endfacet
  facet normal 0 0 -1
    outer loop
      vertex 25.6049 5.09313 0
      vertex 1.47821 7.38771 0
      vertex 25.217 6.75687 0
    endloop
  endfacet
  facet normal 0 0 -1
    outer loop
      vertex 0.974018 6.73063 0
      vertex 23.4142 -11.5466 0
      vertex 22.6089 -13.0533 0
    endloop
  endfacet
  facet normal 0 -0 -1
    outer loop
      vertex 1.51509 7.4857 0
      vertex 25.217 6.75687 0
      vertex 1.47821 7.38771 0
    endloop
  endfacet
  facet normal 0 0 -1
    outer loop
      vertex 0.888912 6.66965 0
      vertex 22.6089 -13.0533 0
      vertex 21.7068 -14.504 0
    endloop
  endfacet
  facet normal 0 0 -1
    outer loop
      vertex 25.217 6.75687 0
      vertex 1.51509 7.4857 0
      vertex 24.7211 8.39167 0
    endloop
  endfacet
  facet normal 0 0 -1
    outer loop
      vertex 0.888912 6.66965 0
      vertex 21.7068 -14.504 0
      vertex 20.7117 -15.8927 0
    endloop
  endfacet
  facet normal -0 0 -1
    outer loop
      vertex 24.7211 8.39167 0
      vertex 1.54548 7.58589 0
      vertex 24.1193 9.99054 0
    endloop
  endfacet
  facet normal 0 0 -1
    outer loop
      vertex 0.799999 6.61436 0
      vertex 20.7117 -15.8927 0
      vertex 19.6279 -17.2132 0
    endloop
  endfacet
  facet normal 0 -0 -1
    outer loop
      vertex 1.56926 7.68785 0
      vertex 24.1193 9.99054 0
      vertex 1.54548 7.58589 0
    endloop
  endfacet
  facet normal 0 0 -1
    outer loop
      vertex 0.707662 6.565 0
      vertex 19.6279 -17.2132 0
      vertex 18.4601 -18.4601 0
    endloop
  endfacet
  facet normal 0 -0 -1
    outer loop
      vertex 1.58631 7.79116 0
      vertex 24.1193 9.99054 0
      vertex 1.56926 7.68785 0
    endloop
  endfacet
  facet normal 0 0 -1
    outer loop
      vertex 0.707662 6.565 0
      vertex 18.4601 -18.4601 0
      vertex 17.2132 -19.6279 0
    endloop
  endfacet
  facet normal 0 -0 -1
    outer loop
      vertex 1.59657 7.89535 0
      vertex 23.4142 11.5466 0
      vertex 1.58631 7.79116 0
    endloop
  endfacet
  facet normal 0 0 -1
    outer loop
      vertex 0.612293 6.52179 0
      vertex 17.2132 -19.6279 0
      vertex 15.8927 -20.7117 0
    endloop
  endfacet
  facet normal -0 0 -1
    outer loop
      vertex 23.4142 11.5466 0
      vertex 1.59657 7.89535 0
      vertex 22.6089 13.0533 0
    endloop
  endfacet
  facet normal 0 0 -1
    outer loop
      vertex 0.612293 6.52179 0
      vertex 15.8927 -20.7117 0
      vertex 14.504 -21.7068 0
    endloop
  endfacet
  facet normal 0 -0 -1
    outer loop
      vertex 1.6 8 0
      vertex 22.6089 13.0533 0
      vertex 1.59657 7.89535 0
    endloop
  endfacet
  facet normal 0 0 -1
    outer loop
      vertex 0.514302 6.48491 0
      vertex 14.504 -21.7068 0
      vertex 13.0533 -22.6089 0
    endloop
  endfacet
  facet normal 0 0 -1
    outer loop
      vertex 1.59657 8.10464 0
      vertex 21.7068 14.504 0
      vertex 1.6 8 0
    endloop
  endfacet
  facet normal 0 0 -1
    outer loop
      vertex 0.41411 6.45452 0
      vertex 13.0533 -22.6089 0
      vertex 11.5466 -23.4142 0
    endloop
  endfacet
  facet normal -0 0 -1
    outer loop
      vertex 21.7068 14.504 0
      vertex 1.59657 8.10464 0
      vertex 20.7117 15.8927 0
    endloop
  endfacet
  facet normal 0 0 -1
    outer loop
      vertex 0.41411 6.45452 0
      vertex 11.5466 -23.4142 0
      vertex 9.99054 -24.1193 0
    endloop
  endfacet
  facet normal -0 0 -1
    outer loop
      vertex 20.7117 15.8927 0
      vertex 1.58631 8.20884 0
      vertex 19.6279 17.2132 0
    endloop
  endfacet
  facet normal 0 0 -1
    outer loop
      vertex 0.312144 6.43074 0
      vertex 9.99054 -24.1193 0
      vertex 8.39167 -24.7211 0
    endloop
  endfacet
  facet normal 0 0 -1
    outer loop
      vertex 1.54548 8.41411 0
      vertex 19.6279 17.2132 0
      vertex 1.56926 8.31214 0
    endloop
  endfacet
  facet normal 0 0 -1
    outer loop
      vertex 0.312144 6.43074 0
      vertex 8.39167 -24.7211 0
      vertex 6.75687 -25.217 0
    endloop
  endfacet
  facet normal -0 0 -1
    outer loop
      vertex 19.6279 17.2132 0
      vertex 1.54548 8.41411 0
      vertex 18.4601 18.4601 0
    endloop
  endfacet
  facet normal 0 0 -1
    outer loop
      vertex 0.208841 6.41369 0
      vertex 6.75687 -25.217 0
      vertex 5.09313 -25.6049 0
    endloop
  endfacet
  facet normal -0 0 -1
    outer loop
      vertex 18.4601 18.4601 0
      vertex 1.51509 8.5143 0
      vertex 17.2132 19.6279 0
    endloop
  endfacet
  facet normal -0 0 -1
    outer loop
      vertex 17.2132 19.6279 0
      vertex 1.47821 8.61229 0
      vertex 15.8927 20.7117 0
    endloop
  endfacet
  facet normal 0 0 -1
    outer loop
      vertex 0.208841 6.41369 0
      vertex 5.09313 -25.6049 0
      vertex 3.40759 -25.8832 0
    endloop
  endfacet
  facet normal 0 0 -1
    outer loop
      vertex 2.75 29.8565 0
      vertex 5.25 29.8565 0
      vertex 5.23876 29.5132 0
    endloop
  endfacet
  facet normal 0 0 -1
    outer loop
      vertex 2.74411 29.6767 0
      vertex 5.23876 29.5132 0
      vertex 5.20508 29.1713 0
    endloop
  endfacet
  facet normal 0 0 -1
    outer loop
      vertex 5.25 29.8565 0
      vertex 2.75 29.8565 0
      vertex 5.23876 30.1999 0
    endloop
  endfacet
  facet normal 0 0 -1
    outer loop
      vertex 2.72647 29.4976 0
      vertex 5.20508 29.1713 0
      vertex 5.14912 28.8323 0
    endloop
  endfacet
  facet normal 0 0 -1
    outer loop
      vertex 2.74411 30.0364 0
      vertex 5.23876 30.1999 0
      vertex 2.75 29.8565 0
    endloop
  endfacet
  facet normal 0 0 -1
    outer loop
      vertex 2.69716 29.32 0
      vertex 5.14912 28.8323 0
      vertex 5.07111 28.4977 0
    endloop
  endfacet
  facet normal -0 0 -1
    outer loop
      vertex 5.23876 30.1999 0
      vertex 2.74411 30.0364 0
      vertex 5.20508 30.5418 0
    endloop
  endfacet
  facet normal 0 0 -1
    outer loop
      vertex 2.6563 29.1448 0
      vertex 5.07111 28.4977 0
      vertex 4.97138 28.169 0
    endloop
  endfacet
  facet normal 0 0 -1
    outer loop
      vertex 2.72647 30.2155 0
      vertex 5.20508 30.5418 0
      vertex 2.74411 30.0364 0
    endloop
  endfacet
  facet normal 0 0 -1
    outer loop
      vertex 2.60406 28.9726 0
      vertex 4.97138 28.169 0
      vertex 4.85037 27.8475 0
    endloop
  endfacet
  facet normal -0 0 -1
    outer loop
      vertex 5.20508 30.5418 0
      vertex 2.72647 30.2155 0
      vertex 5.14912 30.8808 0
    endloop
  endfacet
  facet normal 0 0 -1
    outer loop
      vertex 2.54067 28.8042 0
      vertex 4.85037 27.8475 0
      vertex 4.70858 27.5345 0
    endloop
  endfacet
  facet normal 0 0 -1
    outer loop
      vertex 2.69716 30.393 0
      vertex 5.14912 30.8808 0
      vertex 2.72647 30.2155 0
    endloop
  endfacet
  facet normal 0 0 -1
    outer loop
      vertex 2.4664 28.6402 0
      vertex 4.70858 27.5345 0
      vertex 4.54663 27.2315 0
    endloop
  endfacet
  facet normal -0 0 -1
    outer loop
      vertex 5.14912 30.8808 0
      vertex 2.69716 30.393 0
      vertex 5.07111 31.2153 0
    endloop
  endfacet
  facet normal 0 0 -1
    outer loop
      vertex 2.38157 28.4815 0
      vertex 4.54663 27.2315 0
      vertex 4.36522 26.9398 0
    endloop
  endfacet
  facet normal 0 0 -1
    outer loop
      vertex 2.6563 30.5683 0
      vertex 5.07111 31.2153 0
      vertex 2.69716 30.393 0
    endloop
  endfacet
  facet normal 0 0 -1
    outer loop
      vertex 2.28654 28.3287 0
      vertex 4.36522 26.9398 0
      vertex 4.1651 26.6605 0
    endloop
  endfacet
  facet normal -0 0 -1
    outer loop
      vertex 5.07111 31.2153 0
      vertex 2.6563 30.5683 0
      vertex 4.97138 31.5441 0
    endloop
  endfacet
  facet normal 0 0 -1
    outer loop
      vertex 2.18172 28.1824 0
      vertex 4.1651 26.6605 0
      vertex 3.94716 26.395 0
    endloop
  endfacet
  facet normal 0 0 -1
    outer loop
      vertex 2.60406 30.7405 0
      vertex 4.97138 31.5441 0
      vertex 2.6563 30.5683 0
    endloop
  endfacet
  facet normal 0 0 -1
    outer loop
      vertex 2.06756 28.0433 0
      vertex 3.94716 26.395 0
      vertex 3.71231 26.1442 0
    endloop
  endfacet
  facet normal -0 0 -1
    outer loop
      vertex 4.97138 31.5441 0
      vertex 2.60406 30.7405 0
      vertex 4.85037 31.8656 0
    endloop
  endfacet
  facet normal 0 0 -1
    outer loop
      vertex 1.94454 27.912 0
      vertex 3.71231 26.1442 0
      vertex 3.46157 25.9094 0
    endloop
  endfacet
  facet normal 0 0 -1
    outer loop
      vertex 2.54067 30.9089 0
      vertex 4.85037 31.8656 0
      vertex 2.60406 30.7405 0
    endloop
  endfacet
  facet normal 0 0 -1
    outer loop
      vertex 1.8132 27.789 0
      vertex 3.46157 25.9094 0
      vertex 3.42596 25.8802 0
    endloop
  endfacet
  facet normal -0 0 -1
    outer loop
      vertex 4.85037 31.8656 0
      vertex 2.54067 30.9089 0
      vertex 4.70858 32.1786 0
    endloop
  endfacet
  facet normal 0 0 -1
    outer loop
      vertex 1.435 8.70766 0
      vertex 15.8927 20.7117 0
      vertex 1.47821 8.61229 0
    endloop
  endfacet
  facet normal 0 0 -1
    outer loop
      vertex 5.23876 29.5132 0
      vertex 2.74411 29.6767 0
      vertex 2.75 29.8565 0
    endloop
  endfacet
  facet normal -0 0 -1
    outer loop
      vertex 4.70858 32.1786 0
      vertex 2.4664 31.0728 0
      vertex 4.54663 32.4815 0
    endloop
  endfacet
  facet normal 0 0 -1
    outer loop
      vertex 2.4664 31.0728 0
      vertex 4.70858 32.1786 0
      vertex 2.54067 30.9089 0
    endloop
  endfacet
  facet normal 0 0 -1
    outer loop
      vertex 5.20508 29.1713 0
      vertex 2.72647 29.4976 0
      vertex 2.74411 29.6767 0
    endloop
  endfacet
  facet normal -0 0 -1
    outer loop
      vertex 15.8927 20.7117 0
      vertex 1.38564 8.8 0
      vertex 14.504 21.7068 0
    endloop
  endfacet
  facet normal 0 0 -1
    outer loop
      vertex 1.33035 8.88891 0
      vertex 14.504 21.7068 0
      vertex 1.38564 8.8 0
    endloop
  endfacet
  facet normal 0 0 -1
    outer loop
      vertex 5.14912 28.8323 0
      vertex 2.69716 29.32 0
      vertex 2.72647 29.4976 0
    endloop
  endfacet
  facet normal -0 0 -1
    outer loop
      vertex 14.504 21.7068 0
      vertex 1.33035 8.88891 0
      vertex 13.0533 22.6089 0
    endloop
  endfacet
  facet normal 0 0 -1
    outer loop
      vertex 5.07111 28.4977 0
      vertex 2.6563 29.1448 0
      vertex 2.69716 29.32 0
    endloop
  endfacet
  facet normal 0 0 -1
    outer loop
      vertex 1.26937 8.97402 0
      vertex 13.0533 22.6089 0
      vertex 1.33035 8.88891 0
    endloop
  endfacet
  facet normal 0 0 -1
    outer loop
      vertex 4.97138 28.169 0
      vertex 2.60406 28.9726 0
      vertex 2.6563 29.1448 0
    endloop
  endfacet
  facet normal 0 0 -1
    outer loop
      vertex 1.20294 9.05495 0
      vertex 13.0533 22.6089 0
      vertex 1.26937 8.97402 0
    endloop
  endfacet
  facet normal 0 0 -1
    outer loop
      vertex 4.85037 27.8475 0
      vertex 2.54067 28.8042 0
      vertex 2.60406 28.9726 0
    endloop
  endfacet
  facet normal -0 0 -1
    outer loop
      vertex 13.0533 22.6089 0
      vertex 1.20294 9.05495 0
      vertex 11.5466 23.4142 0
    endloop
  endfacet
  facet normal 0 0 -1
    outer loop
      vertex 4.70858 27.5345 0
      vertex 2.4664 28.6402 0
      vertex 2.54067 28.8042 0
    endloop
  endfacet
  facet normal 0 0 -1
    outer loop
      vertex 0.104645 6.40343 0
      vertex 3.40759 -25.8832 0
      vertex 1.70745 -26.0506 0
    endloop
  endfacet
  facet normal 0 0 -1
    outer loop
      vertex 1.13137 9.13137 0
      vertex 11.5466 23.4142 0
      vertex 1.20294 9.05495 0
    endloop
  endfacet
  facet normal 0 0 -1
    outer loop
      vertex 4.54663 27.2315 0
      vertex 2.38157 28.4815 0
      vertex 2.4664 28.6402 0
    endloop
  endfacet
  facet normal 0 0 -1
    outer loop
      vertex 1.38564 8.8 0
      vertex 15.8927 20.7117 0
      vertex 1.435 8.70766 0
    endloop
  endfacet
  facet normal 0 0 -1
    outer loop
      vertex 1.47821 8.61229 0
      vertex 17.2132 19.6279 0
      vertex 1.51509 8.5143 0
    endloop
  endfacet
  facet normal 0 0 -1
    outer loop
      vertex 1.51509 8.5143 0
      vertex 18.4601 18.4601 0
      vertex 1.54548 8.41411 0
    endloop
  endfacet
  facet normal 0 0 -1
    outer loop
      vertex 1.56926 8.31214 0
      vertex 19.6279 17.2132 0
      vertex 1.58631 8.20884 0
    endloop
  endfacet
  facet normal 0 0 -1
    outer loop
      vertex 1.58631 8.20884 0
      vertex 20.7117 15.8927 0
      vertex 1.59657 8.10464 0
    endloop
  endfacet
  facet normal -0 0 -1
    outer loop
      vertex 22.6089 13.0533 0
      vertex 1.6 8 0
      vertex 21.7068 14.504 0
    endloop
  endfacet
  facet normal -0 0 -1
    outer loop
      vertex 24.1193 9.99054 0
      vertex 1.58631 7.79116 0
      vertex 23.4142 11.5466 0
    endloop
  endfacet
  facet normal 0 -0 -1
    outer loop
      vertex 1.54548 7.58589 0
      vertex 24.7211 8.39167 0
      vertex 1.51509 7.4857 0
    endloop
  endfacet
  facet normal 0 0 -1
    outer loop
      vertex 25.8832 3.40759 0
      vertex 1.435 7.29234 0
      vertex 25.6049 5.09313 0
    endloop
  endfacet
  facet normal 0 0 -1
    outer loop
      vertex 26.0506 -1.70745 0
      vertex 1.26937 7.02598 0
      vertex 1.33035 7.11109 0
    endloop
  endfacet
  facet normal 0 0 -1
    outer loop
      vertex 25.6049 -5.09313 0
      vertex 1.20294 6.94505 0
      vertex 1.26937 7.02598 0
    endloop
  endfacet
  facet normal 0 0 -1
    outer loop
      vertex 25.217 -6.75687 0
      vertex 1.13137 6.86863 0
      vertex 1.20294 6.94505 0
    endloop
  endfacet
  facet normal 0 0 -1
    outer loop
      vertex 24.7211 -8.39167 0
      vertex 1.05495 6.79706 0
      vertex 1.13137 6.86863 0
    endloop
  endfacet
  facet normal 0 0 -1
    outer loop
      vertex 23.4142 -11.5466 0
      vertex 0.974018 6.73063 0
      vertex 1.05495 6.79706 0
    endloop
  endfacet
  facet normal 0 0 -1
    outer loop
      vertex 22.6089 -13.0533 0
      vertex 0.888912 6.66965 0
      vertex 0.974018 6.73063 0
    endloop
  endfacet
  facet normal 0 0 -1
    outer loop
      vertex 20.7117 -15.8927 0
      vertex 0.799999 6.61436 0
      vertex 0.888912 6.66965 0
    endloop
  endfacet
  facet normal 0 0 -1
    outer loop
      vertex 19.6279 -17.2132 0
      vertex 0.707662 6.565 0
      vertex 0.799999 6.61436 0
    endloop
  endfacet
  facet normal 0 0 -1
    outer loop
      vertex 17.2132 -19.6279 0
      vertex 0.612293 6.52179 0
      vertex 0.707662 6.565 0
    endloop
  endfacet
  facet normal 0 0 -1
    outer loop
      vertex 14.504 -21.7068 0
      vertex 0.514302 6.48491 0
      vertex 0.612293 6.52179 0
    endloop
  endfacet
  facet normal 0 0 -1
    outer loop
      vertex 13.0533 -22.6089 0
      vertex 0.41411 6.45452 0
      vertex 0.514302 6.48491 0
    endloop
  endfacet
  facet normal 0 0 -1
    outer loop
      vertex 9.99054 -24.1193 0
      vertex 0.312144 6.43074 0
      vertex 0.41411 6.45452 0
    endloop
  endfacet
  facet normal 0 0 -1
    outer loop
      vertex 6.75687 -25.217 0
      vertex 0.208841 6.41369 0
      vertex 0.312144 6.43074 0
    endloop
  endfacet
  facet normal 0 0 -1
    outer loop
      vertex 3.40759 -25.8832 0
      vertex 0.104645 6.40343 0
      vertex 0.208841 6.41369 0
    endloop
  endfacet
  facet normal 0 0 -1
    outer loop
      vertex 0 6.4 0
      vertex 1.70745 -26.0506 0
      vertex 0 -26.1065 0
    endloop
  endfacet
  facet normal 0 0 -1
    outer loop
      vertex 1.70745 -26.0506 0
      vertex 0 6.4 0
      vertex 0.104645 6.40343 0
    endloop
  endfacet
  facet normal 0 0 -1
    outer loop
      vertex -1.70745 -26.0506 0
      vertex 0 6.4 0
      vertex 0 -26.1065 0
    endloop
  endfacet
  facet normal -0 0 -1
    outer loop
      vertex 0 6.4 0
      vertex -1.70745 -26.0506 0
      vertex -0.104645 6.40343 0
    endloop
  endfacet
  facet normal 0 0 -1
    outer loop
      vertex -3.40759 -25.8832 0
      vertex -0.104645 6.40343 0
      vertex -1.70745 -26.0506 0
    endloop
  endfacet
  facet normal -0 0 -1
    outer loop
      vertex -0.104645 6.40343 0
      vertex -3.40759 -25.8832 0
      vertex -0.208841 6.41369 0
    endloop
  endfacet
  facet normal 0 0 -1
    outer loop
      vertex -5.09313 -25.6049 0
      vertex -0.208841 6.41369 0
      vertex -3.40759 -25.8832 0
    endloop
  endfacet
  facet normal 0 0 -1
    outer loop
      vertex -6.75687 -25.217 0
      vertex -0.208841 6.41369 0
      vertex -5.09313 -25.6049 0
    endloop
  endfacet
  facet normal -0 0 -1
    outer loop
      vertex -0.208841 6.41369 0
      vertex -6.75687 -25.217 0
      vertex -0.312144 6.43074 0
    endloop
  endfacet
  facet normal 0 0 -1
    outer loop
      vertex -8.39167 -24.7211 0
      vertex -0.312144 6.43074 0
      vertex -6.75687 -25.217 0
    endloop
  endfacet
  facet normal 0 0 -1
    outer loop
      vertex -9.99054 -24.1193 0
      vertex -0.312144 6.43074 0
      vertex -8.39167 -24.7211 0
    endloop
  endfacet
  facet normal -0 0 -1
    outer loop
      vertex -0.312144 6.43074 0
      vertex -9.99054 -24.1193 0
      vertex -0.41411 6.45452 0
    endloop
  endfacet
  facet normal 0 0 -1
    outer loop
      vertex -11.5466 -23.4142 0
      vertex -0.41411 6.45452 0
      vertex -9.99054 -24.1193 0
    endloop
  endfacet
  facet normal 0 0 -1
    outer loop
      vertex -13.0533 -22.6089 0
      vertex -0.41411 6.45452 0
      vertex -11.5466 -23.4142 0
    endloop
  endfacet
  facet normal -0 0 -1
    outer loop
      vertex -0.41411 6.45452 0
      vertex -13.0533 -22.6089 0
      vertex -0.514302 6.48491 0
    endloop
  endfacet
  facet normal 0 0 -1
    outer loop
      vertex -14.504 -21.7068 0
      vertex -0.514302 6.48491 0
      vertex -13.0533 -22.6089 0
    endloop
  endfacet
  facet normal -0 0 -1
    outer loop
      vertex -0.514302 6.48491 0
      vertex -14.504 -21.7068 0
      vertex -0.612293 6.52179 0
    endloop
  endfacet
  facet normal 0 0 -1
    outer loop
      vertex -15.8927 -20.7117 0
      vertex -0.612293 6.52179 0
      vertex -14.504 -21.7068 0
    endloop
  endfacet
  facet normal 0 0 -1
    outer loop
      vertex -17.2132 -19.6279 0
      vertex -0.612293 6.52179 0
      vertex -15.8927 -20.7117 0
    endloop
  endfacet
  facet normal -0 0 -1
    outer loop
      vertex -0.612293 6.52179 0
      vertex -17.2132 -19.6279 0
      vertex -0.707662 6.565 0
    endloop
  endfacet
  facet normal 0 0 -1
    outer loop
      vertex -18.4601 -18.4601 0
      vertex -0.707662 6.565 0
      vertex -17.2132 -19.6279 0
    endloop
  endfacet
  facet normal 0 0 -1
    outer loop
      vertex -19.6279 -17.2132 0
      vertex -0.707662 6.565 0
      vertex -18.4601 -18.4601 0
    endloop
  endfacet
  facet normal -0 0 -1
    outer loop
      vertex -0.707662 6.565 0
      vertex -19.6279 -17.2132 0
      vertex -0.799999 6.61436 0
    endloop
  endfacet
  facet normal 0 0 -1
    outer loop
      vertex -20.7117 -15.8927 0
      vertex -0.799999 6.61436 0
      vertex -19.6279 -17.2132 0
    endloop
  endfacet
  facet normal -0 0 -1
    outer loop
      vertex -0.799999 6.61436 0
      vertex -20.7117 -15.8927 0
      vertex -0.888912 6.66965 0
    endloop
  endfacet
  facet normal 0 0 -1
    outer loop
      vertex -21.7068 -14.504 0
      vertex -0.888912 6.66965 0
      vertex -20.7117 -15.8927 0
    endloop
  endfacet
  facet normal 0 0 -1
    outer loop
      vertex -22.6089 -13.0533 0
      vertex -0.888912 6.66965 0
      vertex -21.7068 -14.504 0
    endloop
  endfacet
  facet normal -0 0 -1
    outer loop
      vertex -0.888912 6.66965 0
      vertex -22.6089 -13.0533 0
      vertex -0.974018 6.73063 0
    endloop
  endfacet
  facet normal 0 0 -1
    outer loop
      vertex -1.6 8 0
      vertex -3.42596 25.8802 0
      vertex -1.67409 27.6748 0
    endloop
  endfacet
  facet normal -0 0 -1
    outer loop
      vertex -1.67409 27.6748 0
      vertex -3.42596 25.8802 0
      vertex -1.8132 27.789 0
    endloop
  endfacet
  facet normal 0 0 -1
    outer loop
      vertex -3.46157 25.9094 0
      vertex -1.8132 27.789 0
      vertex -3.42596 25.8802 0
    endloop
  endfacet
  facet normal -0 0 -1
    outer loop
      vertex -1.8132 27.789 0
      vertex -3.46157 25.9094 0
      vertex -1.94454 27.912 0
    endloop
  endfacet
  facet normal 0 0 -1
    outer loop
      vertex -3.71231 26.1442 0
      vertex -1.94454 27.912 0
      vertex -3.46157 25.9094 0
    endloop
  endfacet
  facet normal -0 0 -1
    outer loop
      vertex -1.94454 27.912 0
      vertex -3.71231 26.1442 0
      vertex -2.06756 28.0433 0
    endloop
  endfacet
  facet normal 0 0 -1
    outer loop
      vertex -3.94716 26.395 0
      vertex -2.06756 28.0433 0
      vertex -3.71231 26.1442 0
    endloop
  endfacet
  facet normal -0 0 -1
    outer loop
      vertex -2.06756 28.0433 0
      vertex -3.94716 26.395 0
      vertex -2.18172 28.1824 0
    endloop
  endfacet
  facet normal 0 0 -1
    outer loop
      vertex -4.1651 26.6605 0
      vertex -2.18172 28.1824 0
      vertex -3.94716 26.395 0
    endloop
  endfacet
  facet normal -0 0 -1
    outer loop
      vertex -2.18172 28.1824 0
      vertex -4.1651 26.6605 0
      vertex -2.28654 28.3287 0
    endloop
  endfacet
  facet normal 0 0 -1
    outer loop
      vertex -4.36522 26.9398 0
      vertex -2.28654 28.3287 0
      vertex -4.1651 26.6605 0
    endloop
  endfacet
  facet normal -0 0 -1
    outer loop
      vertex -2.28654 28.3287 0
      vertex -4.36522 26.9398 0
      vertex -2.38157 28.4815 0
    endloop
  endfacet
  facet normal 0 0 -1
    outer loop
      vertex -4.54663 27.2315 0
      vertex -2.38157 28.4815 0
      vertex -4.36522 26.9398 0
    endloop
  endfacet
  facet normal -0 0 -1
    outer loop
      vertex -2.38157 28.4815 0
      vertex -4.54663 27.2315 0
      vertex -2.4664 28.6402 0
    endloop
  endfacet
  facet normal 0 0 -1
    outer loop
      vertex -4.70858 27.5345 0
      vertex -2.4664 28.6402 0
      vertex -4.54663 27.2315 0
    endloop
  endfacet
  facet normal -0 0 -1
    outer loop
      vertex -2.4664 28.6402 0
      vertex -4.70858 27.5345 0
      vertex -2.54067 28.8042 0
    endloop
  endfacet
  facet normal 0 0 -1
    outer loop
      vertex -23.4142 -11.5466 0
      vertex -0.974018 6.73063 0
      vertex -22.6089 -13.0533 0
    endloop
  endfacet
  facet normal 0 0 -1
    outer loop
      vertex -2.75 29.8565 0
      vertex -3.196 34.0216 0
      vertex -2.91674 34.2218 0
    endloop
  endfacet
  facet normal 0 0 -1
    outer loop
      vertex -4.85037 27.8475 0
      vertex -2.54067 28.8042 0
      vertex -4.70858 27.5345 0
    endloop
  endfacet
  facet normal 0 0 -1
    outer loop
      vertex -2.75 29.8565 0
      vertex -3.46157 33.8037 0
      vertex -3.196 34.0216 0
    endloop
  endfacet
  facet normal -0 0 -1
    outer loop
      vertex -2.54067 28.8042 0
      vertex -4.85037 27.8475 0
      vertex -2.60406 28.9726 0
    endloop
  endfacet
  facet normal 0 0 -1
    outer loop
      vertex -2.75 29.8565 0
      vertex -3.71231 33.5688 0
      vertex -3.46157 33.8037 0
    endloop
  endfacet
  facet normal 0 0 -1
    outer loop
      vertex -4.97138 28.169 0
      vertex -2.60406 28.9726 0
      vertex -4.85037 27.8475 0
    endloop
  endfacet
  facet normal 0 0 -1
    outer loop
      vertex -2.75 29.8565 0
      vertex -3.94716 33.3181 0
      vertex -3.71231 33.5688 0
    endloop
  endfacet
  facet normal -0 0 -1
    outer loop
      vertex -2.60406 28.9726 0
      vertex -4.97138 28.169 0
      vertex -2.6563 29.1448 0
    endloop
  endfacet
  facet normal 0 0 -1
    outer loop
      vertex -2.75 29.8565 0
      vertex -4.1651 33.0525 0
      vertex -3.94716 33.3181 0
    endloop
  endfacet
  facet normal 0 0 -1
    outer loop
      vertex -5.07111 28.4977 0
      vertex -2.6563 29.1448 0
      vertex -4.97138 28.169 0
    endloop
  endfacet
  facet normal 0 0 -1
    outer loop
      vertex -2.75 29.8565 0
      vertex -4.36522 32.7733 0
      vertex -4.1651 33.0525 0
    endloop
  endfacet
  facet normal -0 0 -1
    outer loop
      vertex -2.6563 29.1448 0
      vertex -5.07111 28.4977 0
      vertex -2.69716 29.32 0
    endloop
  endfacet
  facet normal 0 0 -1
    outer loop
      vertex -2.75 29.8565 0
      vertex -4.54663 32.4815 0
      vertex -4.36522 32.7733 0
    endloop
  endfacet
  facet normal 0 0 -1
    outer loop
      vertex -5.14912 28.8323 0
      vertex -2.69716 29.32 0
      vertex -5.07111 28.4977 0
    endloop
  endfacet
  facet normal 0 0 -1
    outer loop
      vertex -2.75 29.8565 0
      vertex -4.70858 32.1786 0
      vertex -4.54663 32.4815 0
    endloop
  endfacet
  facet normal -0 0 -1
    outer loop
      vertex -2.69716 29.32 0
      vertex -5.14912 28.8323 0
      vertex -2.72647 29.4976 0
    endloop
  endfacet
  facet normal 0 0 -1
    outer loop
      vertex -2.75 29.8565 0
      vertex -4.85037 31.8656 0
      vertex -4.70858 32.1786 0
    endloop
  endfacet
  facet normal 0 0 -1
    outer loop
      vertex -5.20508 29.1713 0
      vertex -2.72647 29.4976 0
      vertex -5.14912 28.8323 0
    endloop
  endfacet
  facet normal 0 0 -1
    outer loop
      vertex -2.75 29.8565 0
      vertex -4.97138 31.5441 0
      vertex -4.85037 31.8656 0
    endloop
  endfacet
  facet normal -0 0 -1
    outer loop
      vertex -2.72647 29.4976 0
      vertex -5.20508 29.1713 0
      vertex -2.74411 29.6767 0
    endloop
  endfacet
  facet normal 0 0 -1
    outer loop
      vertex -2.75 29.8565 0
      vertex -5.07111 31.2153 0
      vertex -4.97138 31.5441 0
    endloop
  endfacet
  facet normal 0 0 -1
    outer loop
      vertex -5.23876 29.5132 0
      vertex -2.74411 29.6767 0
      vertex -5.20508 29.1713 0
    endloop
  endfacet
  facet normal 0 0 -1
    outer loop
      vertex -2.75 29.8565 0
      vertex -5.14912 30.8808 0
      vertex -5.07111 31.2153 0
    endloop
  endfacet
  facet normal -0 0 -1
    outer loop
      vertex -2.74411 29.6767 0
      vertex -5.23876 29.5132 0
      vertex -2.75 29.8565 0
    endloop
  endfacet
  facet normal 0 0 -1
    outer loop
      vertex -2.75 29.8565 0
      vertex -5.20508 30.5418 0
      vertex -5.14912 30.8808 0
    endloop
  endfacet
  facet normal 0 0 -1
    outer loop
      vertex -5.25 29.8565 0
      vertex -2.75 29.8565 0
      vertex -5.23876 29.5132 0
    endloop
  endfacet
  facet normal 0 0 -1
    outer loop
      vertex -2.75 29.8565 0
      vertex -5.23876 30.1999 0
      vertex -5.20508 30.5418 0
    endloop
  endfacet
  facet normal 0 0 -1
    outer loop
      vertex -2.75 29.8565 0
      vertex -5.25 29.8565 0
      vertex -5.23876 30.1999 0
    endloop
  endfacet
  facet normal -0 0 -1
    outer loop
      vertex -0.974018 6.73063 0
      vertex -23.4142 -11.5466 0
      vertex -1.05495 6.79706 0
    endloop
  endfacet
  facet normal 0 0 -1
    outer loop
      vertex -1.6 8 0
      vertex -5.09313 25.6049 0
      vertex -3.42596 25.8802 0
    endloop
  endfacet
  facet normal 0 0 -1
    outer loop
      vertex -24.1193 -9.99054 0
      vertex -1.05495 6.79706 0
      vertex -23.4142 -11.5466 0
    endloop
  endfacet
  facet normal 0 0 -1
    outer loop
      vertex -1.6 8 0
      vertex -6.75687 25.217 0
      vertex -5.09313 25.6049 0
    endloop
  endfacet
  facet normal 0 0 -1
    outer loop
      vertex -24.7211 -8.39167 0
      vertex -1.05495 6.79706 0
      vertex -24.1193 -9.99054 0
    endloop
  endfacet
  facet normal 0 0 -1
    outer loop
      vertex -1.6 8 0
      vertex -8.39167 24.7211 0
      vertex -6.75687 25.217 0
    endloop
  endfacet
  facet normal -0 0 -1
    outer loop
      vertex -1.05495 6.79706 0
      vertex -24.7211 -8.39167 0
      vertex -1.13137 6.86863 0
    endloop
  endfacet
  facet normal 0 0 -1
    outer loop
      vertex -1.6 8 0
      vertex -9.99054 24.1193 0
      vertex -8.39167 24.7211 0
    endloop
  endfacet
  facet normal 0 0 -1
    outer loop
      vertex -25.217 -6.75687 0
      vertex -1.13137 6.86863 0
      vertex -24.7211 -8.39167 0
    endloop
  endfacet
  facet normal 0 0 -1
    outer loop
      vertex -1.6 8 0
      vertex -11.5466 23.4142 0
      vertex -9.99054 24.1193 0
    endloop
  endfacet
  facet normal -0 0 -1
    outer loop
      vertex -1.13137 6.86863 0
      vertex -25.217 -6.75687 0
      vertex -1.20294 6.94505 0
    endloop
  endfacet
  facet normal 0 0 -1
    outer loop
      vertex -1.6 8 0
      vertex -13.0533 22.6089 0
      vertex -11.5466 23.4142 0
    endloop
  endfacet
  facet normal 0 0 -1
    outer loop
      vertex -25.6049 -5.09313 0
      vertex -1.20294 6.94505 0
      vertex -25.217 -6.75687 0
    endloop
  endfacet
  facet normal 0 0 -1
    outer loop
      vertex -1.6 8 0
      vertex -14.504 21.7068 0
      vertex -13.0533 22.6089 0
    endloop
  endfacet
  facet normal -0 0 -1
    outer loop
      vertex -1.20294 6.94505 0
      vertex -25.6049 -5.09313 0
      vertex -1.26937 7.02598 0
    endloop
  endfacet
  facet normal 0 0 -1
    outer loop
      vertex -1.6 8 0
      vertex -15.8927 20.7117 0
      vertex -14.504 21.7068 0
    endloop
  endfacet
  facet normal 0 0 -1
    outer loop
      vertex -25.8832 -3.40759 0
      vertex -1.26937 7.02598 0
      vertex -25.6049 -5.09313 0
    endloop
  endfacet
  facet normal 0 0 -1
    outer loop
      vertex -1.6 8 0
      vertex -17.2132 19.6279 0
      vertex -15.8927 20.7117 0
    endloop
  endfacet
  facet normal 0 0 -1
    outer loop
      vertex -26.0506 -1.70745 0
      vertex -1.26937 7.02598 0
      vertex -25.8832 -3.40759 0
    endloop
  endfacet
  facet normal 0 0 -1
    outer loop
      vertex -1.6 8 0
      vertex -18.4601 18.4601 0
      vertex -17.2132 19.6279 0
    endloop
  endfacet
  facet normal -0 0 -1
    outer loop
      vertex -1.26937 7.02598 0
      vertex -26.0506 -1.70745 0
      vertex -1.33035 7.11109 0
    endloop
  endfacet
  facet normal 0 0 -1
    outer loop
      vertex -1.6 8 0
      vertex -19.6279 17.2132 0
      vertex -18.4601 18.4601 0
    endloop
  endfacet
  facet normal 0 0 -1
    outer loop
      vertex -26.1065 0 0
      vertex -1.33035 7.11109 0
      vertex -26.0506 -1.70745 0
    endloop
  endfacet
  facet normal 0 0 -1
    outer loop
      vertex -1.6 8 0
      vertex -20.7117 15.8927 0
      vertex -19.6279 17.2132 0
    endloop
  endfacet
  facet normal -0 0 -1
    outer loop
      vertex -1.33035 7.11109 0
      vertex -26.1065 0 0
      vertex -1.38564 7.2 0
    endloop
  endfacet
  facet normal 0 0 -1
    outer loop
      vertex -1.6 8 0
      vertex -21.7068 14.504 0
      vertex -20.7117 15.8927 0
    endloop
  endfacet
  facet normal 0 -0 -1
    outer loop
      vertex -26.0506 1.70745 0
      vertex -1.38564 7.2 0
      vertex -26.1065 0 0
    endloop
  endfacet
  facet normal 0 0 -1
    outer loop
      vertex -1.6 8 0
      vertex -22.6089 13.0533 0
      vertex -21.7068 14.504 0
    endloop
  endfacet
  facet normal -0 0 -1
    outer loop
      vertex -1.38564 7.2 0
      vertex -26.0506 1.70745 0
      vertex -1.435 7.29234 0
    endloop
  endfacet
  facet normal 0 0 -1
    outer loop
      vertex -1.59657 7.89535 0
      vertex -22.6089 13.0533 0
      vertex -1.6 8 0
    endloop
  endfacet
  facet normal 0 -0 -1
    outer loop
      vertex -25.8832 3.40759 0
      vertex -1.435 7.29234 0
      vertex -26.0506 1.70745 0
    endloop
  endfacet
  facet normal 0 -0 -1
    outer loop
      vertex -22.6089 13.0533 0
      vertex -1.59657 7.89535 0
      vertex -23.4142 11.5466 0
    endloop
  endfacet
  facet normal -0 0 -1
    outer loop
      vertex -1.435 7.29234 0
      vertex -25.8832 3.40759 0
      vertex -1.47821 7.38771 0
    endloop
  endfacet
  facet normal 0 0 -1
    outer loop
      vertex -1.58631 7.79116 0
      vertex -23.4142 11.5466 0
      vertex -1.59657 7.89535 0
    endloop
  endfacet
  facet normal 0 -0 -1
    outer loop
      vertex -25.6049 5.09313 0
      vertex -1.47821 7.38771 0
      vertex -25.8832 3.40759 0
    endloop
  endfacet
  facet normal 0 -0 -1
    outer loop
      vertex -23.4142 11.5466 0
      vertex -1.58631 7.79116 0
      vertex -24.1193 9.99054 0
    endloop
  endfacet
  facet normal -0 0 -1
    outer loop
      vertex -1.47821 7.38771 0
      vertex -25.6049 5.09313 0
      vertex -1.51509 7.4857 0
    endloop
  endfacet
  facet normal 0 0 -1
    outer loop
      vertex -1.56926 7.68785 0
      vertex -24.1193 9.99054 0
      vertex -1.58631 7.79116 0
    endloop
  endfacet
  facet normal 0 -0 -1
    outer loop
      vertex -25.217 6.75687 0
      vertex -1.51509 7.4857 0
      vertex -25.6049 5.09313 0
    endloop
  endfacet
  facet normal 0 -0 -1
    outer loop
      vertex -24.1193 9.99054 0
      vertex -1.56926 7.68785 0
      vertex -24.7211 8.39167 0
    endloop
  endfacet
  facet normal -0 0 -1
    outer loop
      vertex -1.51509 7.4857 0
      vertex -25.217 6.75687 0
      vertex -1.54548 7.58589 0
    endloop
  endfacet
  facet normal 0 0 -1
    outer loop
      vertex -1.54548 7.58589 0
      vertex -24.7211 8.39167 0
      vertex -1.56926 7.68785 0
    endloop
  endfacet
  facet normal 0 -0 -1
    outer loop
      vertex -24.7211 8.39167 0
      vertex -1.54548 7.58589 0
      vertex -25.217 6.75687 0
    endloop
  endfacet
  facet normal 0 0 -1
    outer loop
      vertex 2.38157 31.2315 0
      vertex 4.54663 32.4815 0
      vertex 2.4664 31.0728 0
    endloop
  endfacet
  facet normal -0 0 -1
    outer loop
      vertex 4.54663 32.4815 0
      vertex 2.38157 31.2315 0
      vertex 4.36522 32.7733 0
    endloop
  endfacet
  facet normal 0 0 -1
    outer loop
      vertex 2.28654 31.3844 0
      vertex 4.36522 32.7733 0
      vertex 2.38157 31.2315 0
    endloop
  endfacet
  facet normal -0 0 -1
    outer loop
      vertex 4.36522 32.7733 0
      vertex 2.28654 31.3844 0
      vertex 4.1651 33.0525 0
    endloop
  endfacet
  facet normal 0 0 -1
    outer loop
      vertex 2.18172 31.5306 0
      vertex 4.1651 33.0525 0
      vertex 2.28654 31.3844 0
    endloop
  endfacet
  facet normal -0 0 -1
    outer loop
      vertex 4.1651 33.0525 0
      vertex 2.18172 31.5306 0
      vertex 3.94716 33.3181 0
    endloop
  endfacet
  facet normal 0 0 -1
    outer loop
      vertex 2.06756 31.6697 0
      vertex 3.94716 33.3181 0
      vertex 2.18172 31.5306 0
    endloop
  endfacet
  facet normal -0 0 -1
    outer loop
      vertex 3.94716 33.3181 0
      vertex 2.06756 31.6697 0
      vertex 3.71231 33.5688 0
    endloop
  endfacet
  facet normal 0 0 -1
    outer loop
      vertex 1.94454 31.8011 0
      vertex 3.71231 33.5688 0
      vertex 2.06756 31.6697 0
    endloop
  endfacet
  facet normal -0 0 -1
    outer loop
      vertex 3.71231 33.5688 0
      vertex 1.94454 31.8011 0
      vertex 3.46157 33.8037 0
    endloop
  endfacet
  facet normal 0 0 -1
    outer loop
      vertex 1.8132 31.9241 0
      vertex 3.46157 33.8037 0
      vertex 1.94454 31.8011 0
    endloop
  endfacet
  facet normal -0 0 -1
    outer loop
      vertex 3.46157 33.8037 0
      vertex 1.8132 31.9241 0
      vertex 3.196 34.0216 0
    endloop
  endfacet
  facet normal 0 0 -1
    outer loop
      vertex 1.67409 32.0383 0
      vertex 3.196 34.0216 0
      vertex 1.8132 31.9241 0
    endloop
  endfacet
  facet normal -0 0 -1
    outer loop
      vertex 3.196 34.0216 0
      vertex 1.67409 32.0383 0
      vertex 2.91674 34.2218 0
    endloop
  endfacet
  facet normal 0 0 -1
    outer loop
      vertex 1.52782 32.1431 0
      vertex 2.91674 34.2218 0
      vertex 1.67409 32.0383 0
    endloop
  endfacet
  facet normal -0 0 -1
    outer loop
      vertex 2.91674 34.2218 0
      vertex 1.52782 32.1431 0
      vertex 2.625 34.4032 0
    endloop
  endfacet
  facet normal 0 0 -1
    outer loop
      vertex 1.375 32.2381 0
      vertex 2.625 34.4032 0
      vertex 1.52782 32.1431 0
    endloop
  endfacet
  facet normal -0 0 -1
    outer loop
      vertex 2.625 34.4032 0
      vertex 1.375 32.2381 0
      vertex 2.32201 34.5651 0
    endloop
  endfacet
  facet normal 0 0 -1
    outer loop
      vertex 1.21629 32.3229 0
      vertex 2.32201 34.5651 0
      vertex 1.375 32.2381 0
    endloop
  endfacet
  facet normal -0 0 -1
    outer loop
      vertex 2.32201 34.5651 0
      vertex 1.21629 32.3229 0
      vertex 2.00909 34.7069 0
    endloop
  endfacet
  facet normal 0 0 -1
    outer loop
      vertex 1.05238 32.3972 0
      vertex 2.00909 34.7069 0
      vertex 1.21629 32.3229 0
    endloop
  endfacet
  facet normal -0 0 -1
    outer loop
      vertex 2.00909 34.7069 0
      vertex 1.05238 32.3972 0
      vertex 1.68756 34.8279 0
    endloop
  endfacet
  facet normal 0 0 -1
    outer loop
      vertex 0.883958 32.4606 0
      vertex 1.68756 34.8279 0
      vertex 1.05238 32.3972 0
    endloop
  endfacet
  facet normal -0 0 -1
    outer loop
      vertex 1.68756 34.8279 0
      vertex 0.883958 32.4606 0
      vertex 1.3588 34.9277 0
    endloop
  endfacet
  facet normal 0 0 -1
    outer loop
      vertex 0.711752 32.5128 0
      vertex 1.3588 34.9277 0
      vertex 0.883958 32.4606 0
    endloop
  endfacet
  facet normal -0 0 -1
    outer loop
      vertex 1.3588 34.9277 0
      vertex 0.711752 32.5128 0
      vertex 1.02422 35.0057 0
    endloop
  endfacet
  facet normal 0 0 -1
    outer loop
      vertex 0.536498 32.5537 0
      vertex 1.02422 35.0057 0
      vertex 0.711752 32.5128 0
    endloop
  endfacet
  facet normal -0 0 -1
    outer loop
      vertex 1.02422 35.0057 0
      vertex 0.536498 32.5537 0
      vertex 0.685262 35.0616 0
    endloop
  endfacet
  facet normal 0 0 -1
    outer loop
      vertex 0.358947 32.583 0
      vertex 0.685262 35.0616 0
      vertex 0.536498 32.5537 0
    endloop
  endfacet
  facet normal 0 0 -1
    outer loop
      vertex 0.358947 32.583 0
      vertex 0.343366 35.0953 0
      vertex 0.685262 35.0616 0
    endloop
  endfacet
  facet normal 0 0 -1
    outer loop
      vertex 0.179858 32.6007 0
      vertex 0.343366 35.0953 0
      vertex 0.358947 32.583 0
    endloop
  endfacet
  facet normal 0 0 -1
    outer loop
      vertex 0 32.6065 0
      vertex 0.343366 35.0953 0
      vertex 0.179858 32.6007 0
    endloop
  endfacet
  facet normal 0 0 -1
    outer loop
      vertex 0 32.6065 0
      vertex 0 35.1065 0
      vertex 0.343366 35.0953 0
    endloop
  endfacet
  facet normal 0 0 -1
    outer loop
      vertex -0.179858 32.6007 0
      vertex 0 35.1065 0
      vertex 0 32.6065 0
    endloop
  endfacet
  facet normal 0 0 -1
    outer loop
      vertex -0.179858 32.6007 0
      vertex -0.343366 35.0953 0
      vertex 0 35.1065 0
    endloop
  endfacet
  facet normal 0 0 -1
    outer loop
      vertex -0.358947 32.583 0
      vertex -0.343366 35.0953 0
      vertex -0.179858 32.6007 0
    endloop
  endfacet
  facet normal 0 0 -1
    outer loop
      vertex -0.685262 35.0616 0
      vertex -0.358947 32.583 0
      vertex -0.536498 32.5537 0
    endloop
  endfacet
  facet normal 0 0 -1
    outer loop
      vertex -0.358947 32.583 0
      vertex -0.685262 35.0616 0
      vertex -0.343366 35.0953 0
    endloop
  endfacet
  facet normal 0 0 -1
    outer loop
      vertex -1.02422 35.0057 0
      vertex -0.536498 32.5537 0
      vertex -0.711752 32.5128 0
    endloop
  endfacet
  facet normal 0 0 -1
    outer loop
      vertex -1.3588 34.9277 0
      vertex -0.711752 32.5128 0
      vertex -0.883958 32.4606 0
    endloop
  endfacet
  facet normal 0 0 -1
    outer loop
      vertex -0.536498 32.5537 0
      vertex -1.02422 35.0057 0
      vertex -0.685262 35.0616 0
    endloop
  endfacet
  facet normal 0 0 -1
    outer loop
      vertex -1.68756 34.8279 0
      vertex -0.883958 32.4606 0
      vertex -1.05238 32.3972 0
    endloop
  endfacet
  facet normal 0 0 -1
    outer loop
      vertex -2.00909 34.7069 0
      vertex -1.05238 32.3972 0
      vertex -1.21629 32.3229 0
    endloop
  endfacet
  facet normal 0 0 -1
    outer loop
      vertex -0.711752 32.5128 0
      vertex -1.3588 34.9277 0
      vertex -1.02422 35.0057 0
    endloop
  endfacet
  facet normal 0 0 -1
    outer loop
      vertex -2.32201 34.5651 0
      vertex -1.21629 32.3229 0
      vertex -1.375 32.2381 0
    endloop
  endfacet
  facet normal 0 0 -1
    outer loop
      vertex -2.625 34.4032 0
      vertex -1.375 32.2381 0
      vertex -1.52782 32.1431 0
    endloop
  endfacet
  facet normal 0 0 -1
    outer loop
      vertex -2.91674 34.2218 0
      vertex -1.52782 32.1431 0
      vertex -1.67409 32.0383 0
    endloop
  endfacet
  facet normal 0 0 -1
    outer loop
      vertex -0.883958 32.4606 0
      vertex -1.68756 34.8279 0
      vertex -1.3588 34.9277 0
    endloop
  endfacet
  facet normal 0 0 -1
    outer loop
      vertex -2.91674 34.2218 0
      vertex -1.67409 32.0383 0
      vertex -1.8132 31.9241 0
    endloop
  endfacet
  facet normal 0 0 -1
    outer loop
      vertex -2.91674 34.2218 0
      vertex -1.8132 31.9241 0
      vertex -1.94454 31.8011 0
    endloop
  endfacet
  facet normal 0 0 -1
    outer loop
      vertex -1.05238 32.3972 0
      vertex -2.00909 34.7069 0
      vertex -1.68756 34.8279 0
    endloop
  endfacet
  facet normal 0 0 -1
    outer loop
      vertex -2.91674 34.2218 0
      vertex -1.94454 31.8011 0
      vertex -2.06756 31.6697 0
    endloop
  endfacet
  facet normal 0 0 -1
    outer loop
      vertex -2.91674 34.2218 0
      vertex -2.06756 31.6697 0
      vertex -2.18172 31.5306 0
    endloop
  endfacet
  facet normal 0 0 -1
    outer loop
      vertex -2.91674 34.2218 0
      vertex -2.18172 31.5306 0
      vertex -2.28654 31.3844 0
    endloop
  endfacet
  facet normal 0 0 -1
    outer loop
      vertex -1.21629 32.3229 0
      vertex -2.32201 34.5651 0
      vertex -2.00909 34.7069 0
    endloop
  endfacet
  facet normal 0 0 -1
    outer loop
      vertex -2.91674 34.2218 0
      vertex -2.28654 31.3844 0
      vertex -2.38157 31.2315 0
    endloop
  endfacet
  facet normal 0 0 -1
    outer loop
      vertex -2.91674 34.2218 0
      vertex -2.38157 31.2315 0
      vertex -2.4664 31.0728 0
    endloop
  endfacet
  facet normal 0 0 -1
    outer loop
      vertex -2.91674 34.2218 0
      vertex -2.4664 31.0728 0
      vertex -2.54067 30.9089 0
    endloop
  endfacet
  facet normal 0 0 -1
    outer loop
      vertex -2.91674 34.2218 0
      vertex -2.54067 30.9089 0
      vertex -2.60406 30.7405 0
    endloop
  endfacet
  facet normal 0 0 -1
    outer loop
      vertex -1.375 32.2381 0
      vertex -2.625 34.4032 0
      vertex -2.32201 34.5651 0
    endloop
  endfacet
  facet normal 0 0 -1
    outer loop
      vertex -2.91674 34.2218 0
      vertex -2.60406 30.7405 0
      vertex -2.6563 30.5683 0
    endloop
  endfacet
  facet normal 0 0 -1
    outer loop
      vertex -2.91674 34.2218 0
      vertex -2.6563 30.5683 0
      vertex -2.69716 30.393 0
    endloop
  endfacet
  facet normal 0 0 -1
    outer loop
      vertex -2.91674 34.2218 0
      vertex -2.69716 30.393 0
      vertex -2.72647 30.2155 0
    endloop
  endfacet
  facet normal 0 0 -1
    outer loop
      vertex -2.91674 34.2218 0
      vertex -2.72647 30.2155 0
      vertex -2.74411 30.0364 0
    endloop
  endfacet
  facet normal 0 0 -1
    outer loop
      vertex -2.91674 34.2218 0
      vertex -2.74411 30.0364 0
      vertex -2.75 29.8565 0
    endloop
  endfacet
  facet normal 0 0 -1
    outer loop
      vertex -1.52782 32.1431 0
      vertex -2.91674 34.2218 0
      vertex -2.625 34.4032 0
    endloop
  endfacet
  facet normal -0 0 -1
    outer loop
      vertex 11.5466 23.4142 0
      vertex 1.13137 9.13137 0
      vertex 9.99054 24.1193 0
    endloop
  endfacet
  facet normal 0 0 -1
    outer loop
      vertex 4.36522 26.9398 0
      vertex 2.28654 28.3287 0
      vertex 2.38157 28.4815 0
    endloop
  endfacet
  facet normal 0 0 -1
    outer loop
      vertex 1.05495 9.20294 0
      vertex 9.99054 24.1193 0
      vertex 1.13137 9.13137 0
    endloop
  endfacet
  facet normal 0 0 -1
    outer loop
      vertex 4.1651 26.6605 0
      vertex 2.18172 28.1824 0
      vertex 2.28654 28.3287 0
    endloop
  endfacet
  facet normal 0 0 -1
    outer loop
      vertex 0.974018 9.26937 0
      vertex 9.99054 24.1193 0
      vertex 1.05495 9.20294 0
    endloop
  endfacet
  facet normal 0 0 -1
    outer loop
      vertex 3.94716 26.395 0
      vertex 2.06756 28.0433 0
      vertex 2.18172 28.1824 0
    endloop
  endfacet
  facet normal -0 0 -1
    outer loop
      vertex 9.99054 24.1193 0
      vertex 0.974018 9.26937 0
      vertex 8.39167 24.7211 0
    endloop
  endfacet
  facet normal 0 0 -1
    outer loop
      vertex 3.71231 26.1442 0
      vertex 1.94454 27.912 0
      vertex 2.06756 28.0433 0
    endloop
  endfacet
  facet normal 0 0 -1
    outer loop
      vertex 0.888912 9.33035 0
      vertex 8.39167 24.7211 0
      vertex 0.974018 9.26937 0
    endloop
  endfacet
  facet normal 0 0 -1
    outer loop
      vertex 3.46157 25.9094 0
      vertex 1.8132 27.789 0
      vertex 1.94454 27.912 0
    endloop
  endfacet
  facet normal 0 0 -1
    outer loop
      vertex 0.799999 9.38564 0
      vertex 8.39167 24.7211 0
      vertex 0.888912 9.33035 0
    endloop
  endfacet
  facet normal 0 0 -1
    outer loop
      vertex 3.42596 25.8802 0
      vertex 1.67409 27.6748 0
      vertex 1.8132 27.789 0
    endloop
  endfacet
  facet normal -0 0 -1
    outer loop
      vertex 8.39167 24.7211 0
      vertex 0.799999 9.38564 0
      vertex 6.75687 25.217 0
    endloop
  endfacet
  facet normal 0 0 -1
    outer loop
      vertex 3.42596 25.8802 0
      vertex 1.52782 27.57 0
      vertex 1.67409 27.6748 0
    endloop
  endfacet
  facet normal 0 0 -1
    outer loop
      vertex 0.707662 9.435 0
      vertex 6.75687 25.217 0
      vertex 0.799999 9.38564 0
    endloop
  endfacet
  facet normal 0 0 -1
    outer loop
      vertex 3.42596 25.8802 0
      vertex 1.375 27.475 0
      vertex 1.52782 27.57 0
    endloop
  endfacet
  facet normal 0 0 -1
    outer loop
      vertex 0.612293 9.47821 0
      vertex 6.75687 25.217 0
      vertex 0.707662 9.435 0
    endloop
  endfacet
  facet normal -0 0 -1
    outer loop
      vertex 6.75687 25.217 0
      vertex 0.612293 9.47821 0
      vertex 5.09313 25.6049 0
    endloop
  endfacet
  facet normal 0 0 -1
    outer loop
      vertex 3.42596 25.8802 0
      vertex 1.21629 27.3901 0
      vertex 1.375 27.475 0
    endloop
  endfacet
  facet normal 0 0 -1
    outer loop
      vertex 0.514302 9.51509 0
      vertex 5.09313 25.6049 0
      vertex 0.612293 9.47821 0
    endloop
  endfacet
  facet normal 0 0 -1
    outer loop
      vertex 3.42596 25.8802 0
      vertex 1.05238 27.3159 0
      vertex 1.21629 27.3901 0
    endloop
  endfacet
  facet normal -0 0 -1
    outer loop
      vertex 5.09313 25.6049 0
      vertex 0.514302 9.51509 0
      vertex 3.42596 25.8802 0
    endloop
  endfacet
  facet normal 0 0 -1
    outer loop
      vertex 3.42596 25.8802 0
      vertex 0.883958 27.2525 0
      vertex 1.05238 27.3159 0
    endloop
  endfacet
  facet normal 0 0 -1
    outer loop
      vertex 0.41411 9.54548 0
      vertex 3.42596 25.8802 0
      vertex 0.514302 9.51509 0
    endloop
  endfacet
  facet normal 0 0 -1
    outer loop
      vertex 3.42596 25.8802 0
      vertex 0.711752 27.2002 0
      vertex 0.883958 27.2525 0
    endloop
  endfacet
  facet normal 0 0 -1
    outer loop
      vertex 0.312144 9.56926 0
      vertex 3.42596 25.8802 0
      vertex 0.41411 9.54548 0
    endloop
  endfacet
  facet normal 0 0 -1
    outer loop
      vertex 3.42596 25.8802 0
      vertex 0.536498 27.1594 0
      vertex 0.711752 27.2002 0
    endloop
  endfacet
  facet normal 0 0 -1
    outer loop
      vertex 0.208841 9.58631 0
      vertex 3.42596 25.8802 0
      vertex 0.312144 9.56926 0
    endloop
  endfacet
  facet normal 0 0 -1
    outer loop
      vertex 3.42596 25.8802 0
      vertex 0.358947 27.1301 0
      vertex 0.536498 27.1594 0
    endloop
  endfacet
  facet normal 0 0 -1
    outer loop
      vertex 0.104645 9.59657 0
      vertex 3.42596 25.8802 0
      vertex 0.208841 9.58631 0
    endloop
  endfacet
  facet normal 0 0 -1
    outer loop
      vertex 3.42596 25.8802 0
      vertex 0.179858 27.1124 0
      vertex 0.358947 27.1301 0
    endloop
  endfacet
  facet normal 0 0 -1
    outer loop
      vertex 0 9.6 0
      vertex 3.42596 25.8802 0
      vertex 0.104645 9.59657 0
    endloop
  endfacet
  facet normal 0 0 -1
    outer loop
      vertex -0.104645 9.59657 0
      vertex 3.42596 25.8802 0
      vertex 0 9.6 0
    endloop
  endfacet
  facet normal 0 0 -1
    outer loop
      vertex 3.42596 25.8802 0
      vertex 0 27.1065 0
      vertex 0.179858 27.1124 0
    endloop
  endfacet
  facet normal 0 0 -1
    outer loop
      vertex -0.208841 9.58631 0
      vertex 3.42596 25.8802 0
      vertex -0.104645 9.59657 0
    endloop
  endfacet
  facet normal 0 0 -1
    outer loop
      vertex 3.42596 25.8802 0
      vertex -0.179858 27.1124 0
      vertex 0 27.1065 0
    endloop
  endfacet
  facet normal -0 0 -1
    outer loop
      vertex 3.42596 25.8802 0
      vertex -0.208841 9.58631 0
      vertex -0.179858 27.1124 0
    endloop
  endfacet
  facet normal 0 0 -1
    outer loop
      vertex -0.358947 27.1301 0
      vertex -0.208841 9.58631 0
      vertex -0.312144 9.56926 0
    endloop
  endfacet
  facet normal 0 0 -1
    outer loop
      vertex -0.208841 9.58631 0
      vertex -0.358947 27.1301 0
      vertex -0.179858 27.1124 0
    endloop
  endfacet
  facet normal 0 0 -1
    outer loop
      vertex -0.536498 27.1594 0
      vertex -0.312144 9.56926 0
      vertex -0.41411 9.54548 0
    endloop
  endfacet
  facet normal 0 0 -1
    outer loop
      vertex -0.711752 27.2002 0
      vertex -0.41411 9.54548 0
      vertex -0.514302 9.51509 0
    endloop
  endfacet
  facet normal 0 0 -1
    outer loop
      vertex -0.312144 9.56926 0
      vertex -0.536498 27.1594 0
      vertex -0.358947 27.1301 0
    endloop
  endfacet
  facet normal 0 0 -1
    outer loop
      vertex -0.883958 27.2525 0
      vertex -0.514302 9.51509 0
      vertex -0.612293 9.47821 0
    endloop
  endfacet
  facet normal 0 0 -1
    outer loop
      vertex -1.05238 27.3159 0
      vertex -0.612293 9.47821 0
      vertex -0.707662 9.435 0
    endloop
  endfacet
  facet normal 0 0 -1
    outer loop
      vertex -0.41411 9.54548 0
      vertex -0.711752 27.2002 0
      vertex -0.536498 27.1594 0
    endloop
  endfacet
  facet normal 0 0 -1
    outer loop
      vertex -1.21629 27.3901 0
      vertex -0.707662 9.435 0
      vertex -0.799999 9.38564 0
    endloop
  endfacet
  facet normal 0 0 -1
    outer loop
      vertex -0.514302 9.51509 0
      vertex -0.883958 27.2525 0
      vertex -0.711752 27.2002 0
    endloop
  endfacet
  facet normal 0 0 -1
    outer loop
      vertex -1.375 27.475 0
      vertex -0.799999 9.38564 0
      vertex -0.888912 9.33035 0
    endloop
  endfacet
  facet normal 0 0 -1
    outer loop
      vertex -1.375 27.475 0
      vertex -0.888912 9.33035 0
      vertex -0.974018 9.26937 0
    endloop
  endfacet
  facet normal 0 0 -1
    outer loop
      vertex -0.612293 9.47821 0
      vertex -1.05238 27.3159 0
      vertex -0.883958 27.2525 0
    endloop
  endfacet
  facet normal 0 0 -1
    outer loop
      vertex -1.52782 27.57 0
      vertex -0.974018 9.26937 0
      vertex -1.05495 9.20294 0
    endloop
  endfacet
  facet normal 0 0 -1
    outer loop
      vertex -1.67409 27.6748 0
      vertex -1.05495 9.20294 0
      vertex -1.13137 9.13137 0
    endloop
  endfacet
  facet normal 0 0 -1
    outer loop
      vertex -1.67409 27.6748 0
      vertex -1.13137 9.13137 0
      vertex -1.20294 9.05495 0
    endloop
  endfacet
  facet normal 0 0 -1
    outer loop
      vertex -0.707662 9.435 0
      vertex -1.21629 27.3901 0
      vertex -1.05238 27.3159 0
    endloop
  endfacet
  facet normal 0 0 -1
    outer loop
      vertex -1.67409 27.6748 0
      vertex -1.20294 9.05495 0
      vertex -1.26937 8.97402 0
    endloop
  endfacet
  facet normal 0 0 -1
    outer loop
      vertex -1.67409 27.6748 0
      vertex -1.26937 8.97402 0
      vertex -1.33035 8.88891 0
    endloop
  endfacet
  facet normal 0 0 -1
    outer loop
      vertex -0.799999 9.38564 0
      vertex -1.375 27.475 0
      vertex -1.21629 27.3901 0
    endloop
  endfacet
  facet normal 0 0 -1
    outer loop
      vertex -1.67409 27.6748 0
      vertex -1.33035 8.88891 0
      vertex -1.38564 8.8 0
    endloop
  endfacet
  facet normal 0 0 -1
    outer loop
      vertex -1.67409 27.6748 0
      vertex -1.38564 8.8 0
      vertex -1.435 8.70766 0
    endloop
  endfacet
  facet normal 0 0 -1
    outer loop
      vertex -1.67409 27.6748 0
      vertex -1.435 8.70766 0
      vertex -1.47821 8.61229 0
    endloop
  endfacet
  facet normal 0 0 -1
    outer loop
      vertex -1.67409 27.6748 0
      vertex -1.47821 8.61229 0
      vertex -1.51509 8.5143 0
    endloop
  endfacet
  facet normal 0 0 -1
    outer loop
      vertex -0.974018 9.26937 0
      vertex -1.52782 27.57 0
      vertex -1.375 27.475 0
    endloop
  endfacet
  facet normal 0 0 -1
    outer loop
      vertex -1.67409 27.6748 0
      vertex -1.51509 8.5143 0
      vertex -1.54548 8.41411 0
    endloop
  endfacet
  facet normal 0 0 -1
    outer loop
      vertex -1.67409 27.6748 0
      vertex -1.54548 8.41411 0
      vertex -1.56926 8.31214 0
    endloop
  endfacet
  facet normal 0 0 -1
    outer loop
      vertex -1.67409 27.6748 0
      vertex -1.56926 8.31214 0
      vertex -1.58631 8.20884 0
    endloop
  endfacet
  facet normal 0 0 -1
    outer loop
      vertex -1.67409 27.6748 0
      vertex -1.58631 8.20884 0
      vertex -1.59657 8.10464 0
    endloop
  endfacet
  facet normal 0 0 -1
    outer loop
      vertex -1.67409 27.6748 0
      vertex -1.59657 8.10464 0
      vertex -1.6 8 0
    endloop
  endfacet
  facet normal 0 0 -1
    outer loop
      vertex -1.05495 9.20294 0
      vertex -1.67409 27.6748 0
      vertex -1.52782 27.57 0
    endloop
  endfacet
  facet normal -0.582641 0.812729 0
    outer loop
      vertex -2.91674 34.2218 0
      vertex -3.196 34.0216 16.5
      vertex -2.91674 34.2218 16.5
    endloop
  endfacet
  facet normal -0.582641 0.812729 0
    outer loop
      vertex -3.196 34.0216 16.5
      vertex -2.91674 34.2218 0
      vertex -3.196 34.0216 0
    endloop
  endfacet
  facet normal -0.528035 0.849223 0
    outer loop
      vertex -2.625 34.4032 0
      vertex -2.91674 34.2218 16.5
      vertex -2.625 34.4032 16.5
    endloop
  endfacet
  facet normal -0.528035 0.849223 0
    outer loop
      vertex -2.91674 34.2218 16.5
      vertex -2.625 34.4032 0
      vertex -2.91674 34.2218 0
    endloop
  endfacet
  facet normal 0.812879 -0.582432 0
    outer loop
      vertex 4.1651 26.6605 16.5
      vertex 4.36522 26.9398 0
      vertex 4.36522 26.9398 16.5
    endloop
  endfacet
  facet normal 0.812879 -0.582432 0
    outer loop
      vertex 4.36522 26.9398 0
      vertex 4.1651 26.6605 16.5
      vertex 4.1651 26.6605 0
    endloop
  endfacet
  facet normal 0.634077 -0.77327 0
    outer loop
      vertex 3.42596 25.8802 0
      vertex 3.46157 25.9094 16.5
      vertex 3.42596 25.8802 16.5
    endloop
  endfacet
  facet normal 0.634077 -0.77327 0
    outer loop
      vertex 3.46157 25.9094 16.5
      vertex 3.42596 25.8802 0
      vertex 3.46157 25.9094 0
    endloop
  endfacet
  facet normal -0.634077 -0.77327 0
    outer loop
      vertex -3.46157 25.9094 0
      vertex -3.42596 25.8802 16.5
      vertex -3.46157 25.9094 16.5
    endloop
  endfacet
  facet normal -0.634077 -0.77327 -0
    outer loop
      vertex -3.42596 25.8802 16.5
      vertex -3.46157 25.9094 0
      vertex -3.42596 25.8802 0
    endloop
  endfacet
  facet normal 0.162719 0.986672 -0
    outer loop
      vertex 1.02422 35.0057 0
      vertex 0.685262 35.0616 16.5
      vertex 1.02422 35.0057 16.5
    endloop
  endfacet
  facet normal 0.162719 0.986672 0
    outer loop
      vertex 0.685262 35.0616 16.5
      vertex 1.02422 35.0057 0
      vertex 0.685262 35.0616 0
    endloop
  endfacet
  facet normal 0.999464 -0.0327235 0
    outer loop
      vertex 5.23876 29.5132 16.5
      vertex 5.25 29.8565 0
      vertex 5.25 29.8565 16.5
    endloop
  endfacet
  facet normal 0.999464 -0.0327235 0
    outer loop
      vertex 5.25 29.8565 0
      vertex 5.23876 29.5132 16.5
      vertex 5.23876 29.5132 0
    endloop
  endfacet
  facet normal -0.683525 -0.729927 0
    outer loop
      vertex -3.71231 26.1442 0
      vertex -3.46157 25.9094 16.5
      vertex -3.71231 26.1442 16.5
    endloop
  endfacet
  facet normal -0.683525 -0.729927 -0
    outer loop
      vertex -3.46157 25.9094 16.5
      vertex -3.71231 26.1442 0
      vertex -3.46157 25.9094 0
    endloop
  endfacet
  facet normal -0.973867 0.227119 0
    outer loop
      vertex -5.14912 30.8808 0
      vertex -5.07111 31.2153 16.5
      vertex -5.07111 31.2153 0
    endloop
  endfacet
  facet normal -0.973867 0.227119 0
    outer loop
      vertex -5.07111 31.2153 16.5
      vertex -5.14912 30.8808 0
      vertex -5.14912 30.8808 16.5
    endloop
  endfacet
  facet normal -0.22704 0.973885 0
    outer loop
      vertex -1.02422 35.0057 0
      vertex -1.3588 34.9277 16.5
      vertex -1.02422 35.0057 16.5
    endloop
  endfacet
  facet normal -0.22704 0.973885 0
    outer loop
      vertex -1.3588 34.9277 16.5
      vertex -1.02422 35.0057 0
      vertex -1.3588 34.9277 0
    endloop
  endfacet
  facet normal -0.81278 0.58257 0
    outer loop
      vertex -4.36522 32.7733 0
      vertex -4.1651 33.0525 16.5
      vertex -4.1651 33.0525 0
    endloop
  endfacet
  facet normal -0.81278 0.58257 0
    outer loop
      vertex -4.1651 33.0525 16.5
      vertex -4.36522 32.7733 0
      vertex -4.36522 32.7733 16.5
    endloop
  endfacet
  facet normal -0.773057 0.634337 0
    outer loop
      vertex -4.1651 33.0525 0
      vertex -3.94716 33.3181 16.5
      vertex -3.94716 33.3181 0
    endloop
  endfacet
  facet normal -0.773057 0.634337 0
    outer loop
      vertex -3.94716 33.3181 16.5
      vertex -4.1651 33.0525 0
      vertex -4.1651 33.0525 16.5
    endloop
  endfacet
  facet normal -0.63431 0.773078 0
    outer loop
      vertex -3.196 34.0216 0
      vertex -3.46157 33.8037 16.5
      vertex -3.196 34.0216 16.5
    endloop
  endfacet
  facet normal -0.63431 0.773078 0
    outer loop
      vertex -3.46157 33.8037 16.5
      vertex -3.196 34.0216 0
      vertex -3.46157 33.8037 0
    endloop
  endfacet
  facet normal 0.683525 -0.729927 0
    outer loop
      vertex 3.46157 25.9094 0
      vertex 3.71231 26.1442 16.5
      vertex 3.46157 25.9094 16.5
    endloop
  endfacet
  facet normal 0.683525 -0.729927 0
    outer loop
      vertex 3.71231 26.1442 16.5
      vertex 3.46157 25.9094 0
      vertex 3.71231 26.1442 0
    endloop
  endfacet
  facet normal -0.849258 0.527978 0
    outer loop
      vertex -4.54663 32.4815 0
      vertex -4.36522 32.7733 16.5
      vertex -4.36522 32.7733 0
    endloop
  endfacet
  facet normal -0.849258 0.527978 0
    outer loop
      vertex -4.36522 32.7733 16.5
      vertex -4.54663 32.4815 0
      vertex -4.54663 32.4815 16.5
    endloop
  endfacet
  facet normal -0.47128 0.881984 0
    outer loop
      vertex -2.32201 34.5651 0
      vertex -2.625 34.4032 16.5
      vertex -2.32201 34.5651 16.5
    endloop
  endfacet
  facet normal -0.47128 0.881984 0
    outer loop
      vertex -2.625 34.4032 16.5
      vertex -2.32201 34.5651 0
      vertex -2.625 34.4032 0
    endloop
  endfacet
  facet normal -0.999464 -0.0327229 0
    outer loop
      vertex 2.75 29.8565 0
      vertex 2.74411 30.0364 16.5
      vertex 2.74411 30.0364 0
    endloop
  endfacet
  facet normal -0.999464 -0.0327229 0
    outer loop
      vertex 2.74411 30.0364 16.5
      vertex 2.75 29.8565 0
      vertex 2.75 29.8565 16.5
    endloop
  endfacet
  facet normal 0.84917 0.528119 0
    outer loop
      vertex -2.28654 28.3287 16.5
      vertex -2.38157 28.4815 0
      vertex -2.38157 28.4815 16.5
    endloop
  endfacet
  facet normal 0.84917 0.528119 0
    outer loop
      vertex -2.38157 28.4815 0
      vertex -2.28654 28.3287 16.5
      vertex -2.28654 28.3287 0
    endloop
  endfacet
  facet normal -0.995185 -0.0980182 0
    outer loop
      vertex 2.74411 30.0364 0
      vertex 2.72647 30.2155 16.5
      vertex 2.72647 30.2155 0
    endloop
  endfacet
  facet normal -0.995185 -0.0980182 0
    outer loop
      vertex 2.72647 30.2155 16.5
      vertex 2.74411 30.0364 0
      vertex 2.74411 30.0364 16.5
    endloop
  endfacet
  facet normal 0.986639 -0.162921 0
    outer loop
      vertex -2.72647 30.2155 16.5
      vertex -2.69716 30.393 0
      vertex -2.69716 30.393 16.5
    endloop
  endfacet
  facet normal 0.986639 -0.162921 0
    outer loop
      vertex -2.69716 30.393 0
      vertex -2.72647 30.2155 16.5
      vertex -2.72647 30.2155 0
    endloop
  endfacet
  facet normal 0.58242 -0.812888 0
    outer loop
      vertex -1.67409 32.0383 0
      vertex -1.52782 32.1431 16.5
      vertex -1.67409 32.0383 16.5
    endloop
  endfacet
  facet normal 0.58242 -0.812888 0
    outer loop
      vertex -1.52782 32.1431 16.5
      vertex -1.67409 32.0383 0
      vertex -1.52782 32.1431 0
    endloop
  endfacet
  facet normal -0.527949 0.849276 0
    outer loop
      vertex 1.52782 27.57 0
      vertex 1.375 27.475 16.5
      vertex 1.52782 27.57 16.5
    endloop
  endfacet
  facet normal -0.527949 0.849276 0
    outer loop
      vertex 1.375 27.475 16.5
      vertex 1.52782 27.57 0
      vertex 1.375 27.475 0
    endloop
  endfacet
  facet normal 0.999464 -0.0327229 0
    outer loop
      vertex -2.75 29.8565 16.5
      vertex -2.74411 30.0364 0
      vertex -2.74411 30.0364 16.5
    endloop
  endfacet
  facet normal 0.999464 -0.0327229 0
    outer loop
      vertex -2.74411 30.0364 0
      vertex -2.75 29.8565 16.5
      vertex -2.75 29.8565 0
    endloop
  endfacet
  facet normal 0.0322309 -0.99948 0
    outer loop
      vertex -0.179858 32.6007 0
      vertex 0 32.6065 16.5
      vertex -0.179858 32.6007 16.5
    endloop
  endfacet
  facet normal 0.0322309 -0.99948 0
    outer loop
      vertex 0 32.6065 16.5
      vertex -0.179858 32.6007 0
      vertex 0 32.6065 0
    endloop
  endfacet
  facet normal -0.773001 -0.634405 0
    outer loop
      vertex 2.18172 31.5306 0
      vertex 2.06756 31.6697 16.5
      vertex 2.06756 31.6697 0
    endloop
  endfacet
  facet normal -0.773001 -0.634405 0
    outer loop
      vertex 2.06756 31.6697 16.5
      vertex 2.18172 31.5306 0
      vertex 2.18172 31.5306 16.5
    endloop
  endfacet
  facet normal -0.58242 0.812888 0
    outer loop
      vertex 1.67409 27.6748 0
      vertex 1.52782 27.57 16.5
      vertex 1.67409 27.6748 16.5
    endloop
  endfacet
  facet normal -0.58242 0.812888 0
    outer loop
      vertex 1.52782 27.57 16.5
      vertex 1.67409 27.6748 0
      vertex 1.52782 27.57 0
    endloop
  endfacet
  facet normal -0.773001 0.634405 0
    outer loop
      vertex 2.06756 28.0433 0
      vertex 2.18172 28.1824 16.5
      vertex 2.18172 28.1824 0
    endloop
  endfacet
  facet normal -0.773001 0.634405 0
    outer loop
      vertex 2.18172 28.1824 16.5
      vertex 2.06756 28.0433 0
      vertex 2.06756 28.0433 16.5
    endloop
  endfacet
  facet normal 0.986654 0.162831 0
    outer loop
      vertex -2.69716 29.32 16.5
      vertex -2.72647 29.4976 0
      vertex -2.72647 29.4976 16.5
    endloop
  endfacet
  facet normal 0.986654 0.162831 0
    outer loop
      vertex -2.72647 29.4976 0
      vertex -2.69716 29.32 16.5
      vertex -2.69716 29.32 0
    endloop
  endfacet
  facet normal -0.881914 0.47141 0
    outer loop
      vertex 2.38157 28.4815 0
      vertex 2.4664 28.6402 16.5
      vertex 2.4664 28.6402 0
    endloop
  endfacet
  facet normal -0.881914 0.47141 0
    outer loop
      vertex 2.4664 28.6402 16.5
      vertex 2.38157 28.4815 0
      vertex 2.38157 28.4815 16.5
    endloop
  endfacet
  facet normal -0.352301 -0.935887 0
    outer loop
      vertex 0.883958 32.4606 0
      vertex 1.05238 32.3972 16.5
      vertex 0.883958 32.4606 16.5
    endloop
  endfacet
  facet normal -0.352301 -0.935887 -0
    outer loop
      vertex 1.05238 32.3972 16.5
      vertex 0.883958 32.4606 0
      vertex 1.05238 32.3972 0
    endloop
  endfacet
  facet normal -0.849325 -0.52787 0
    outer loop
      vertex 2.38157 31.2315 0
      vertex 2.28654 31.3844 16.5
      vertex 2.28654 31.3844 0
    endloop
  endfacet
  facet normal -0.849325 -0.52787 0
    outer loop
      vertex 2.28654 31.3844 16.5
      vertex 2.38157 31.2315 0
      vertex 2.38157 31.2315 16.5
    endloop
  endfacet
  facet normal 0.352301 -0.935887 0
    outer loop
      vertex -1.05238 32.3972 0
      vertex -0.883958 32.4606 16.5
      vertex -1.05238 32.3972 16.5
    endloop
  endfacet
  facet normal 0.352301 -0.935887 0
    outer loop
      vertex -0.883958 32.4606 16.5
      vertex -1.05238 32.3972 0
      vertex -0.883958 32.4606 0
    endloop
  endfacet
  facet normal 0.227269 -0.973832 0
    outer loop
      vertex -0.711752 32.5128 0
      vertex -0.536498 32.5537 16.5
      vertex -0.711752 32.5128 16.5
    endloop
  endfacet
  facet normal 0.227269 -0.973832 0
    outer loop
      vertex -0.536498 32.5537 16.5
      vertex -0.711752 32.5128 0
      vertex -0.536498 32.5537 0
    endloop
  endfacet
  facet normal -0.729742 0.683723 0
    outer loop
      vertex 1.94454 27.912 0
      vertex 2.06756 28.0433 16.5
      vertex 2.06756 28.0433 0
    endloop
  endfacet
  facet normal -0.729742 0.683723 0
    outer loop
      vertex 2.06756 28.0433 16.5
      vertex 1.94454 27.912 0
      vertex 1.94454 27.912 16.5
    endloop
  endfacet
  facet normal -0.956935 -0.290304 0
    outer loop
      vertex 2.6563 30.5683 0
      vertex 2.60406 30.7405 16.5
      vertex 2.60406 30.7405 0
    endloop
  endfacet
  facet normal -0.956935 -0.290304 0
    outer loop
      vertex 2.60406 30.7405 16.5
      vertex 2.6563 30.5683 0
      vertex 2.6563 30.5683 16.5
    endloop
  endfacet
  facet normal -0.0983543 0.995151 0
    outer loop
      vertex 0.358947 27.1301 0
      vertex 0.179858 27.1124 16.5
      vertex 0.358947 27.1301 16.5
    endloop
  endfacet
  facet normal -0.0983543 0.995151 0
    outer loop
      vertex 0.179858 27.1124 16.5
      vertex 0.358947 27.1301 0
      vertex 0.179858 27.1124 0
    endloop
  endfacet
  facet normal 0.683553 0.729901 -0
    outer loop
      vertex -1.8132 27.789 0
      vertex -1.94454 27.912 16.5
      vertex -1.8132 27.789 16.5
    endloop
  endfacet
  facet normal 0.683553 0.729901 0
    outer loop
      vertex -1.94454 27.912 16.5
      vertex -1.8132 27.789 0
      vertex -1.94454 27.912 0
    endloop
  endfacet
  facet normal 0.999464 0.0327411 0
    outer loop
      vertex -2.74411 29.6767 16.5
      vertex -2.75 29.8565 0
      vertex -2.75 29.8565 16.5
    endloop
  endfacet
  facet normal 0.999464 0.0327411 0
    outer loop
      vertex -2.75 29.8565 0
      vertex -2.74411 29.6767 16.5
      vertex -2.74411 29.6767 0
    endloop
  endfacet
  facet normal 0.683553 -0.729901 0
    outer loop
      vertex -1.94454 31.8011 0
      vertex -1.8132 31.9241 16.5
      vertex -1.94454 31.8011 16.5
    endloop
  endfacet
  facet normal 0.683553 -0.729901 0
    outer loop
      vertex -1.8132 31.9241 16.5
      vertex -1.94454 31.8011 0
      vertex -1.8132 31.9241 0
    endloop
  endfacet
  facet normal -0.956935 0.290304 0
    outer loop
      vertex 2.60406 28.9726 0
      vertex 2.6563 29.1448 16.5
      vertex 2.6563 29.1448 0
    endloop
  endfacet
  facet normal -0.956935 0.290304 0
    outer loop
      vertex 2.6563 29.1448 16.5
      vertex 2.60406 28.9726 0
      vertex 2.60406 28.9726 16.5
    endloop
  endfacet
  facet normal -0.0322309 -0.99948 0
    outer loop
      vertex 0 32.6065 0
      vertex 0.179858 32.6007 16.5
      vertex 0 32.6065 16.5
    endloop
  endfacet
  facet normal -0.0322309 -0.99948 -0
    outer loop
      vertex 0.179858 32.6007 16.5
      vertex 0 32.6065 0
      vertex 0.179858 32.6007 0
    endloop
  endfacet
  facet normal 0.4124 0.911003 -0
    outer loop
      vertex -1.05238 27.3159 0
      vertex -1.21629 27.3901 16.5
      vertex -1.05238 27.3159 16.5
    endloop
  endfacet
  facet normal 0.4124 0.911003 0
    outer loop
      vertex -1.21629 27.3901 16.5
      vertex -1.05238 27.3159 0
      vertex -1.21629 27.3901 0
    endloop
  endfacet
  facet normal -0.162821 -0.986656 0
    outer loop
      vertex 0.358947 32.583 0
      vertex 0.536498 32.5537 16.5
      vertex 0.358947 32.583 16.5
    endloop
  endfacet
  facet normal -0.162821 -0.986656 -0
    outer loop
      vertex 0.536498 32.5537 16.5
      vertex 0.358947 32.583 0
      vertex 0.536498 32.5537 0
    endloop
  endfacet
  facet normal -0.999464 0.0327411 0
    outer loop
      vertex 2.74411 29.6767 0
      vertex 2.75 29.8565 16.5
      vertex 2.75 29.8565 0
    endloop
  endfacet
  facet normal -0.999464 0.0327411 0
    outer loop
      vertex 2.75 29.8565 16.5
      vertex 2.74411 29.6767 0
      vertex 2.74411 29.6767 16.5
    endloop
  endfacet
  facet normal -0.986639 -0.162921 0
    outer loop
      vertex 2.72647 30.2155 0
      vertex 2.69716 30.393 16.5
      vertex 2.69716 30.393 0
    endloop
  endfacet
  facet normal -0.986639 -0.162921 0
    outer loop
      vertex 2.69716 30.393 16.5
      vertex 2.72647 30.2155 0
      vertex 2.72647 30.2155 16.5
    endloop
  endfacet
  facet normal 0.93589 -0.352293 0
    outer loop
      vertex -2.60406 30.7405 16.5
      vertex -2.54067 30.9089 0
      vertex -2.54067 30.9089 16.5
    endloop
  endfacet
  facet normal 0.93589 -0.352293 0
    outer loop
      vertex -2.54067 30.9089 0
      vertex -2.60406 30.7405 16.5
      vertex -2.60406 30.7405 0
    endloop
  endfacet
  facet normal 0.729742 0.683723 0
    outer loop
      vertex -1.94454 27.912 16.5
      vertex -2.06756 28.0433 0
      vertex -2.06756 28.0433 16.5
    endloop
  endfacet
  facet normal 0.729742 0.683723 0
    outer loop
      vertex -2.06756 28.0433 0
      vertex -1.94454 27.912 16.5
      vertex -1.94454 27.912 0
    endloop
  endfacet
  facet normal -0.910847 -0.412743 0
    outer loop
      vertex 2.54067 30.9089 0
      vertex 2.4664 31.0728 16.5
      vertex 2.4664 31.0728 0
    endloop
  endfacet
  facet normal -0.910847 -0.412743 0
    outer loop
      vertex 2.4664 31.0728 16.5
      vertex 2.54067 30.9089 0
      vertex 2.54067 30.9089 16.5
    endloop
  endfacet
  facet normal 0.773001 -0.634405 0
    outer loop
      vertex -2.18172 31.5306 16.5
      vertex -2.06756 31.6697 0
      vertex -2.06756 31.6697 16.5
    endloop
  endfacet
  facet normal 0.773001 -0.634405 0
    outer loop
      vertex -2.06756 31.6697 0
      vertex -2.18172 31.5306 16.5
      vertex -2.18172 31.5306 0
    endloop
  endfacet
  facet normal 0.162821 -0.986656 0
    outer loop
      vertex -0.536498 32.5537 0
      vertex -0.358947 32.583 16.5
      vertex -0.536498 32.5537 16.5
    endloop
  endfacet
  facet normal 0.162821 -0.986656 0
    outer loop
      vertex -0.358947 32.583 16.5
      vertex -0.536498 32.5537 0
      vertex -0.358947 32.583 0
    endloop
  endfacet
  facet normal 0.226742 0.973955 -0
    outer loop
      vertex -0.536498 27.1594 0
      vertex -0.711752 27.2002 16.5
      vertex -0.536498 27.1594 16.5
    endloop
  endfacet
  facet normal 0.226742 0.973955 0
    outer loop
      vertex -0.711752 27.2002 16.5
      vertex -0.536498 27.1594 0
      vertex -0.711752 27.2002 0
    endloop
  endfacet
  facet normal -0.634511 -0.772914 0
    outer loop
      vertex 1.67409 32.0383 0
      vertex 1.8132 31.9241 16.5
      vertex 1.67409 32.0383 16.5
    endloop
  endfacet
  facet normal -0.634511 -0.772914 -0
    outer loop
      vertex 1.8132 31.9241 16.5
      vertex 1.67409 32.0383 0
      vertex 1.8132 31.9241 0
    endloop
  endfacet
  facet normal 0.973866 0.227124 0
    outer loop
      vertex -2.6563 29.1448 16.5
      vertex -2.69716 29.32 0
      vertex -2.69716 29.32 16.5
    endloop
  endfacet
  facet normal 0.973866 0.227124 0
    outer loop
      vertex -2.69716 29.32 0
      vertex -2.6563 29.1448 16.5
      vertex -2.6563 29.1448 0
    endloop
  endfacet
  facet normal -0.032786 0.999462 0
    outer loop
      vertex 0.179858 27.1124 0
      vertex 0 27.1065 16.5
      vertex 0.179858 27.1124 16.5
    endloop
  endfacet
  facet normal -0.032786 0.999462 0
    outer loop
      vertex 0 27.1065 16.5
      vertex 0.179858 27.1124 0
      vertex 0 27.1065 0
    endloop
  endfacet
  facet normal -0.93589 -0.352293 0
    outer loop
      vertex 2.60406 30.7405 0
      vertex 2.54067 30.9089 16.5
      vertex 2.54067 30.9089 0
    endloop
  endfacet
  facet normal -0.93589 -0.352293 0
    outer loop
      vertex 2.54067 30.9089 16.5
      vertex 2.60406 30.7405 0
      vertex 2.60406 30.7405 16.5
    endloop
  endfacet
  facet normal -0.471257 -0.881996 0
    outer loop
      vertex 1.21629 32.3229 0
      vertex 1.375 32.2381 16.5
      vertex 1.21629 32.3229 16.5
    endloop
  endfacet
  facet normal -0.471257 -0.881996 -0
    outer loop
      vertex 1.375 32.2381 16.5
      vertex 1.21629 32.3229 0
      vertex 1.375 32.2381 0
    endloop
  endfacet
  facet normal 0.973894 -0.227001 0
    outer loop
      vertex -2.69716 30.393 16.5
      vertex -2.6563 30.5683 0
      vertex -2.6563 30.5683 16.5
    endloop
  endfacet
  facet normal 0.973894 -0.227001 0
    outer loop
      vertex -2.6563 30.5683 0
      vertex -2.69716 30.393 16.5
      vertex -2.69716 30.393 0
    endloop
  endfacet
  facet normal -0.352301 0.935887 0
    outer loop
      vertex 1.05238 27.3159 0
      vertex 0.883958 27.2525 16.5
      vertex 1.05238 27.3159 16.5
    endloop
  endfacet
  facet normal -0.352301 0.935887 0
    outer loop
      vertex 0.883958 27.2525 16.5
      vertex 1.05238 27.3159 0
      vertex 0.883958 27.2525 0
    endloop
  endfacet
  facet normal -0.730001 -0.683446 0
    outer loop
      vertex 2.06756 31.6697 0
      vertex 1.94454 31.8011 16.5
      vertex 1.94454 31.8011 0
    endloop
  endfacet
  facet normal -0.730001 -0.683446 0
    outer loop
      vertex 1.94454 31.8011 16.5
      vertex 2.06756 31.6697 0
      vertex 2.06756 31.6697 16.5
    endloop
  endfacet
  facet normal -0.995185 0.0980182 0
    outer loop
      vertex 2.72647 29.4976 0
      vertex 2.74411 29.6767 16.5
      vertex 2.74411 29.6767 0
    endloop
  endfacet
  facet normal -0.995185 0.0980182 0
    outer loop
      vertex 2.74411 29.6767 16.5
      vertex 2.72647 29.4976 0
      vertex 2.72647 29.4976 16.5
    endloop
  endfacet
  facet normal -0.812703 -0.582678 0
    outer loop
      vertex 2.28654 31.3844 0
      vertex 2.18172 31.5306 16.5
      vertex 2.18172 31.5306 0
    endloop
  endfacet
  facet normal -0.812703 -0.582678 0
    outer loop
      vertex 2.18172 31.5306 16.5
      vertex 2.28654 31.3844 0
      vertex 2.28654 31.3844 16.5
    endloop
  endfacet
  facet normal -0.527949 -0.849276 0
    outer loop
      vertex 1.375 32.2381 0
      vertex 1.52782 32.1431 16.5
      vertex 1.375 32.2381 16.5
    endloop
  endfacet
  facet normal -0.527949 -0.849276 -0
    outer loop
      vertex 1.52782 32.1431 16.5
      vertex 1.375 32.2381 0
      vertex 1.52782 32.1431 0
    endloop
  endfacet
  facet normal -0.0983543 -0.995151 0
    outer loop
      vertex 0.179858 32.6007 0
      vertex 0.358947 32.583 16.5
      vertex 0.179858 32.6007 16.5
    endloop
  endfacet
  facet normal -0.0983543 -0.995151 -0
    outer loop
      vertex 0.358947 32.583 16.5
      vertex 0.179858 32.6007 0
      vertex 0.358947 32.583 0
    endloop
  endfacet
  facet normal -0.881914 -0.47141 0
    outer loop
      vertex 2.4664 31.0728 0
      vertex 2.38157 31.2315 16.5
      vertex 2.38157 31.2315 0
    endloop
  endfacet
  facet normal -0.881914 -0.47141 0
    outer loop
      vertex 2.38157 31.2315 16.5
      vertex 2.4664 31.0728 0
      vertex 2.4664 31.0728 16.5
    endloop
  endfacet
  facet normal -0.910942 0.412535 0
    outer loop
      vertex 2.4664 28.6402 0
      vertex 2.54067 28.8042 16.5
      vertex 2.54067 28.8042 0
    endloop
  endfacet
  facet normal -0.910942 0.412535 0
    outer loop
      vertex 2.54067 28.8042 16.5
      vertex 2.4664 28.6402 0
      vertex 2.4664 28.6402 16.5
    endloop
  endfacet
  facet normal -0.84917 0.528119 0
    outer loop
      vertex 2.28654 28.3287 0
      vertex 2.38157 28.4815 16.5
      vertex 2.38157 28.4815 0
    endloop
  endfacet
  facet normal -0.84917 0.528119 0
    outer loop
      vertex 2.38157 28.4815 16.5
      vertex 2.28654 28.3287 0
      vertex 2.28654 28.3287 16.5
    endloop
  endfacet
  facet normal -0.58242 -0.812888 0
    outer loop
      vertex 1.52782 32.1431 0
      vertex 1.67409 32.0383 16.5
      vertex 1.52782 32.1431 16.5
    endloop
  endfacet
  facet normal -0.58242 -0.812888 -0
    outer loop
      vertex 1.67409 32.0383 16.5
      vertex 1.52782 32.1431 0
      vertex 1.67409 32.0383 0
    endloop
  endfacet
  facet normal 0.956935 -0.290304 0
    outer loop
      vertex -2.6563 30.5683 16.5
      vertex -2.60406 30.7405 0
      vertex -2.60406 30.7405 16.5
    endloop
  endfacet
  facet normal 0.956935 -0.290304 0
    outer loop
      vertex -2.60406 30.7405 0
      vertex -2.6563 30.5683 16.5
      vertex -2.6563 30.5683 0
    endloop
  endfacet
  facet normal -0.412861 -0.910794 0
    outer loop
      vertex 1.05238 32.3972 0
      vertex 1.21629 32.3229 16.5
      vertex 1.05238 32.3972 16.5
    endloop
  endfacet
  facet normal -0.412861 -0.910794 -0
    outer loop
      vertex 1.21629 32.3229 16.5
      vertex 1.05238 32.3972 0
      vertex 1.21629 32.3229 0
    endloop
  endfacet
  facet normal 0.471689 0.881765 -0
    outer loop
      vertex -1.21629 27.3901 0
      vertex -1.375 27.475 16.5
      vertex -1.21629 27.3901 16.5
    endloop
  endfacet
  facet normal 0.471689 0.881765 0
    outer loop
      vertex -1.375 27.475 16.5
      vertex -1.21629 27.3901 0
      vertex -1.375 27.475 0
    endloop
  endfacet
  facet normal 0.910942 0.412535 0
    outer loop
      vertex -2.4664 28.6402 16.5
      vertex -2.54067 28.8042 0
      vertex -2.54067 28.8042 16.5
    endloop
  endfacet
  facet normal 0.910942 0.412535 0
    outer loop
      vertex -2.54067 28.8042 0
      vertex -2.4664 28.6402 16.5
      vertex -2.4664 28.6402 0
    endloop
  endfacet
  facet normal 0.849325 -0.52787 0
    outer loop
      vertex -2.38157 31.2315 16.5
      vertex -2.28654 31.3844 0
      vertex -2.28654 31.3844 16.5
    endloop
  endfacet
  facet normal 0.849325 -0.52787 0
    outer loop
      vertex -2.28654 31.3844 0
      vertex -2.38157 31.2315 16.5
      vertex -2.38157 31.2315 0
    endloop
  endfacet
  facet normal -0.162821 0.986656 0
    outer loop
      vertex 0.536498 27.1594 0
      vertex 0.358947 27.1301 16.5
      vertex 0.536498 27.1594 16.5
    endloop
  endfacet
  facet normal -0.162821 0.986656 0
    outer loop
      vertex 0.358947 27.1301 16.5
      vertex 0.536498 27.1594 0
      vertex 0.358947 27.1301 0
    endloop
  endfacet
  facet normal 0.0983543 -0.995151 0
    outer loop
      vertex -0.358947 32.583 0
      vertex -0.179858 32.6007 16.5
      vertex -0.358947 32.583 16.5
    endloop
  endfacet
  facet normal 0.0983543 -0.995151 0
    outer loop
      vertex -0.179858 32.6007 16.5
      vertex -0.358947 32.583 0
      vertex -0.179858 32.6007 0
    endloop
  endfacet
  facet normal 0.527949 -0.849276 0
    outer loop
      vertex -1.52782 32.1431 0
      vertex -1.375 32.2381 16.5
      vertex -1.52782 32.1431 16.5
    endloop
  endfacet
  facet normal 0.527949 -0.849276 0
    outer loop
      vertex -1.375 32.2381 16.5
      vertex -1.52782 32.1431 0
      vertex -1.375 32.2381 0
    endloop
  endfacet
  facet normal 0.956935 0.290304 0
    outer loop
      vertex -2.60406 28.9726 16.5
      vertex -2.6563 29.1448 0
      vertex -2.6563 29.1448 16.5
    endloop
  endfacet
  facet normal 0.956935 0.290304 0
    outer loop
      vertex -2.6563 29.1448 0
      vertex -2.60406 28.9726 16.5
      vertex -2.60406 28.9726 0
    endloop
  endfacet
  facet normal 0.881914 -0.47141 0
    outer loop
      vertex -2.4664 31.0728 16.5
      vertex -2.38157 31.2315 0
      vertex -2.38157 31.2315 16.5
    endloop
  endfacet
  facet normal 0.881914 -0.47141 0
    outer loop
      vertex -2.38157 31.2315 0
      vertex -2.4664 31.0728 16.5
      vertex -2.4664 31.0728 0
    endloop
  endfacet
  facet normal -0.683553 -0.729901 0
    outer loop
      vertex 1.8132 31.9241 0
      vertex 1.94454 31.8011 16.5
      vertex 1.8132 31.9241 16.5
    endloop
  endfacet
  facet normal -0.683553 -0.729901 -0
    outer loop
      vertex 1.94454 31.8011 16.5
      vertex 1.8132 31.9241 0
      vertex 1.94454 31.8011 0
    endloop
  endfacet
  facet normal 0.910847 -0.412743 0
    outer loop
      vertex -2.54067 30.9089 16.5
      vertex -2.4664 31.0728 0
      vertex -2.4664 31.0728 16.5
    endloop
  endfacet
  facet normal 0.910847 -0.412743 0
    outer loop
      vertex -2.4664 31.0728 0
      vertex -2.54067 30.9089 16.5
      vertex -2.54067 30.9089 0
    endloop
  endfacet
  facet normal 0.881914 0.47141 0
    outer loop
      vertex -2.38157 28.4815 16.5
      vertex -2.4664 28.6402 0
      vertex -2.4664 28.6402 16.5
    endloop
  endfacet
  facet normal 0.881914 0.47141 0
    outer loop
      vertex -2.4664 28.6402 0
      vertex -2.38157 28.4815 16.5
      vertex -2.38157 28.4815 0
    endloop
  endfacet
  facet normal -0.93589 0.352293 0
    outer loop
      vertex 2.54067 28.8042 0
      vertex 2.60406 28.9726 16.5
      vertex 2.60406 28.9726 0
    endloop
  endfacet
  facet normal -0.93589 0.352293 0
    outer loop
      vertex 2.60406 28.9726 16.5
      vertex 2.54067 28.8042 0
      vertex 2.54067 28.8042 16.5
    endloop
  endfacet
  facet normal -0.226742 0.973955 0
    outer loop
      vertex 0.711752 27.2002 0
      vertex 0.536498 27.1594 16.5
      vertex 0.711752 27.2002 16.5
    endloop
  endfacet
  facet normal -0.226742 0.973955 0
    outer loop
      vertex 0.536498 27.1594 16.5
      vertex 0.711752 27.2002 0
      vertex 0.536498 27.1594 0
    endloop
  endfacet
  facet normal -0.973866 0.227124 0
    outer loop
      vertex 2.6563 29.1448 0
      vertex 2.69716 29.32 16.5
      vertex 2.69716 29.32 0
    endloop
  endfacet
  facet normal -0.973866 0.227124 0
    outer loop
      vertex 2.69716 29.32 16.5
      vertex 2.6563 29.1448 0
      vertex 2.6563 29.1448 16.5
    endloop
  endfacet
  facet normal -0.973894 -0.227001 0
    outer loop
      vertex 2.69716 30.393 0
      vertex 2.6563 30.5683 16.5
      vertex 2.6563 30.5683 0
    endloop
  endfacet
  facet normal -0.973894 -0.227001 0
    outer loop
      vertex 2.6563 30.5683 16.5
      vertex 2.69716 30.393 0
      vertex 2.69716 30.393 16.5
    endloop
  endfacet
  facet normal -0.812892 0.582415 0
    outer loop
      vertex 2.18172 28.1824 0
      vertex 2.28654 28.3287 16.5
      vertex 2.28654 28.3287 0
    endloop
  endfacet
  facet normal -0.812892 0.582415 0
    outer loop
      vertex 2.28654 28.3287 16.5
      vertex 2.18172 28.1824 0
      vertex 2.18172 28.1824 16.5
    endloop
  endfacet
  facet normal 0.290091 -0.956999 0
    outer loop
      vertex -0.883958 32.4606 0
      vertex -0.711752 32.5128 16.5
      vertex -0.883958 32.4606 16.5
    endloop
  endfacet
  facet normal 0.290091 -0.956999 0
    outer loop
      vertex -0.711752 32.5128 16.5
      vertex -0.883958 32.4606 0
      vertex -0.711752 32.5128 0
    endloop
  endfacet
  facet normal 0.995185 -0.0980182 0
    outer loop
      vertex -2.74411 30.0364 16.5
      vertex -2.72647 30.2155 0
      vertex -2.72647 30.2155 16.5
    endloop
  endfacet
  facet normal 0.995185 -0.0980182 0
    outer loop
      vertex -2.72647 30.2155 0
      vertex -2.74411 30.0364 16.5
      vertex -2.74411 30.0364 0
    endloop
  endfacet
  facet normal 0.352301 0.935887 -0
    outer loop
      vertex -0.883958 27.2525 0
      vertex -1.05238 27.3159 16.5
      vertex -0.883958 27.2525 16.5
    endloop
  endfacet
  facet normal 0.352301 0.935887 0
    outer loop
      vertex -1.05238 27.3159 16.5
      vertex -0.883958 27.2525 0
      vertex -1.05238 27.3159 0
    endloop
  endfacet
  facet normal 0.995185 0.0980182 0
    outer loop
      vertex -2.72647 29.4976 16.5
      vertex -2.74411 29.6767 0
      vertex -2.74411 29.6767 16.5
    endloop
  endfacet
  facet normal 0.995185 0.0980182 0
    outer loop
      vertex -2.74411 29.6767 0
      vertex -2.72647 29.4976 16.5
      vertex -2.72647 29.4976 0
    endloop
  endfacet
  facet normal 0.730001 -0.683446 0
    outer loop
      vertex -2.06756 31.6697 16.5
      vertex -1.94454 31.8011 0
      vertex -1.94454 31.8011 16.5
    endloop
  endfacet
  facet normal 0.730001 -0.683446 0
    outer loop
      vertex -1.94454 31.8011 0
      vertex -2.06756 31.6697 16.5
      vertex -2.06756 31.6697 0
    endloop
  endfacet
  facet normal -0.227269 -0.973832 0
    outer loop
      vertex 0.536498 32.5537 0
      vertex 0.711752 32.5128 16.5
      vertex 0.536498 32.5537 16.5
    endloop
  endfacet
  facet normal -0.227269 -0.973832 -0
    outer loop
      vertex 0.711752 32.5128 16.5
      vertex 0.536498 32.5537 0
      vertex 0.711752 32.5128 0
    endloop
  endfacet
  facet normal 0.812703 -0.582678 0
    outer loop
      vertex -2.28654 31.3844 16.5
      vertex -2.18172 31.5306 0
      vertex -2.18172 31.5306 16.5
    endloop
  endfacet
  facet normal 0.812703 -0.582678 0
    outer loop
      vertex -2.18172 31.5306 0
      vertex -2.28654 31.3844 16.5
      vertex -2.28654 31.3844 0
    endloop
  endfacet
  facet normal 0.0983543 0.995151 -0
    outer loop
      vertex -0.179858 27.1124 0
      vertex -0.358947 27.1301 16.5
      vertex -0.179858 27.1124 16.5
    endloop
  endfacet
  facet normal 0.0983543 0.995151 0
    outer loop
      vertex -0.358947 27.1301 16.5
      vertex -0.179858 27.1124 0
      vertex -0.358947 27.1301 0
    endloop
  endfacet
  facet normal 0.032786 0.999462 -0
    outer loop
      vertex 0 27.1065 0
      vertex -0.179858 27.1124 16.5
      vertex 0 27.1065 16.5
    endloop
  endfacet
  facet normal 0.032786 0.999462 0
    outer loop
      vertex -0.179858 27.1124 16.5
      vertex 0 27.1065 0
      vertex -0.179858 27.1124 0
    endloop
  endfacet
  facet normal 0.634511 -0.772914 0
    outer loop
      vertex -1.8132 31.9241 0
      vertex -1.67409 32.0383 16.5
      vertex -1.8132 31.9241 16.5
    endloop
  endfacet
  facet normal 0.634511 -0.772914 0
    outer loop
      vertex -1.67409 32.0383 16.5
      vertex -1.8132 31.9241 0
      vertex -1.67409 32.0383 0
    endloop
  endfacet
  facet normal 0.93589 0.352293 0
    outer loop
      vertex -2.54067 28.8042 16.5
      vertex -2.60406 28.9726 0
      vertex -2.60406 28.9726 16.5
    endloop
  endfacet
  facet normal 0.93589 0.352293 0
    outer loop
      vertex -2.60406 28.9726 0
      vertex -2.54067 28.8042 16.5
      vertex -2.54067 28.8042 0
    endloop
  endfacet
  facet normal -0.634511 0.772914 0
    outer loop
      vertex 1.8132 27.789 0
      vertex 1.67409 27.6748 16.5
      vertex 1.8132 27.789 16.5
    endloop
  endfacet
  facet normal -0.634511 0.772914 0
    outer loop
      vertex 1.67409 27.6748 16.5
      vertex 1.8132 27.789 0
      vertex 1.67409 27.6748 0
    endloop
  endfacet
  facet normal -0.471689 0.881765 0
    outer loop
      vertex 1.375 27.475 0
      vertex 1.21629 27.3901 16.5
      vertex 1.375 27.475 16.5
    endloop
  endfacet
  facet normal -0.471689 0.881765 0
    outer loop
      vertex 1.21629 27.3901 16.5
      vertex 1.375 27.475 0
      vertex 1.21629 27.3901 0
    endloop
  endfacet
  facet normal 0.773001 0.634405 0
    outer loop
      vertex -2.06756 28.0433 16.5
      vertex -2.18172 28.1824 0
      vertex -2.18172 28.1824 16.5
    endloop
  endfacet
  facet normal 0.773001 0.634405 0
    outer loop
      vertex -2.18172 28.1824 0
      vertex -2.06756 28.0433 16.5
      vertex -2.06756 28.0433 0
    endloop
  endfacet
  facet normal 0.58242 0.812888 -0
    outer loop
      vertex -1.52782 27.57 0
      vertex -1.67409 27.6748 16.5
      vertex -1.52782 27.57 16.5
    endloop
  endfacet
  facet normal 0.58242 0.812888 0
    outer loop
      vertex -1.67409 27.6748 16.5
      vertex -1.52782 27.57 0
      vertex -1.67409 27.6748 0
    endloop
  endfacet
  facet normal -0.290091 -0.956999 0
    outer loop
      vertex 0.711752 32.5128 0
      vertex 0.883958 32.4606 16.5
      vertex 0.711752 32.5128 16.5
    endloop
  endfacet
  facet normal -0.290091 -0.956999 -0
    outer loop
      vertex 0.883958 32.4606 16.5
      vertex 0.711752 32.5128 0
      vertex 0.883958 32.4606 0
    endloop
  endfacet
  facet normal -0.4124 0.911003 0
    outer loop
      vertex 1.21629 27.3901 0
      vertex 1.05238 27.3159 16.5
      vertex 1.21629 27.3901 16.5
    endloop
  endfacet
  facet normal -0.4124 0.911003 0
    outer loop
      vertex 1.05238 27.3159 16.5
      vertex 1.21629 27.3901 0
      vertex 1.05238 27.3159 0
    endloop
  endfacet
  facet normal -0.986654 0.162831 0
    outer loop
      vertex 2.69716 29.32 0
      vertex 2.72647 29.4976 16.5
      vertex 2.72647 29.4976 0
    endloop
  endfacet
  facet normal -0.986654 0.162831 0
    outer loop
      vertex 2.72647 29.4976 16.5
      vertex 2.69716 29.32 0
      vertex 2.69716 29.32 16.5
    endloop
  endfacet
  facet normal 0.812892 0.582415 0
    outer loop
      vertex -2.18172 28.1824 16.5
      vertex -2.28654 28.3287 0
      vertex -2.28654 28.3287 16.5
    endloop
  endfacet
  facet normal 0.812892 0.582415 0
    outer loop
      vertex -2.28654 28.3287 0
      vertex -2.18172 28.1824 16.5
      vertex -2.18172 28.1824 0
    endloop
  endfacet
  facet normal 0.527949 0.849276 -0
    outer loop
      vertex -1.375 27.475 0
      vertex -1.52782 27.57 16.5
      vertex -1.375 27.475 16.5
    endloop
  endfacet
  facet normal 0.527949 0.849276 0
    outer loop
      vertex -1.52782 27.57 16.5
      vertex -1.375 27.475 0
      vertex -1.52782 27.57 0
    endloop
  endfacet
  facet normal 0.2906 0.956845 -0
    outer loop
      vertex -0.711752 27.2002 0
      vertex -0.883958 27.2525 16.5
      vertex -0.711752 27.2002 16.5
    endloop
  endfacet
  facet normal 0.2906 0.956845 0
    outer loop
      vertex -0.883958 27.2525 16.5
      vertex -0.711752 27.2002 0
      vertex -0.883958 27.2525 0
    endloop
  endfacet
  facet normal 0.162821 0.986656 -0
    outer loop
      vertex -0.358947 27.1301 0
      vertex -0.536498 27.1594 16.5
      vertex -0.358947 27.1301 16.5
    endloop
  endfacet
  facet normal 0.162821 0.986656 0
    outer loop
      vertex -0.536498 27.1594 16.5
      vertex -0.358947 27.1301 0
      vertex -0.536498 27.1594 0
    endloop
  endfacet
  facet normal 0.412861 -0.910794 0
    outer loop
      vertex -1.21629 32.3229 0
      vertex -1.05238 32.3972 16.5
      vertex -1.21629 32.3229 16.5
    endloop
  endfacet
  facet normal 0.412861 -0.910794 0
    outer loop
      vertex -1.05238 32.3972 16.5
      vertex -1.21629 32.3229 0
      vertex -1.05238 32.3972 0
    endloop
  endfacet
  facet normal -0.2906 0.956845 0
    outer loop
      vertex 0.883958 27.2525 0
      vertex 0.711752 27.2002 16.5
      vertex 0.883958 27.2525 16.5
    endloop
  endfacet
  facet normal -0.2906 0.956845 0
    outer loop
      vertex 0.711752 27.2002 16.5
      vertex 0.883958 27.2525 0
      vertex 0.711752 27.2002 0
    endloop
  endfacet
  facet normal -0.683553 0.729901 0
    outer loop
      vertex 1.94454 27.912 0
      vertex 1.8132 27.789 16.5
      vertex 1.94454 27.912 16.5
    endloop
  endfacet
  facet normal -0.683553 0.729901 0
    outer loop
      vertex 1.8132 27.789 16.5
      vertex 1.94454 27.912 0
      vertex 1.8132 27.789 0
    endloop
  endfacet
  facet normal 0.471257 -0.881996 0
    outer loop
      vertex -1.375 32.2381 0
      vertex -1.21629 32.3229 16.5
      vertex -1.375 32.2381 16.5
    endloop
  endfacet
  facet normal 0.471257 -0.881996 0
    outer loop
      vertex -1.21629 32.3229 16.5
      vertex -1.375 32.2381 0
      vertex -1.21629 32.3229 0
    endloop
  endfacet
  facet normal 0.634511 0.772914 -0
    outer loop
      vertex -1.67409 27.6748 0
      vertex -1.8132 27.789 16.5
      vertex -1.67409 27.6748 16.5
    endloop
  endfacet
  facet normal 0.634511 0.772914 0
    outer loop
      vertex -1.8132 27.789 16.5
      vertex -1.67409 27.6748 0
      vertex -1.8132 27.789 0
    endloop
  endfacet
  facet normal 0.995188 0.0979886 0
    outer loop
      vertex 26.0506 1.70745 12
      vertex 25.8832 3.40759 0
      vertex 25.8832 3.40759 12
    endloop
  endfacet
  facet normal 0.995188 0.0979886 0
    outer loop
      vertex 25.8832 3.40759 0
      vertex 26.0506 1.70745 12
      vertex 26.0506 1.70745 0
    endloop
  endfacet
  facet normal 0.995188 0.0979886 0
    outer loop
      vertex 26.0506 1.70745 16.5
      vertex 25.8832 3.40759 16
      vertex 25.8832 3.40759 16.5
    endloop
  endfacet
  facet normal 0.995188 0.0979886 0
    outer loop
      vertex 25.8832 3.40759 16
      vertex 26.0506 1.70745 16.5
      vertex 26.0506 1.70745 16
    endloop
  endfacet
  facet normal 0.999465 0.0327213 0
    outer loop
      vertex 26.1065 0 12
      vertex 26.0506 1.70745 0
      vertex 26.0506 1.70745 12
    endloop
  endfacet
  facet normal 0.999465 0.0327213 0
    outer loop
      vertex 26.0506 1.70745 0
      vertex 26.1065 0 12
      vertex 26.1065 0 0
    endloop
  endfacet
  facet normal 0.999465 0.0327213 0
    outer loop
      vertex 26.1065 0 16.5
      vertex 26.0506 1.70745 16
      vertex 26.0506 1.70745 16.5
    endloop
  endfacet
  facet normal 0.999465 0.0327213 0
    outer loop
      vertex 26.0506 1.70745 16
      vertex 26.1065 0 16.5
      vertex 26.1065 0 16
    endloop
  endfacet
  facet normal 0.162924 0.986639 -0
    outer loop
      vertex 5.09313 25.6049 0
      vertex 3.42596 25.8802 16.5
      vertex 5.09313 25.6049 16.5
    endloop
  endfacet
  facet normal 0.162924 0.986639 0
    outer loop
      vertex 3.42596 25.8802 16.5
      vertex 5.09313 25.6049 0
      vertex 3.42596 25.8802 0
    endloop
  endfacet
  facet normal 0.0980133 -0.995185 0
    outer loop
      vertex 1.70745 -26.0506 2
      vertex 1.70745 -26.0506 0
      vertex 3 -25.9233 2
    endloop
  endfacet
  facet normal 0.0980133 -0.995185 0
    outer loop
      vertex 3 -25.9233 11.5
      vertex 1.70745 -26.0506 16.5
      vertex 1.70745 -26.0506 11.5
    endloop
  endfacet
  facet normal 0.0979886 -0.995188 -6.4333e-06
    outer loop
      vertex 1.70745 -26.0506 16.5
      vertex 3 -25.9233 11.5
      vertex 3.40759 -25.8832 16.5
    endloop
  endfacet
  facet normal 0.0979105 -0.995195 0
    outer loop
      vertex 3.40759 -25.8832 0
      vertex 3 -25.9233 11.5
      vertex 3 -25.9233 2
    endloop
  endfacet
  facet normal 0.0979105 -0.995195 0
    outer loop
      vertex 3 -25.9233 11.5
      vertex 3.40759 -25.8832 0
      vertex 3.40759 -25.8832 16.5
    endloop
  endfacet
  facet normal 0.0979886 -0.995188 1.60832e-05
    outer loop
      vertex 3.40759 -25.8832 0
      vertex 3 -25.9233 2
      vertex 1.70745 -26.0506 0
    endloop
  endfacet
  facet normal 0.973881 0.22706 0
    outer loop
      vertex 25.6049 5.09313 16.5
      vertex 25.217 6.75687 0
      vertex 25.217 6.75687 16.5
    endloop
  endfacet
  facet normal 0.973881 0.22706 0
    outer loop
      vertex 25.217 6.75687 0
      vertex 25.6049 5.09313 16.5
      vertex 25.6049 5.09313 0
    endloop
  endfacet
  facet normal 0.956942 -0.290279 0
    outer loop
      vertex 24.7211 -8.39167 16.5
      vertex 25.217 -6.75687 0
      vertex 25.217 -6.75687 16.5
    endloop
  endfacet
  facet normal 0.956942 -0.290279 0
    outer loop
      vertex 25.217 -6.75687 0
      vertex 24.7211 -8.39167 16.5
      vertex 24.7211 -8.39167 0
    endloop
  endfacet
  facet normal 0.412735 -0.910851 0
    outer loop
      vertex 9.99054 -24.1193 0
      vertex 11.5466 -23.4142 16.5
      vertex 9.99054 -24.1193 16.5
    endloop
  endfacet
  facet normal 0.412735 -0.910851 0
    outer loop
      vertex 11.5466 -23.4142 16.5
      vertex 9.99054 -24.1193 0
      vertex 11.5466 -23.4142 0
    endloop
  endfacet
  facet normal -0.582467 0.812855 0
    outer loop
      vertex -14.504 21.7068 0
      vertex -15.8927 20.7117 16.5
      vertex -14.504 21.7068 16.5
    endloop
  endfacet
  facet normal -0.582467 0.812855 0
    outer loop
      vertex -15.8927 20.7117 16.5
      vertex -14.504 21.7068 0
      vertex -15.8927 20.7117 0
    endloop
  endfacet
  facet normal 0.849203 0.528066 0
    outer loop
      vertex 22.6089 13.0533 16.5
      vertex 21.7068 14.504 0
      vertex 21.7068 14.504 16.5
    endloop
  endfacet
  facet normal 0.849203 0.528066 0
    outer loop
      vertex 21.7068 14.504 0
      vertex 22.6089 13.0533 16.5
      vertex 22.6089 13.0533 0
    endloop
  endfacet
  facet normal 0.910851 0.412735 0
    outer loop
      vertex 24.1193 9.99054 16.5
      vertex 23.4142 11.5466 0
      vertex 23.4142 11.5466 16.5
    endloop
  endfacet
  facet normal 0.910851 0.412735 0
    outer loop
      vertex 23.4142 11.5466 0
      vertex 24.1193 9.99054 16.5
      vertex 24.1193 9.99054 0
    endloop
  endfacet
  facet normal 0.910851 -0.412735 0
    outer loop
      vertex 23.4142 -11.5466 16.5
      vertex 24.1193 -9.99054 0
      vertex 24.1193 -9.99054 16.5
    endloop
  endfacet
  facet normal 0.910851 -0.412735 0
    outer loop
      vertex 24.1193 -9.99054 0
      vertex 23.4142 -11.5466 16.5
      vertex 23.4142 -11.5466 0
    endloop
  endfacet
  facet normal -0.634426 -0.772984 0
    outer loop
      vertex -17.2132 -19.6279 0
      vertex -15.8927 -20.7117 16.5
      vertex -17.2132 -19.6279 16.5
    endloop
  endfacet
  facet normal -0.634426 -0.772984 -0
    outer loop
      vertex -15.8927 -20.7117 16.5
      vertex -17.2132 -19.6279 0
      vertex -15.8927 -20.7117 0
    endloop
  endfacet
  facet normal -0.849203 0.528066 0
    outer loop
      vertex -22.6089 13.0533 0
      vertex -21.7068 14.504 16.5
      vertex -21.7068 14.504 0
    endloop
  endfacet
  facet normal -0.849203 0.528066 0
    outer loop
      vertex -21.7068 14.504 16.5
      vertex -22.6089 13.0533 0
      vertex -22.6089 13.0533 16.5
    endloop
  endfacet
  facet normal 0.634426 0.772984 -0
    outer loop
      vertex 17.2132 19.6279 0
      vertex 15.8927 20.7117 16.5
      vertex 17.2132 19.6279 16.5
    endloop
  endfacet
  facet normal 0.634426 0.772984 0
    outer loop
      vertex 15.8927 20.7117 16.5
      vertex 17.2132 19.6279 0
      vertex 15.8927 20.7117 0
    endloop
  endfacet
  facet normal 0.935901 -0.352264 0
    outer loop
      vertex 24.1193 -9.99054 16.5
      vertex 24.7211 -8.39167 0
      vertex 24.7211 -8.39167 16.5
    endloop
  endfacet
  facet normal 0.935901 -0.352264 0
    outer loop
      vertex 24.7211 -8.39167 0
      vertex 24.1193 -9.99054 16.5
      vertex 24.1193 -9.99054 0
    endloop
  endfacet
  facet normal -0.772984 -0.634426 0
    outer loop
      vertex -19.6279 -17.2132 0
      vertex -20.7117 -15.8927 16.5
      vertex -20.7117 -15.8927 0
    endloop
  endfacet
  facet normal -0.772984 -0.634426 0
    outer loop
      vertex -20.7117 -15.8927 16.5
      vertex -19.6279 -17.2132 0
      vertex -19.6279 -17.2132 16.5
    endloop
  endfacet
  facet normal -0.881933 0.471375 0
    outer loop
      vertex -23.4142 11.5466 0
      vertex -22.6089 13.0533 16.5
      vertex -22.6089 13.0533 0
    endloop
  endfacet
  facet normal -0.881933 0.471375 0
    outer loop
      vertex -22.6089 13.0533 16.5
      vertex -23.4142 11.5466 0
      vertex -23.4142 11.5466 16.5
    endloop
  endfacet
  facet normal 0.582467 -0.812855 0
    outer loop
      vertex 14.504 -21.7068 0
      vertex 15.8927 -20.7117 16.5
      vertex 14.504 -21.7068 16.5
    endloop
  endfacet
  facet normal 0.582467 -0.812855 0
    outer loop
      vertex 15.8927 -20.7117 16.5
      vertex 14.504 -21.7068 0
      vertex 15.8927 -20.7117 0
    endloop
  endfacet
  facet normal -0.812855 -0.582467 0
    outer loop
      vertex -20.7117 -15.8927 0
      vertex -21.7068 -14.504 16.5
      vertex -21.7068 -14.504 0
    endloop
  endfacet
  facet normal -0.812855 -0.582467 0
    outer loop
      vertex -21.7068 -14.504 16.5
      vertex -20.7117 -15.8927 0
      vertex -20.7117 -15.8927 16.5
    endloop
  endfacet
  facet normal 0.956942 0.290279 0
    outer loop
      vertex 25.217 6.75687 16.5
      vertex 24.7211 8.39167 0
      vertex 24.7211 8.39167 16.5
    endloop
  endfacet
  facet normal 0.956942 0.290279 0
    outer loop
      vertex 24.7211 8.39167 0
      vertex 25.217 6.75687 16.5
      vertex 25.217 6.75687 0
    endloop
  endfacet
  facet normal 0.352264 0.935901 -0
    outer loop
      vertex 9.99054 24.1193 0
      vertex 8.39167 24.7211 16.5
      vertex 9.99054 24.1193 16.5
    endloop
  endfacet
  facet normal 0.352264 0.935901 0
    outer loop
      vertex 8.39167 24.7211 16.5
      vertex 9.99054 24.1193 0
      vertex 8.39167 24.7211 0
    endloop
  endfacet
  facet normal 0.162905 -0.986642 0
    outer loop
      vertex 3.40759 -25.8832 0
      vertex 5.09313 -25.6049 16.5
      vertex 3.40759 -25.8832 16.5
    endloop
  endfacet
  facet normal 0.162905 -0.986642 0
    outer loop
      vertex 5.09313 -25.6049 16.5
      vertex 3.40759 -25.8832 0
      vertex 5.09313 -25.6049 0
    endloop
  endfacet
  facet normal 0.683577 0.729878 -0
    outer loop
      vertex 18.4601 18.4601 0
      vertex 17.2132 19.6279 16.5
      vertex 18.4601 18.4601 16.5
    endloop
  endfacet
  facet normal 0.683577 0.729878 0
    outer loop
      vertex 17.2132 19.6279 16.5
      vertex 18.4601 18.4601 0
      vertex 17.2132 19.6279 0
    endloop
  endfacet
  facet normal 0.0327213 -0.999465 0
    outer loop
      vertex 0 -26.1065 0
      vertex 1.70745 -26.0506 2
      vertex 0 -26.1065 2
    endloop
  endfacet
  facet normal 0.0327213 -0.999465 0
    outer loop
      vertex 1.70745 -26.0506 2
      vertex 0 -26.1065 0
      vertex 1.70745 -26.0506 0
    endloop
  endfacet
  facet normal 0.0327213 -0.999465 0
    outer loop
      vertex 0 -26.1065 11.5
      vertex 1.70745 -26.0506 16.5
      vertex 0 -26.1065 16.5
    endloop
  endfacet
  facet normal 0.0327213 -0.999465 0
    outer loop
      vertex 1.70745 -26.0506 16.5
      vertex 0 -26.1065 11.5
      vertex 1.70745 -26.0506 11.5
    endloop
  endfacet
  facet normal -0.634426 0.772984 0
    outer loop
      vertex -15.8927 20.7117 0
      vertex -17.2132 19.6279 16.5
      vertex -15.8927 20.7117 16.5
    endloop
  endfacet
  facet normal -0.634426 0.772984 0
    outer loop
      vertex -17.2132 19.6279 16.5
      vertex -15.8927 20.7117 0
      vertex -17.2132 19.6279 0
    endloop
  endfacet
  facet normal 0.812855 0.582467 0
    outer loop
      vertex 21.7068 14.504 16.5
      vertex 20.7117 15.8927 0
      vertex 20.7117 15.8927 16.5
    endloop
  endfacet
  facet normal 0.812855 0.582467 0
    outer loop
      vertex 20.7117 15.8927 0
      vertex 21.7068 14.504 16.5
      vertex 21.7068 14.504 0
    endloop
  endfacet
  facet normal 0.881933 -0.471375 0
    outer loop
      vertex 22.6089 -13.0533 16.5
      vertex 23.4142 -11.5466 0
      vertex 23.4142 -11.5466 16.5
    endloop
  endfacet
  facet normal 0.881933 -0.471375 0
    outer loop
      vertex 23.4142 -11.5466 0
      vertex 22.6089 -13.0533 16.5
      vertex 22.6089 -13.0533 0
    endloop
  endfacet
  facet normal 0.528066 -0.849203 0
    outer loop
      vertex 13.0533 -22.6089 0
      vertex 14.504 -21.7068 16.5
      vertex 13.0533 -22.6089 16.5
    endloop
  endfacet
  facet normal 0.528066 -0.849203 0
    outer loop
      vertex 14.504 -21.7068 16.5
      vertex 13.0533 -22.6089 0
      vertex 14.504 -21.7068 0
    endloop
  endfacet
  facet normal 0.352264 -0.935901 0
    outer loop
      vertex 8.39167 -24.7211 0
      vertex 9.99054 -24.1193 16.5
      vertex 8.39167 -24.7211 16.5
    endloop
  endfacet
  facet normal 0.352264 -0.935901 0
    outer loop
      vertex 9.99054 -24.1193 16.5
      vertex 8.39167 -24.7211 0
      vertex 9.99054 -24.1193 0
    endloop
  endfacet
  facet normal 0.634426 -0.772984 0
    outer loop
      vertex 15.8927 -20.7117 0
      vertex 17.2132 -19.6279 16.5
      vertex 15.8927 -20.7117 16.5
    endloop
  endfacet
  facet normal 0.634426 -0.772984 0
    outer loop
      vertex 17.2132 -19.6279 16.5
      vertex 15.8927 -20.7117 0
      vertex 17.2132 -19.6279 0
    endloop
  endfacet
  facet normal -0.986642 -0.162905 0
    outer loop
      vertex -25.6049 -5.09313 0
      vertex -25.8832 -3.40759 16.5
      vertex -25.8832 -3.40759 0
    endloop
  endfacet
  facet normal -0.986642 -0.162905 0
    outer loop
      vertex -25.8832 -3.40759 16.5
      vertex -25.6049 -5.09313 0
      vertex -25.6049 -5.09313 16.5
    endloop
  endfacet
  facet normal -0.935901 -0.352264 0
    outer loop
      vertex -24.1193 -9.99054 0
      vertex -24.7211 -8.39167 16.5
      vertex -24.7211 -8.39167 0
    endloop
  endfacet
  facet normal -0.935901 -0.352264 0
    outer loop
      vertex -24.7211 -8.39167 16.5
      vertex -24.1193 -9.99054 0
      vertex -24.1193 -9.99054 16.5
    endloop
  endfacet
  facet normal 0.986644 -0.162891 0
    outer loop
      vertex 25.8832 -3.40759 16.5
      vertex 25.6203 -5 16
      vertex 25.8832 -3.40759 16
    endloop
  endfacet
  facet normal 0.986602 -0.163145 0
    outer loop
      vertex 25.6203 -5 16
      vertex 25.6049 -5.09313 16.5
      vertex 25.6203 -5 12
    endloop
  endfacet
  facet normal 0.986642 -0.162905 4.59353e-05
    outer loop
      vertex 25.6049 -5.09313 16.5
      vertex 25.6203 -5 16
      vertex 25.8832 -3.40759 16.5
    endloop
  endfacet
  facet normal 0.986644 -0.162891 0
    outer loop
      vertex 25.6203 -5 12
      vertex 25.8832 -3.40759 0
      vertex 25.8832 -3.40759 12
    endloop
  endfacet
  facet normal 0.986642 -0.162905 -1.91397e-06
    outer loop
      vertex 25.6203 -5 12
      vertex 25.6049 -5.09313 0
      vertex 25.8832 -3.40759 0
    endloop
  endfacet
  facet normal 0.986602 -0.163145 0
    outer loop
      vertex 25.6049 -5.09313 0
      vertex 25.6203 -5 12
      vertex 25.6049 -5.09313 16.5
    endloop
  endfacet
  facet normal 0.22706 -0.973881 0
    outer loop
      vertex 5.09313 -25.6049 0
      vertex 6.75687 -25.217 16.5
      vertex 5.09313 -25.6049 16.5
    endloop
  endfacet
  facet normal 0.22706 -0.973881 0
    outer loop
      vertex 6.75687 -25.217 16.5
      vertex 5.09313 -25.6049 0
      vertex 6.75687 -25.217 0
    endloop
  endfacet
  facet normal 0.683577 -0.729878 0
    outer loop
      vertex 17.2132 -19.6279 0
      vertex 18.4601 -18.4601 16.5
      vertex 17.2132 -19.6279 16.5
    endloop
  endfacet
  facet normal 0.683577 -0.729878 0
    outer loop
      vertex 18.4601 -18.4601 16.5
      vertex 17.2132 -19.6279 0
      vertex 18.4601 -18.4601 0
    endloop
  endfacet
  facet normal -0.956942 0.290279 0
    outer loop
      vertex -25.217 6.75687 0
      vertex -24.7211 8.39167 16.5
      vertex -24.7211 8.39167 0
    endloop
  endfacet
  facet normal -0.956942 0.290279 0
    outer loop
      vertex -24.7211 8.39167 16.5
      vertex -25.217 6.75687 0
      vertex -25.217 6.75687 16.5
    endloop
  endfacet
  facet normal -0.729878 0.683577 0
    outer loop
      vertex -19.6279 17.2132 0
      vertex -18.4601 18.4601 16.5
      vertex -18.4601 18.4601 0
    endloop
  endfacet
  facet normal -0.729878 0.683577 0
    outer loop
      vertex -18.4601 18.4601 16.5
      vertex -19.6279 17.2132 0
      vertex -19.6279 17.2132 16.5
    endloop
  endfacet
  facet normal 0.772984 -0.634426 0
    outer loop
      vertex 19.6279 -17.2132 16.5
      vertex 20.7117 -15.8927 0
      vertex 20.7117 -15.8927 16.5
    endloop
  endfacet
  facet normal 0.772984 -0.634426 0
    outer loop
      vertex 20.7117 -15.8927 0
      vertex 19.6279 -17.2132 16.5
      vertex 19.6279 -17.2132 0
    endloop
  endfacet
  facet normal 0.812855 -0.582467 0
    outer loop
      vertex 20.7117 -15.8927 16.5
      vertex 21.7068 -14.504 0
      vertex 21.7068 -14.504 16.5
    endloop
  endfacet
  facet normal 0.812855 -0.582467 0
    outer loop
      vertex 21.7068 -14.504 0
      vertex 20.7117 -15.8927 16.5
      vertex 20.7117 -15.8927 0
    endloop
  endfacet
  facet normal 0.412735 0.910851 -0
    outer loop
      vertex 11.5466 23.4142 0
      vertex 9.99054 24.1193 16.5
      vertex 11.5466 23.4142 16.5
    endloop
  endfacet
  facet normal 0.412735 0.910851 0
    outer loop
      vertex 9.99054 24.1193 16.5
      vertex 11.5466 23.4142 0
      vertex 9.99054 24.1193 0
    endloop
  endfacet
  facet normal -0.910851 0.412735 0
    outer loop
      vertex -24.1193 9.99054 0
      vertex -23.4142 11.5466 16.5
      vertex -23.4142 11.5466 0
    endloop
  endfacet
  facet normal -0.910851 0.412735 0
    outer loop
      vertex -23.4142 11.5466 16.5
      vertex -24.1193 9.99054 0
      vertex -24.1193 9.99054 16.5
    endloop
  endfacet
  facet normal 0.471375 0.881933 -0
    outer loop
      vertex 13.0533 22.6089 0
      vertex 11.5466 23.4142 16.5
      vertex 13.0533 22.6089 16.5
    endloop
  endfacet
  facet normal 0.471375 0.881933 0
    outer loop
      vertex 11.5466 23.4142 16.5
      vertex 13.0533 22.6089 0
      vertex 11.5466 23.4142 0
    endloop
  endfacet
  facet normal 0.528066 0.849203 -0
    outer loop
      vertex 14.504 21.7068 0
      vertex 13.0533 22.6089 16.5
      vertex 14.504 21.7068 16.5
    endloop
  endfacet
  facet normal 0.528066 0.849203 0
    outer loop
      vertex 13.0533 22.6089 16.5
      vertex 14.504 21.7068 0
      vertex 13.0533 22.6089 0
    endloop
  endfacet
  facet normal -0.352264 0.935901 0
    outer loop
      vertex -8.39167 24.7211 0
      vertex -9.99054 24.1193 16.5
      vertex -8.39167 24.7211 16.5
    endloop
  endfacet
  facet normal -0.352264 0.935901 0
    outer loop
      vertex -9.99054 24.1193 16.5
      vertex -8.39167 24.7211 0
      vertex -9.99054 24.1193 0
    endloop
  endfacet
  facet normal 0.881933 0.471375 0
    outer loop
      vertex 23.4142 11.5466 16.5
      vertex 22.6089 13.0533 0
      vertex 22.6089 13.0533 16.5
    endloop
  endfacet
  facet normal 0.881933 0.471375 0
    outer loop
      vertex 22.6089 13.0533 0
      vertex 23.4142 11.5466 16.5
      vertex 23.4142 11.5466 0
    endloop
  endfacet
  facet normal -0.935901 0.352264 0
    outer loop
      vertex -24.7211 8.39167 0
      vertex -24.1193 9.99054 16.5
      vertex -24.1193 9.99054 0
    endloop
  endfacet
  facet normal -0.935901 0.352264 0
    outer loop
      vertex -24.1193 9.99054 16.5
      vertex -24.7211 8.39167 0
      vertex -24.7211 8.39167 16.5
    endloop
  endfacet
  facet normal 0.290279 0.956942 -0
    outer loop
      vertex 8.39167 24.7211 0
      vertex 6.75687 25.217 16.5
      vertex 8.39167 24.7211 16.5
    endloop
  endfacet
  facet normal 0.290279 0.956942 0
    outer loop
      vertex 6.75687 25.217 16.5
      vertex 8.39167 24.7211 0
      vertex 6.75687 25.217 0
    endloop
  endfacet
  facet normal -0.162924 0.986639 0
    outer loop
      vertex -3.42596 25.8802 0
      vertex -5.09313 25.6049 16.5
      vertex -3.42596 25.8802 16.5
    endloop
  endfacet
  facet normal -0.162924 0.986639 0
    outer loop
      vertex -5.09313 25.6049 16.5
      vertex -3.42596 25.8802 0
      vertex -5.09313 25.6049 0
    endloop
  endfacet
  facet normal 0.22706 0.973881 -0
    outer loop
      vertex 6.75687 25.217 0
      vertex 5.09313 25.6049 16.5
      vertex 6.75687 25.217 16.5
    endloop
  endfacet
  facet normal 0.22706 0.973881 0
    outer loop
      vertex 5.09313 25.6049 16.5
      vertex 6.75687 25.217 0
      vertex 5.09313 25.6049 0
    endloop
  endfacet
  facet normal -0.999465 0.0327213 0
    outer loop
      vertex -26.1065 0 0
      vertex -26.0506 1.70745 16.5
      vertex -26.0506 1.70745 0
    endloop
  endfacet
  facet normal -0.999465 0.0327213 0
    outer loop
      vertex -26.0506 1.70745 16.5
      vertex -26.1065 0 0
      vertex -26.1065 0 16.5
    endloop
  endfacet
  facet normal -0.999465 -0.0327213 0
    outer loop
      vertex -26.0506 -1.70745 0
      vertex -26.1065 0 16.5
      vertex -26.1065 0 0
    endloop
  endfacet
  facet normal -0.999465 -0.0327213 0
    outer loop
      vertex -26.1065 0 16.5
      vertex -26.0506 -1.70745 0
      vertex -26.0506 -1.70745 16.5
    endloop
  endfacet
  facet normal 0.995188 -0.0979886 0
    outer loop
      vertex 25.8832 -3.40759 12
      vertex 26.0506 -1.70745 0
      vertex 26.0506 -1.70745 12
    endloop
  endfacet
  facet normal 0.995188 -0.0979886 0
    outer loop
      vertex 26.0506 -1.70745 0
      vertex 25.8832 -3.40759 12
      vertex 25.8832 -3.40759 0
    endloop
  endfacet
  facet normal 0.995188 -0.0979886 0
    outer loop
      vertex 25.8832 -3.40759 16.5
      vertex 26.0506 -1.70745 16
      vertex 26.0506 -1.70745 16.5
    endloop
  endfacet
  facet normal 0.995188 -0.0979886 0
    outer loop
      vertex 26.0506 -1.70745 16
      vertex 25.8832 -3.40759 16.5
      vertex 25.8832 -3.40759 16
    endloop
  endfacet
  facet normal 0.999465 -0.0327213 0
    outer loop
      vertex 26.0506 -1.70745 16.5
      vertex 26.1065 0 16
      vertex 26.1065 0 16.5
    endloop
  endfacet
  facet normal 0.999465 -0.0327213 0
    outer loop
      vertex 26.1065 0 16
      vertex 26.0506 -1.70745 16.5
      vertex 26.0506 -1.70745 16
    endloop
  endfacet
  facet normal 0.999465 -0.0327213 0
    outer loop
      vertex 26.0506 -1.70745 12
      vertex 26.1065 0 0
      vertex 26.1065 0 12
    endloop
  endfacet
  facet normal 0.999465 -0.0327213 0
    outer loop
      vertex 26.1065 0 0
      vertex 26.0506 -1.70745 12
      vertex 26.0506 -1.70745 0
    endloop
  endfacet
  facet normal -0.352264 -0.935901 0
    outer loop
      vertex -9.99054 -24.1193 0
      vertex -8.39167 -24.7211 16.5
      vertex -9.99054 -24.1193 16.5
    endloop
  endfacet
  facet normal -0.352264 -0.935901 -0
    outer loop
      vertex -8.39167 -24.7211 16.5
      vertex -9.99054 -24.1193 0
      vertex -8.39167 -24.7211 0
    endloop
  endfacet
  facet normal 0.849203 -0.528066 0
    outer loop
      vertex 21.7068 -14.504 16.5
      vertex 22.6089 -13.0533 0
      vertex 22.6089 -13.0533 16.5
    endloop
  endfacet
  facet normal 0.849203 -0.528066 0
    outer loop
      vertex 22.6089 -13.0533 0
      vertex 21.7068 -14.504 16.5
      vertex 21.7068 -14.504 0
    endloop
  endfacet
  facet normal -0.849203 -0.528066 0
    outer loop
      vertex -21.7068 -14.504 0
      vertex -22.6089 -13.0533 16.5
      vertex -22.6089 -13.0533 0
    endloop
  endfacet
  facet normal -0.849203 -0.528066 0
    outer loop
      vertex -22.6089 -13.0533 16.5
      vertex -21.7068 -14.504 0
      vertex -21.7068 -14.504 16.5
    endloop
  endfacet
  facet normal 0.973881 -0.22706 0
    outer loop
      vertex 25.217 -6.75687 16.5
      vertex 25.6049 -5.09313 0
      vertex 25.6049 -5.09313 16.5
    endloop
  endfacet
  facet normal 0.973881 -0.22706 0
    outer loop
      vertex 25.6049 -5.09313 0
      vertex 25.217 -6.75687 16.5
      vertex 25.217 -6.75687 0
    endloop
  endfacet
  facet normal -0.528066 -0.849203 0
    outer loop
      vertex -14.504 -21.7068 0
      vertex -13.0533 -22.6089 16.5
      vertex -14.504 -21.7068 16.5
    endloop
  endfacet
  facet normal -0.528066 -0.849203 -0
    outer loop
      vertex -13.0533 -22.6089 16.5
      vertex -14.504 -21.7068 0
      vertex -13.0533 -22.6089 0
    endloop
  endfacet
  facet normal -0.0327213 -0.999465 0
    outer loop
      vertex -1.70745 -26.0506 0
      vertex 0 -26.1065 2
      vertex -1.70745 -26.0506 2
    endloop
  endfacet
  facet normal -0.0327213 -0.999465 -0
    outer loop
      vertex 0 -26.1065 2
      vertex -1.70745 -26.0506 0
      vertex 0 -26.1065 0
    endloop
  endfacet
  facet normal -0.0327213 -0.999465 0
    outer loop
      vertex -1.70745 -26.0506 11.5
      vertex 0 -26.1065 16.5
      vertex -1.70745 -26.0506 16.5
    endloop
  endfacet
  facet normal -0.0327213 -0.999465 -0
    outer loop
      vertex 0 -26.1065 16.5
      vertex -1.70745 -26.0506 11.5
      vertex 0 -26.1065 11.5
    endloop
  endfacet
  facet normal -0.973881 0.22706 0
    outer loop
      vertex -25.6049 5.09313 0
      vertex -25.217 6.75687 16.5
      vertex -25.217 6.75687 0
    endloop
  endfacet
  facet normal -0.973881 0.22706 0
    outer loop
      vertex -25.217 6.75687 16.5
      vertex -25.6049 5.09313 0
      vertex -25.6049 5.09313 16.5
    endloop
  endfacet
  facet normal 0.729878 0.683577 0
    outer loop
      vertex 19.6279 17.2132 16.5
      vertex 18.4601 18.4601 0
      vertex 18.4601 18.4601 16.5
    endloop
  endfacet
  facet normal 0.729878 0.683577 0
    outer loop
      vertex 18.4601 18.4601 0
      vertex 19.6279 17.2132 16.5
      vertex 19.6279 17.2132 0
    endloop
  endfacet
  facet normal 0.582467 0.812855 -0
    outer loop
      vertex 15.8927 20.7117 0
      vertex 14.504 21.7068 16.5
      vertex 15.8927 20.7117 16.5
    endloop
  endfacet
  facet normal 0.582467 0.812855 0
    outer loop
      vertex 14.504 21.7068 16.5
      vertex 15.8927 20.7117 0
      vertex 14.504 21.7068 0
    endloop
  endfacet
  facet normal -0.528066 0.849203 0
    outer loop
      vertex -13.0533 22.6089 0
      vertex -14.504 21.7068 16.5
      vertex -13.0533 22.6089 16.5
    endloop
  endfacet
  facet normal -0.528066 0.849203 0
    outer loop
      vertex -14.504 21.7068 16.5
      vertex -13.0533 22.6089 0
      vertex -14.504 21.7068 0
    endloop
  endfacet
  facet normal -0.729878 -0.683577 0
    outer loop
      vertex -18.4601 -18.4601 0
      vertex -19.6279 -17.2132 16.5
      vertex -19.6279 -17.2132 0
    endloop
  endfacet
  facet normal -0.729878 -0.683577 0
    outer loop
      vertex -19.6279 -17.2132 16.5
      vertex -18.4601 -18.4601 0
      vertex -18.4601 -18.4601 16.5
    endloop
  endfacet
  facet normal 0.935901 0.352264 0
    outer loop
      vertex 24.7211 8.39167 16.5
      vertex 24.1193 9.99054 0
      vertex 24.1193 9.99054 16.5
    endloop
  endfacet
  facet normal 0.935901 0.352264 0
    outer loop
      vertex 24.1193 9.99054 0
      vertex 24.7211 8.39167 16.5
      vertex 24.7211 8.39167 0
    endloop
  endfacet
  facet normal 0.986602 0.163145 -0
    outer loop
      vertex 25.6203 5 12
      vertex 25.6049 5.09313 16.5
      vertex 25.6203 5 16
    endloop
  endfacet
  facet normal 0.986642 0.162905 4.59353e-05
    outer loop
      vertex 25.8832 3.40759 16.5
      vertex 25.6203 5 16
      vertex 25.6049 5.09313 16.5
    endloop
  endfacet
  facet normal 0.986644 0.162891 0
    outer loop
      vertex 25.6203 5 16
      vertex 25.8832 3.40759 16.5
      vertex 25.8832 3.40759 16
    endloop
  endfacet
  facet normal 0.986602 0.163145 0
    outer loop
      vertex 25.6049 5.09313 16.5
      vertex 25.6203 5 12
      vertex 25.6049 5.09313 0
    endloop
  endfacet
  facet normal 0.986644 0.162891 -2.02591e-06
    outer loop
      vertex 25.8832 3.40759 12
      vertex 25.6049 5.09313 0
      vertex 25.6203 5 12
    endloop
  endfacet
  facet normal 0.986642 0.162905 0
    outer loop
      vertex 25.6049 5.09313 0
      vertex 25.8832 3.40759 12
      vertex 25.8832 3.40759 0
    endloop
  endfacet
  facet normal -0.471375 -0.881933 0
    outer loop
      vertex -13.0533 -22.6089 0
      vertex -11.5466 -23.4142 16.5
      vertex -13.0533 -22.6089 16.5
    endloop
  endfacet
  facet normal -0.471375 -0.881933 -0
    outer loop
      vertex -11.5466 -23.4142 16.5
      vertex -13.0533 -22.6089 0
      vertex -11.5466 -23.4142 0
    endloop
  endfacet
  facet normal -0.683577 0.729878 0
    outer loop
      vertex -17.2132 19.6279 0
      vertex -18.4601 18.4601 16.5
      vertex -17.2132 19.6279 16.5
    endloop
  endfacet
  facet normal -0.683577 0.729878 0
    outer loop
      vertex -18.4601 18.4601 16.5
      vertex -17.2132 19.6279 0
      vertex -18.4601 18.4601 0
    endloop
  endfacet
  facet normal -0.683577 -0.729878 0
    outer loop
      vertex -18.4601 -18.4601 0
      vertex -17.2132 -19.6279 16.5
      vertex -18.4601 -18.4601 16.5
    endloop
  endfacet
  facet normal -0.683577 -0.729878 -0
    outer loop
      vertex -17.2132 -19.6279 16.5
      vertex -18.4601 -18.4601 0
      vertex -17.2132 -19.6279 0
    endloop
  endfacet
  facet normal 0.729878 -0.683577 0
    outer loop
      vertex 18.4601 -18.4601 16.5
      vertex 19.6279 -17.2132 0
      vertex 19.6279 -17.2132 16.5
    endloop
  endfacet
  facet normal 0.729878 -0.683577 0
    outer loop
      vertex 19.6279 -17.2132 0
      vertex 18.4601 -18.4601 16.5
      vertex 18.4601 -18.4601 0
    endloop
  endfacet
  facet normal -0.812855 0.582467 0
    outer loop
      vertex -21.7068 14.504 0
      vertex -20.7117 15.8927 16.5
      vertex -20.7117 15.8927 0
    endloop
  endfacet
  facet normal -0.812855 0.582467 0
    outer loop
      vertex -20.7117 15.8927 16.5
      vertex -21.7068 14.504 0
      vertex -21.7068 14.504 16.5
    endloop
  endfacet
  facet normal -0.290279 0.956942 0
    outer loop
      vertex -6.75687 25.217 0
      vertex -8.39167 24.7211 16.5
      vertex -6.75687 25.217 16.5
    endloop
  endfacet
  facet normal -0.290279 0.956942 0
    outer loop
      vertex -8.39167 24.7211 16.5
      vertex -6.75687 25.217 0
      vertex -8.39167 24.7211 0
    endloop
  endfacet
  facet normal 0.772984 0.634426 0
    outer loop
      vertex 20.7117 15.8927 16.5
      vertex 19.6279 17.2132 0
      vertex 19.6279 17.2132 16.5
    endloop
  endfacet
  facet normal 0.772984 0.634426 0
    outer loop
      vertex 19.6279 17.2132 0
      vertex 20.7117 15.8927 16.5
      vertex 20.7117 15.8927 0
    endloop
  endfacet
  facet normal 0.471375 -0.881933 0
    outer loop
      vertex 11.5466 -23.4142 0
      vertex 13.0533 -22.6089 16.5
      vertex 11.5466 -23.4142 16.5
    endloop
  endfacet
  facet normal 0.471375 -0.881933 0
    outer loop
      vertex 13.0533 -22.6089 16.5
      vertex 11.5466 -23.4142 0
      vertex 13.0533 -22.6089 0
    endloop
  endfacet
  facet normal -0.995188 -0.0979886 0
    outer loop
      vertex -25.8832 -3.40759 0
      vertex -26.0506 -1.70745 16.5
      vertex -26.0506 -1.70745 0
    endloop
  endfacet
  facet normal -0.995188 -0.0979886 0
    outer loop
      vertex -26.0506 -1.70745 16.5
      vertex -25.8832 -3.40759 0
      vertex -25.8832 -3.40759 16.5
    endloop
  endfacet
  facet normal -0.0979886 -0.995188 -6.4333e-06
    outer loop
      vertex -3.40759 -25.8832 16.5
      vertex -3 -25.9233 11.5
      vertex -1.70745 -26.0506 16.5
    endloop
  endfacet
  facet normal -0.0979105 -0.995195 0
    outer loop
      vertex -3.40759 -25.8832 0
      vertex -3 -25.9233 11.5
      vertex -3.40759 -25.8832 16.5
    endloop
  endfacet
  facet normal -0.0979105 -0.995195 -0
    outer loop
      vertex -3 -25.9233 11.5
      vertex -3.40759 -25.8832 0
      vertex -3 -25.9233 2
    endloop
  endfacet
  facet normal -0.0979886 -0.995188 1.60832e-05
    outer loop
      vertex -1.70745 -26.0506 0
      vertex -3 -25.9233 2
      vertex -3.40759 -25.8832 0
    endloop
  endfacet
  facet normal -0.0980133 -0.995185 0
    outer loop
      vertex -3 -25.9233 2
      vertex -1.70745 -26.0506 0
      vertex -1.70745 -26.0506 2
    endloop
  endfacet
  facet normal -0.0980133 -0.995185 -0
    outer loop
      vertex -1.70745 -26.0506 16.5
      vertex -3 -25.9233 11.5
      vertex -1.70745 -26.0506 11.5
    endloop
  endfacet
  facet normal -0.412735 0.910851 0
    outer loop
      vertex -9.99054 24.1193 0
      vertex -11.5466 23.4142 16.5
      vertex -9.99054 24.1193 16.5
    endloop
  endfacet
  facet normal -0.412735 0.910851 0
    outer loop
      vertex -11.5466 23.4142 16.5
      vertex -9.99054 24.1193 0
      vertex -11.5466 23.4142 0
    endloop
  endfacet
  facet normal -0.162905 -0.986642 0
    outer loop
      vertex -5.09313 -25.6049 0
      vertex -3.40759 -25.8832 16.5
      vertex -5.09313 -25.6049 16.5
    endloop
  endfacet
  facet normal -0.162905 -0.986642 -0
    outer loop
      vertex -3.40759 -25.8832 16.5
      vertex -5.09313 -25.6049 0
      vertex -3.40759 -25.8832 0
    endloop
  endfacet
  facet normal -0.772984 0.634426 0
    outer loop
      vertex -20.7117 15.8927 0
      vertex -19.6279 17.2132 16.5
      vertex -19.6279 17.2132 0
    endloop
  endfacet
  facet normal -0.772984 0.634426 0
    outer loop
      vertex -19.6279 17.2132 16.5
      vertex -20.7117 15.8927 0
      vertex -20.7117 15.8927 16.5
    endloop
  endfacet
  facet normal -0.412735 -0.910851 0
    outer loop
      vertex -11.5466 -23.4142 0
      vertex -9.99054 -24.1193 16.5
      vertex -11.5466 -23.4142 16.5
    endloop
  endfacet
  facet normal -0.412735 -0.910851 -0
    outer loop
      vertex -9.99054 -24.1193 16.5
      vertex -11.5466 -23.4142 0
      vertex -9.99054 -24.1193 0
    endloop
  endfacet
  facet normal -0.22706 0.973881 0
    outer loop
      vertex -5.09313 25.6049 0
      vertex -6.75687 25.217 16.5
      vertex -5.09313 25.6049 16.5
    endloop
  endfacet
  facet normal -0.22706 0.973881 0
    outer loop
      vertex -6.75687 25.217 16.5
      vertex -5.09313 25.6049 0
      vertex -6.75687 25.217 0
    endloop
  endfacet
  facet normal -0.290279 -0.956942 0
    outer loop
      vertex -8.39167 -24.7211 0
      vertex -6.75687 -25.217 16.5
      vertex -8.39167 -24.7211 16.5
    endloop
  endfacet
  facet normal -0.290279 -0.956942 -0
    outer loop
      vertex -6.75687 -25.217 16.5
      vertex -8.39167 -24.7211 0
      vertex -6.75687 -25.217 0
    endloop
  endfacet
  facet normal -0.910851 -0.412735 0
    outer loop
      vertex -23.4142 -11.5466 0
      vertex -24.1193 -9.99054 16.5
      vertex -24.1193 -9.99054 0
    endloop
  endfacet
  facet normal -0.910851 -0.412735 0
    outer loop
      vertex -24.1193 -9.99054 16.5
      vertex -23.4142 -11.5466 0
      vertex -23.4142 -11.5466 16.5
    endloop
  endfacet
  facet normal -0.986642 0.162905 0
    outer loop
      vertex -25.8832 3.40759 0
      vertex -25.6049 5.09313 16.5
      vertex -25.6049 5.09313 0
    endloop
  endfacet
  facet normal -0.986642 0.162905 0
    outer loop
      vertex -25.6049 5.09313 16.5
      vertex -25.8832 3.40759 0
      vertex -25.8832 3.40759 16.5
    endloop
  endfacet
  facet normal -0.995188 0.0979886 0
    outer loop
      vertex -26.0506 1.70745 0
      vertex -25.8832 3.40759 16.5
      vertex -25.8832 3.40759 0
    endloop
  endfacet
  facet normal -0.995188 0.0979886 0
    outer loop
      vertex -25.8832 3.40759 16.5
      vertex -26.0506 1.70745 0
      vertex -26.0506 1.70745 16.5
    endloop
  endfacet
  facet normal 0.290279 -0.956942 0
    outer loop
      vertex 6.75687 -25.217 0
      vertex 8.39167 -24.7211 16.5
      vertex 6.75687 -25.217 16.5
    endloop
  endfacet
  facet normal 0.290279 -0.956942 0
    outer loop
      vertex 8.39167 -24.7211 16.5
      vertex 6.75687 -25.217 0
      vertex 8.39167 -24.7211 0
    endloop
  endfacet
  facet normal -0.582467 -0.812855 0
    outer loop
      vertex -15.8927 -20.7117 0
      vertex -14.504 -21.7068 16.5
      vertex -15.8927 -20.7117 16.5
    endloop
  endfacet
  facet normal -0.582467 -0.812855 -0
    outer loop
      vertex -14.504 -21.7068 16.5
      vertex -15.8927 -20.7117 0
      vertex -14.504 -21.7068 0
    endloop
  endfacet
  facet normal -0.956942 -0.290279 0
    outer loop
      vertex -24.7211 -8.39167 0
      vertex -25.217 -6.75687 16.5
      vertex -25.217 -6.75687 0
    endloop
  endfacet
  facet normal -0.956942 -0.290279 0
    outer loop
      vertex -25.217 -6.75687 16.5
      vertex -24.7211 -8.39167 0
      vertex -24.7211 -8.39167 16.5
    endloop
  endfacet
  facet normal -0.973881 -0.22706 0
    outer loop
      vertex -25.217 -6.75687 0
      vertex -25.6049 -5.09313 16.5
      vertex -25.6049 -5.09313 0
    endloop
  endfacet
  facet normal -0.973881 -0.22706 0
    outer loop
      vertex -25.6049 -5.09313 16.5
      vertex -25.217 -6.75687 0
      vertex -25.217 -6.75687 16.5
    endloop
  endfacet
  facet normal -0.22706 -0.973881 0
    outer loop
      vertex -6.75687 -25.217 0
      vertex -5.09313 -25.6049 16.5
      vertex -6.75687 -25.217 16.5
    endloop
  endfacet
  facet normal -0.22706 -0.973881 -0
    outer loop
      vertex -5.09313 -25.6049 16.5
      vertex -6.75687 -25.217 0
      vertex -5.09313 -25.6049 0
    endloop
  endfacet
  facet normal -0.471375 0.881933 0
    outer loop
      vertex -11.5466 23.4142 0
      vertex -13.0533 22.6089 16.5
      vertex -11.5466 23.4142 16.5
    endloop
  endfacet
  facet normal -0.471375 0.881933 0
    outer loop
      vertex -13.0533 22.6089 16.5
      vertex -11.5466 23.4142 0
      vertex -13.0533 22.6089 0
    endloop
  endfacet
  facet normal -0.881933 -0.471375 0
    outer loop
      vertex -22.6089 -13.0533 0
      vertex -23.4142 -11.5466 16.5
      vertex -23.4142 -11.5466 0
    endloop
  endfacet
  facet normal -0.881933 -0.471375 0
    outer loop
      vertex -23.4142 -11.5466 16.5
      vertex -22.6089 -13.0533 0
      vertex -22.6089 -13.0533 16.5
    endloop
  endfacet
  facet normal -0.582515 0.81282 0
    outer loop
      vertex 14.6751 -19.125 2
      vertex 13.3929 -20.0439 16.5
      vertex 14.6751 -19.125 16.5
    endloop
  endfacet
  facet normal -0.582515 0.81282 0
    outer loop
      vertex 13.3929 -20.0439 16.5
      vertex 14.6751 -19.125 2
      vertex 13.3929 -20.0439 2
    endloop
  endfacet
  facet normal -0.995186 -0.0980042 0
    outer loop
      vertex 24.0549 1.57664 2
      vertex 23.9003 3.14653 12
      vertex 23.9003 3.14653 2
    endloop
  endfacet
  facet normal -0.995186 -0.0980042 0
    outer loop
      vertex 23.9003 3.14653 12
      vertex 24.0549 1.57664 2
      vertex 24.0549 1.57664 12
    endloop
  endfacet
  facet normal -0.995186 -0.0980042 0
    outer loop
      vertex 24.0549 1.57664 16
      vertex 23.9003 3.14653 16.5
      vertex 23.9003 3.14653 16
    endloop
  endfacet
  facet normal -0.995186 -0.0980042 0
    outer loop
      vertex 23.9003 3.14653 16.5
      vertex 24.0549 1.57664 16
      vertex 24.0549 1.57664 16.5
    endloop
  endfacet
  facet normal -0.999465 -0.0327103 0
    outer loop
      vertex 24.1065 0 2
      vertex 24.0549 1.57664 12
      vertex 24.0549 1.57664 2
    endloop
  endfacet
  facet normal -0.999465 -0.0327103 0
    outer loop
      vertex 24.0549 1.57664 12
      vertex 24.1065 0 2
      vertex 24.1065 0 12
    endloop
  endfacet
  facet normal -0.999465 -0.0327103 0
    outer loop
      vertex 24.1065 0 16
      vertex 24.0549 1.57664 16.5
      vertex 24.0549 1.57664 16
    endloop
  endfacet
  facet normal -0.999465 -0.0327103 0
    outer loop
      vertex 24.0549 1.57664 16.5
      vertex 24.1065 0 16
      vertex 24.1065 0 16.5
    endloop
  endfacet
  facet normal -0.98664 -0.162916 0
    outer loop
      vertex 23.9003 3.14653 2
      vertex 23.6433 4.70295 12
      vertex 23.6433 4.70295 2
    endloop
  endfacet
  facet normal -0.98664 -0.162916 0
    outer loop
      vertex 23.6433 4.70295 12
      vertex 23.9003 3.14653 2
      vertex 23.9003 3.14653 12
    endloop
  endfacet
  facet normal -0.98664 -0.162916 0
    outer loop
      vertex 23.9003 3.14653 16
      vertex 23.6433 4.70295 16.5
      vertex 23.6433 4.70295 16
    endloop
  endfacet
  facet normal -0.98664 -0.162916 0
    outer loop
      vertex 23.6433 4.70295 16.5
      vertex 23.9003 3.14653 16
      vertex 23.9003 3.14653 16.5
    endloop
  endfacet
  facet normal -0.973868 -0.227115 0
    outer loop
      vertex 23.2851 6.23923 2
      vertex 23.5741 5 12
      vertex 23.2851 6.23923 16.5
    endloop
  endfacet
  facet normal -0.973878 -0.22707 5.87859e-06
    outer loop
      vertex 23.6433 4.70295 2
      vertex 23.5741 5 12
      vertex 23.2851 6.23923 2
    endloop
  endfacet
  facet normal -0.973922 -0.226882 0
    outer loop
      vertex 23.5741 5 12
      vertex 23.6433 4.70295 2
      vertex 23.6433 4.70295 12
    endloop
  endfacet
  facet normal -0.973868 -0.227115 -0
    outer loop
      vertex 23.5741 5 16
      vertex 23.2851 6.23923 16.5
      vertex 23.5741 5 12
    endloop
  endfacet
  facet normal -0.973922 -0.226882 -0
    outer loop
      vertex 23.6433 4.70295 16.5
      vertex 23.5741 5 16
      vertex 23.6433 4.70295 16
    endloop
  endfacet
  facet normal -0.973878 -0.22707 -0.000117572
    outer loop
      vertex 23.5741 5 16
      vertex 23.6433 4.70295 16.5
      vertex 23.2851 6.23923 16.5
    endloop
  endfacet
  facet normal -0.849207 -0.52806 0
    outer loop
      vertex 20.8769 12.0533 2
      vertex 20.0439 13.3929 16.5
      vertex 20.0439 13.3929 2
    endloop
  endfacet
  facet normal -0.849207 -0.52806 0
    outer loop
      vertex 20.0439 13.3929 16.5
      vertex 20.8769 12.0533 2
      vertex 20.8769 12.0533 16.5
    endloop
  endfacet
  facet normal -0.352267 0.9359 0
    outer loop
      vertex 9.22517 -22.2715 2
      vertex 7.74879 -22.8272 16.5
      vertex 9.22517 -22.2715 16.5
    endloop
  endfacet
  facet normal -0.352267 0.9359 0
    outer loop
      vertex 7.74879 -22.8272 16.5
      vertex 9.22517 -22.2715 2
      vertex 7.74879 -22.8272 2
    endloop
  endfacet
  facet normal -0.881938 -0.471365 0
    outer loop
      vertex 21.6205 10.662 2
      vertex 20.8769 12.0533 16.5
      vertex 20.8769 12.0533 2
    endloop
  endfacet
  facet normal -0.881938 -0.471365 0
    outer loop
      vertex 20.8769 12.0533 16.5
      vertex 21.6205 10.662 2
      vertex 21.6205 10.662 16.5
    endloop
  endfacet
  facet normal 0.162916 -0.98664 0
    outer loop
      vertex -4.70295 23.6433 2
      vertex -3.14653 23.9003 16.5
      vertex -4.70295 23.6433 16.5
    endloop
  endfacet
  facet normal 0.162916 -0.98664 0
    outer loop
      vertex -3.14653 23.9003 16.5
      vertex -4.70295 23.6433 2
      vertex -3.14653 23.9003 2
    endloop
  endfacet
  facet normal -0.81282 -0.582515 0
    outer loop
      vertex 20.0439 13.3929 2
      vertex 19.125 14.6751 16.5
      vertex 19.125 14.6751 2
    endloop
  endfacet
  facet normal -0.81282 -0.582515 0
    outer loop
      vertex 19.125 14.6751 16.5
      vertex 20.0439 13.3929 2
      vertex 20.0439 13.3929 16.5
    endloop
  endfacet
  facet normal -0.63438 -0.773022 0
    outer loop
      vertex 14.6751 19.125 2
      vertex 15.8945 18.1243 16.5
      vertex 14.6751 19.125 16.5
    endloop
  endfacet
  facet normal -0.63438 -0.773022 -0
    outer loop
      vertex 15.8945 18.1243 16.5
      vertex 14.6751 19.125 2
      vertex 15.8945 18.1243 2
    endloop
  endfacet
  facet normal -0.683591 -0.729865 0
    outer loop
      vertex 15.8945 18.1243 2
      vertex 17.0459 17.0459 16.5
      vertex 15.8945 18.1243 16.5
    endloop
  endfacet
  facet normal -0.683591 -0.729865 -0
    outer loop
      vertex 17.0459 17.0459 16.5
      vertex 15.8945 18.1243 2
      vertex 17.0459 17.0459 2
    endloop
  endfacet
  facet normal 0.881938 0.471365 0
    outer loop
      vertex -20.8769 -12.0533 16.5
      vertex -21.6205 -10.662 2
      vertex -21.6205 -10.662 16.5
    endloop
  endfacet
  facet normal 0.881938 0.471365 0
    outer loop
      vertex -21.6205 -10.662 2
      vertex -20.8769 -12.0533 16.5
      vertex -20.8769 -12.0533 2
    endloop
  endfacet
  facet normal 0.849207 -0.52806 0
    outer loop
      vertex -20.8769 12.0533 16.5
      vertex -20.0439 13.3929 2
      vertex -20.0439 13.3929 16.5
    endloop
  endfacet
  facet normal 0.849207 -0.52806 0
    outer loop
      vertex -20.0439 13.3929 2
      vertex -20.8769 12.0533 16.5
      vertex -20.8769 12.0533 2
    endloop
  endfacet
  facet normal -0.910868 0.412697 0
    outer loop
      vertex 21.6205 -10.662 2
      vertex 22.2715 -9.22517 16.5
      vertex 22.2715 -9.22517 2
    endloop
  endfacet
  facet normal -0.910868 0.412697 0
    outer loop
      vertex 22.2715 -9.22517 16.5
      vertex 21.6205 -10.662 2
      vertex 21.6205 -10.662 16.5
    endloop
  endfacet
  facet normal 0.999465 0.0327103 0
    outer loop
      vertex -24.0549 -1.57664 16.5
      vertex -24.1065 0 2
      vertex -24.1065 0 16.5
    endloop
  endfacet
  facet normal 0.999465 0.0327103 0
    outer loop
      vertex -24.1065 0 2
      vertex -24.0549 -1.57664 16.5
      vertex -24.0549 -1.57664 2
    endloop
  endfacet
  facet normal -0.412697 -0.910868 0
    outer loop
      vertex 9.22517 22.2715 2
      vertex 10.662 21.6205 16.5
      vertex 9.22517 22.2715 16.5
    endloop
  endfacet
  facet normal -0.412697 -0.910868 -0
    outer loop
      vertex 10.662 21.6205 16.5
      vertex 9.22517 22.2715 2
      vertex 10.662 21.6205 2
    endloop
  endfacet
  facet normal 0.412697 -0.910868 0
    outer loop
      vertex -10.662 21.6205 2
      vertex -9.22517 22.2715 16.5
      vertex -10.662 21.6205 16.5
    endloop
  endfacet
  facet normal 0.412697 -0.910868 0
    outer loop
      vertex -9.22517 22.2715 16.5
      vertex -10.662 21.6205 2
      vertex -9.22517 22.2715 2
    endloop
  endfacet
  facet normal -0.412697 0.910868 0
    outer loop
      vertex 10.662 -21.6205 2
      vertex 9.22517 -22.2715 16.5
      vertex 10.662 -21.6205 16.5
    endloop
  endfacet
  facet normal -0.412697 0.910868 0
    outer loop
      vertex 9.22517 -22.2715 16.5
      vertex 10.662 -21.6205 2
      vertex 9.22517 -22.2715 2
    endloop
  endfacet
  facet normal 0.0327103 0.999465 -0
    outer loop
      vertex 0 -24.1065 11.5
      vertex -1.57664 -24.0549 16.5
      vertex 0 -24.1065 16.5
    endloop
  endfacet
  facet normal 0.0327103 0.999465 0
    outer loop
      vertex -1.57664 -24.0549 16.5
      vertex 0 -24.1065 11.5
      vertex -1.57664 -24.0549 11.5
    endloop
  endfacet
  facet normal -0.773022 -0.63438 0
    outer loop
      vertex 19.125 14.6751 2
      vertex 18.1243 15.8945 16.5
      vertex 18.1243 15.8945 2
    endloop
  endfacet
  facet normal -0.773022 -0.63438 0
    outer loop
      vertex 18.1243 15.8945 16.5
      vertex 19.125 14.6751 2
      vertex 19.125 14.6751 16.5
    endloop
  endfacet
  facet normal -0.352267 -0.9359 0
    outer loop
      vertex 7.74879 22.8272 2
      vertex 9.22517 22.2715 16.5
      vertex 7.74879 22.8272 16.5
    endloop
  endfacet
  facet normal -0.352267 -0.9359 -0
    outer loop
      vertex 9.22517 22.2715 16.5
      vertex 7.74879 22.8272 2
      vertex 9.22517 22.2715 2
    endloop
  endfacet
  facet normal -0.729865 -0.683591 0
    outer loop
      vertex 18.1243 15.8945 2
      vertex 17.0459 17.0459 16.5
      vertex 17.0459 17.0459 2
    endloop
  endfacet
  facet normal -0.729865 -0.683591 0
    outer loop
      vertex 17.0459 17.0459 16.5
      vertex 18.1243 15.8945 2
      vertex 18.1243 15.8945 16.5
    endloop
  endfacet
  facet normal -0.999465 0.0327103 0
    outer loop
      vertex 24.0549 -1.57664 2
      vertex 24.1065 0 12
      vertex 24.1065 0 2
    endloop
  endfacet
  facet normal -0.999465 0.0327103 0
    outer loop
      vertex 24.1065 0 12
      vertex 24.0549 -1.57664 2
      vertex 24.0549 -1.57664 12
    endloop
  endfacet
  facet normal -0.999465 0.0327103 0
    outer loop
      vertex 24.0549 -1.57664 16
      vertex 24.1065 0 16.5
      vertex 24.1065 0 16
    endloop
  endfacet
  facet normal -0.999465 0.0327103 0
    outer loop
      vertex 24.1065 0 16.5
      vertex 24.0549 -1.57664 16
      vertex 24.0549 -1.57664 16.5
    endloop
  endfacet
  facet normal -0.995186 0.0980042 0
    outer loop
      vertex 23.9003 -3.14653 2
      vertex 24.0549 -1.57664 12
      vertex 24.0549 -1.57664 2
    endloop
  endfacet
  facet normal -0.995186 0.0980042 0
    outer loop
      vertex 24.0549 -1.57664 12
      vertex 23.9003 -3.14653 2
      vertex 23.9003 -3.14653 12
    endloop
  endfacet
  facet normal -0.995186 0.0980042 0
    outer loop
      vertex 23.9003 -3.14653 16
      vertex 24.0549 -1.57664 16.5
      vertex 24.0549 -1.57664 16
    endloop
  endfacet
  facet normal -0.995186 0.0980042 0
    outer loop
      vertex 24.0549 -1.57664 16.5
      vertex 23.9003 -3.14653 16
      vertex 23.9003 -3.14653 16.5
    endloop
  endfacet
  facet normal 0.999465 -0.0327103 0
    outer loop
      vertex -24.1065 0 16.5
      vertex -24.0549 1.57664 2
      vertex -24.0549 1.57664 16.5
    endloop
  endfacet
  facet normal 0.999465 -0.0327103 0
    outer loop
      vertex -24.0549 1.57664 2
      vertex -24.1065 0 16.5
      vertex -24.1065 0 2
    endloop
  endfacet
  facet normal 0.63438 -0.773022 0
    outer loop
      vertex -15.8945 18.1243 2
      vertex -14.6751 19.125 16.5
      vertex -15.8945 18.1243 16.5
    endloop
  endfacet
  facet normal 0.63438 -0.773022 0
    outer loop
      vertex -14.6751 19.125 16.5
      vertex -15.8945 18.1243 2
      vertex -14.6751 19.125 2
    endloop
  endfacet
  facet normal -0.956944 -0.290273 0
    outer loop
      vertex 23.2851 6.23923 2
      vertex 22.8272 7.74879 16.5
      vertex 22.8272 7.74879 2
    endloop
  endfacet
  facet normal -0.956944 -0.290273 0
    outer loop
      vertex 22.8272 7.74879 16.5
      vertex 23.2851 6.23923 2
      vertex 23.2851 6.23923 16.5
    endloop
  endfacet
  facet normal -0.22707 0.973878 0
    outer loop
      vertex 6.23923 -23.2851 2
      vertex 4.70295 -23.6433 16.5
      vertex 6.23923 -23.2851 16.5
    endloop
  endfacet
  facet normal -0.22707 0.973878 0
    outer loop
      vertex 4.70295 -23.6433 16.5
      vertex 6.23923 -23.2851 2
      vertex 4.70295 -23.6433 2
    endloop
  endfacet
  facet normal -0.9359 -0.352267 0
    outer loop
      vertex 22.8272 7.74879 2
      vertex 22.2715 9.22517 16.5
      vertex 22.2715 9.22517 2
    endloop
  endfacet
  facet normal -0.9359 -0.352267 0
    outer loop
      vertex 22.2715 9.22517 16.5
      vertex 22.8272 7.74879 2
      vertex 22.8272 7.74879 16.5
    endloop
  endfacet
  facet normal 0.81282 0.582515 0
    outer loop
      vertex -19.125 -14.6751 16.5
      vertex -20.0439 -13.3929 2
      vertex -20.0439 -13.3929 16.5
    endloop
  endfacet
  facet normal 0.81282 0.582515 0
    outer loop
      vertex -20.0439 -13.3929 2
      vertex -19.125 -14.6751 16.5
      vertex -19.125 -14.6751 2
    endloop
  endfacet
  facet normal -0.471365 0.881938 0
    outer loop
      vertex 12.0533 -20.8769 2
      vertex 10.662 -21.6205 16.5
      vertex 12.0533 -20.8769 16.5
    endloop
  endfacet
  facet normal -0.471365 0.881938 0
    outer loop
      vertex 10.662 -21.6205 16.5
      vertex 12.0533 -20.8769 2
      vertex 10.662 -21.6205 2
    endloop
  endfacet
  facet normal -0.729865 0.683591 0
    outer loop
      vertex 17.0459 -17.0459 2
      vertex 18.1243 -15.8945 16.5
      vertex 18.1243 -15.8945 2
    endloop
  endfacet
  facet normal -0.729865 0.683591 0
    outer loop
      vertex 18.1243 -15.8945 16.5
      vertex 17.0459 -17.0459 2
      vertex 17.0459 -17.0459 16.5
    endloop
  endfacet
  facet normal -0.0980042 -0.995186 0
    outer loop
      vertex 1.57664 24.0549 2
      vertex 3.14653 23.9003 16.5
      vertex 1.57664 24.0549 16.5
    endloop
  endfacet
  facet normal -0.0980042 -0.995186 -0
    outer loop
      vertex 3.14653 23.9003 16.5
      vertex 1.57664 24.0549 2
      vertex 3.14653 23.9003 2
    endloop
  endfacet
  facet normal -0.52806 -0.849207 0
    outer loop
      vertex 12.0533 20.8769 2
      vertex 13.3929 20.0439 16.5
      vertex 12.0533 20.8769 16.5
    endloop
  endfacet
  facet normal -0.52806 -0.849207 -0
    outer loop
      vertex 13.3929 20.0439 16.5
      vertex 12.0533 20.8769 2
      vertex 13.3929 20.0439 2
    endloop
  endfacet
  facet normal 0.881938 -0.471365 0
    outer loop
      vertex -21.6205 10.662 16.5
      vertex -20.8769 12.0533 2
      vertex -20.8769 12.0533 16.5
    endloop
  endfacet
  facet normal 0.881938 -0.471365 0
    outer loop
      vertex -20.8769 12.0533 2
      vertex -21.6205 10.662 16.5
      vertex -21.6205 10.662 2
    endloop
  endfacet
  facet normal -0.0980042 0.995186 5.97432e-06
    outer loop
      vertex 3.14653 -23.9003 16.5
      vertex 3 -23.9147 11.5
      vertex 1.57664 -24.0549 16.5
    endloop
  endfacet
  facet normal -0.0978023 0.995206 0
    outer loop
      vertex 3.14653 -23.9003 2
      vertex 3 -23.9147 11.5
      vertex 3.14653 -23.9003 16.5
    endloop
  endfacet
  facet normal -0.0978023 0.995206 0
    outer loop
      vertex 3 -23.9147 11.5
      vertex 3.14653 -23.9003 2
      vertex 3 -23.9147 2
    endloop
  endfacet
  facet normal -0.0980249 0.995184 0
    outer loop
      vertex 1.57664 -24.0549 16.5
      vertex 3 -23.9147 11.5
      vertex 1.57664 -24.0549 11.5
    endloop
  endfacet
  facet normal -0.956944 0.290273 0
    outer loop
      vertex 22.8272 -7.74879 2
      vertex 23.2851 -6.23923 16.5
      vertex 23.2851 -6.23923 2
    endloop
  endfacet
  facet normal -0.956944 0.290273 0
    outer loop
      vertex 23.2851 -6.23923 16.5
      vertex 22.8272 -7.74879 2
      vertex 22.8272 -7.74879 16.5
    endloop
  endfacet
  facet normal 0.52806 -0.849207 0
    outer loop
      vertex -13.3929 20.0439 2
      vertex -12.0533 20.8769 16.5
      vertex -13.3929 20.0439 16.5
    endloop
  endfacet
  facet normal 0.52806 -0.849207 0
    outer loop
      vertex -12.0533 20.8769 16.5
      vertex -13.3929 20.0439 2
      vertex -12.0533 20.8769 2
    endloop
  endfacet
  facet normal -0.849207 0.52806 0
    outer loop
      vertex 20.0439 -13.3929 2
      vertex 20.8769 -12.0533 16.5
      vertex 20.8769 -12.0533 2
    endloop
  endfacet
  facet normal -0.849207 0.52806 0
    outer loop
      vertex 20.8769 -12.0533 16.5
      vertex 20.0439 -13.3929 2
      vertex 20.0439 -13.3929 16.5
    endloop
  endfacet
  facet normal -0.910868 -0.412697 0
    outer loop
      vertex 22.2715 9.22517 2
      vertex 21.6205 10.662 16.5
      vertex 21.6205 10.662 2
    endloop
  endfacet
  facet normal -0.910868 -0.412697 0
    outer loop
      vertex 21.6205 10.662 16.5
      vertex 22.2715 9.22517 2
      vertex 22.2715 9.22517 16.5
    endloop
  endfacet
  facet normal 0.352267 -0.9359 0
    outer loop
      vertex -9.22517 22.2715 2
      vertex -7.74879 22.8272 16.5
      vertex -9.22517 22.2715 16.5
    endloop
  endfacet
  facet normal 0.352267 -0.9359 0
    outer loop
      vertex -7.74879 22.8272 16.5
      vertex -9.22517 22.2715 2
      vertex -7.74879 22.8272 2
    endloop
  endfacet
  facet normal -0.881938 0.471365 0
    outer loop
      vertex 20.8769 -12.0533 2
      vertex 21.6205 -10.662 16.5
      vertex 21.6205 -10.662 2
    endloop
  endfacet
  facet normal -0.881938 0.471365 0
    outer loop
      vertex 21.6205 -10.662 16.5
      vertex 20.8769 -12.0533 2
      vertex 20.8769 -12.0533 16.5
    endloop
  endfacet
  facet normal 0.22707 -0.973878 0
    outer loop
      vertex -6.23923 23.2851 2
      vertex -4.70295 23.6433 16.5
      vertex -6.23923 23.2851 16.5
    endloop
  endfacet
  facet normal 0.22707 -0.973878 0
    outer loop
      vertex -4.70295 23.6433 16.5
      vertex -6.23923 23.2851 2
      vertex -4.70295 23.6433 2
    endloop
  endfacet
  facet normal -0.471365 -0.881938 0
    outer loop
      vertex 10.662 21.6205 2
      vertex 12.0533 20.8769 16.5
      vertex 10.662 21.6205 16.5
    endloop
  endfacet
  facet normal -0.471365 -0.881938 -0
    outer loop
      vertex 12.0533 20.8769 16.5
      vertex 10.662 21.6205 2
      vertex 12.0533 20.8769 2
    endloop
  endfacet
  facet normal 0.290273 -0.956944 0
    outer loop
      vertex -7.74879 22.8272 2
      vertex -6.23923 23.2851 16.5
      vertex -7.74879 22.8272 16.5
    endloop
  endfacet
  facet normal 0.290273 -0.956944 0
    outer loop
      vertex -6.23923 23.2851 16.5
      vertex -7.74879 22.8272 2
      vertex -6.23923 23.2851 2
    endloop
  endfacet
  facet normal 0.995186 0.0980042 0
    outer loop
      vertex -23.9003 -3.14653 16.5
      vertex -24.0549 -1.57664 2
      vertex -24.0549 -1.57664 16.5
    endloop
  endfacet
  facet normal 0.995186 0.0980042 0
    outer loop
      vertex -24.0549 -1.57664 2
      vertex -23.9003 -3.14653 16.5
      vertex -23.9003 -3.14653 2
    endloop
  endfacet
  facet normal -0.290273 -0.956944 0
    outer loop
      vertex 6.23923 23.2851 2
      vertex 7.74879 22.8272 16.5
      vertex 6.23923 23.2851 16.5
    endloop
  endfacet
  facet normal -0.290273 -0.956944 -0
    outer loop
      vertex 7.74879 22.8272 16.5
      vertex 6.23923 23.2851 2
      vertex 7.74879 22.8272 2
    endloop
  endfacet
  facet normal -0.9359 0.352267 0
    outer loop
      vertex 22.2715 -9.22517 2
      vertex 22.8272 -7.74879 16.5
      vertex 22.8272 -7.74879 2
    endloop
  endfacet
  facet normal -0.9359 0.352267 0
    outer loop
      vertex 22.8272 -7.74879 16.5
      vertex 22.2715 -9.22517 2
      vertex 22.2715 -9.22517 16.5
    endloop
  endfacet
  facet normal 0.98664 0.162916 0
    outer loop
      vertex -23.6433 -4.70295 16.5
      vertex -23.9003 -3.14653 2
      vertex -23.9003 -3.14653 16.5
    endloop
  endfacet
  facet normal 0.98664 0.162916 0
    outer loop
      vertex -23.9003 -3.14653 2
      vertex -23.6433 -4.70295 16.5
      vertex -23.6433 -4.70295 2
    endloop
  endfacet
  facet normal -0.290273 0.956944 0
    outer loop
      vertex 7.74879 -22.8272 2
      vertex 6.23923 -23.2851 16.5
      vertex 7.74879 -22.8272 16.5
    endloop
  endfacet
  facet normal -0.290273 0.956944 0
    outer loop
      vertex 6.23923 -23.2851 16.5
      vertex 7.74879 -22.8272 2
      vertex 6.23923 -23.2851 2
    endloop
  endfacet
  facet normal 0.0980042 -0.995186 0
    outer loop
      vertex -3.14653 23.9003 2
      vertex -1.57664 24.0549 16.5
      vertex -3.14653 23.9003 16.5
    endloop
  endfacet
  facet normal 0.0980042 -0.995186 0
    outer loop
      vertex -1.57664 24.0549 16.5
      vertex -3.14653 23.9003 2
      vertex -1.57664 24.0549 2
    endloop
  endfacet
  facet normal 0.22707 0.973878 -0
    outer loop
      vertex -4.70295 -23.6433 2
      vertex -6.23923 -23.2851 16.5
      vertex -4.70295 -23.6433 16.5
    endloop
  endfacet
  facet normal 0.22707 0.973878 0
    outer loop
      vertex -6.23923 -23.2851 16.5
      vertex -4.70295 -23.6433 2
      vertex -6.23923 -23.2851 2
    endloop
  endfacet
  facet normal -0.683591 0.729865 0
    outer loop
      vertex 17.0459 -17.0459 2
      vertex 15.8945 -18.1243 16.5
      vertex 17.0459 -17.0459 16.5
    endloop
  endfacet
  facet normal -0.683591 0.729865 0
    outer loop
      vertex 15.8945 -18.1243 16.5
      vertex 17.0459 -17.0459 2
      vertex 15.8945 -18.1243 2
    endloop
  endfacet
  facet normal 0.995186 -0.0980042 0
    outer loop
      vertex -24.0549 1.57664 16.5
      vertex -23.9003 3.14653 2
      vertex -23.9003 3.14653 16.5
    endloop
  endfacet
  facet normal 0.995186 -0.0980042 0
    outer loop
      vertex -23.9003 3.14653 2
      vertex -24.0549 1.57664 16.5
      vertex -24.0549 1.57664 2
    endloop
  endfacet
  facet normal 0.910868 -0.412697 0
    outer loop
      vertex -22.2715 9.22517 16.5
      vertex -21.6205 10.662 2
      vertex -21.6205 10.662 16.5
    endloop
  endfacet
  facet normal 0.910868 -0.412697 0
    outer loop
      vertex -21.6205 10.662 2
      vertex -22.2715 9.22517 16.5
      vertex -22.2715 9.22517 2
    endloop
  endfacet
  facet normal -0.773022 0.63438 0
    outer loop
      vertex 18.1243 -15.8945 2
      vertex 19.125 -14.6751 16.5
      vertex 19.125 -14.6751 2
    endloop
  endfacet
  facet normal -0.773022 0.63438 0
    outer loop
      vertex 19.125 -14.6751 16.5
      vertex 18.1243 -15.8945 2
      vertex 18.1243 -15.8945 16.5
    endloop
  endfacet
  facet normal -0.582515 -0.81282 0
    outer loop
      vertex 13.3929 20.0439 2
      vertex 14.6751 19.125 16.5
      vertex 13.3929 20.0439 16.5
    endloop
  endfacet
  facet normal -0.582515 -0.81282 -0
    outer loop
      vertex 14.6751 19.125 16.5
      vertex 13.3929 20.0439 2
      vertex 14.6751 19.125 2
    endloop
  endfacet
  facet normal 0.973878 -0.22707 0
    outer loop
      vertex -23.6433 4.70295 16.5
      vertex -23.2851 6.23923 2
      vertex -23.2851 6.23923 16.5
    endloop
  endfacet
  facet normal 0.973878 -0.22707 0
    outer loop
      vertex -23.2851 6.23923 2
      vertex -23.6433 4.70295 16.5
      vertex -23.6433 4.70295 2
    endloop
  endfacet
  facet normal -0.52806 0.849207 0
    outer loop
      vertex 13.3929 -20.0439 2
      vertex 12.0533 -20.8769 16.5
      vertex 13.3929 -20.0439 16.5
    endloop
  endfacet
  facet normal -0.52806 0.849207 0
    outer loop
      vertex 12.0533 -20.8769 16.5
      vertex 13.3929 -20.0439 2
      vertex 12.0533 -20.8769 2
    endloop
  endfacet
  facet normal 0.63438 0.773022 -0
    outer loop
      vertex -14.6751 -19.125 2
      vertex -15.8945 -18.1243 16.5
      vertex -14.6751 -19.125 16.5
    endloop
  endfacet
  facet normal 0.63438 0.773022 0
    outer loop
      vertex -15.8945 -18.1243 16.5
      vertex -14.6751 -19.125 2
      vertex -15.8945 -18.1243 2
    endloop
  endfacet
  facet normal 0.582515 -0.81282 0
    outer loop
      vertex -14.6751 19.125 2
      vertex -13.3929 20.0439 16.5
      vertex -14.6751 19.125 16.5
    endloop
  endfacet
  facet normal 0.582515 -0.81282 0
    outer loop
      vertex -13.3929 20.0439 16.5
      vertex -14.6751 19.125 2
      vertex -13.3929 20.0439 2
    endloop
  endfacet
  facet normal -0.973922 0.226882 0
    outer loop
      vertex 23.6433 -4.70295 2
      vertex 23.5741 -5 12
      vertex 23.6433 -4.70295 12
    endloop
  endfacet
  facet normal -0.973868 0.227115 0
    outer loop
      vertex 23.2851 -6.23923 16.5
      vertex 23.5741 -5 12
      vertex 23.2851 -6.23923 2
    endloop
  endfacet
  facet normal -0.973878 0.22707 5.87859e-06
    outer loop
      vertex 23.2851 -6.23923 2
      vertex 23.5741 -5 12
      vertex 23.6433 -4.70295 2
    endloop
  endfacet
  facet normal -0.973922 0.226882 0
    outer loop
      vertex 23.5741 -5 16
      vertex 23.6433 -4.70295 16.5
      vertex 23.6433 -4.70295 16
    endloop
  endfacet
  facet normal -0.973878 0.22707 -0.000117572
    outer loop
      vertex 23.5741 -5 16
      vertex 23.2851 -6.23923 16.5
      vertex 23.6433 -4.70295 16.5
    endloop
  endfacet
  facet normal -0.973868 0.227115 0
    outer loop
      vertex 23.5741 -5 12
      vertex 23.2851 -6.23923 16.5
      vertex 23.5741 -5 16
    endloop
  endfacet
  facet normal 0.773022 0.63438 0
    outer loop
      vertex -18.1243 -15.8945 16.5
      vertex -19.125 -14.6751 2
      vertex -19.125 -14.6751 16.5
    endloop
  endfacet
  facet normal 0.773022 0.63438 0
    outer loop
      vertex -19.125 -14.6751 2
      vertex -18.1243 -15.8945 16.5
      vertex -18.1243 -15.8945 2
    endloop
  endfacet
  facet normal 0.98664 -0.162916 0
    outer loop
      vertex -23.9003 3.14653 16.5
      vertex -23.6433 4.70295 2
      vertex -23.6433 4.70295 16.5
    endloop
  endfacet
  facet normal 0.98664 -0.162916 0
    outer loop
      vertex -23.6433 4.70295 2
      vertex -23.9003 3.14653 16.5
      vertex -23.9003 3.14653 2
    endloop
  endfacet
  facet normal 0.0327103 -0.999465 0
    outer loop
      vertex -1.57664 24.0549 2
      vertex 0 24.1065 16.5
      vertex -1.57664 24.0549 16.5
    endloop
  endfacet
  facet normal 0.0327103 -0.999465 0
    outer loop
      vertex 0 24.1065 16.5
      vertex -1.57664 24.0549 2
      vertex 0 24.1065 2
    endloop
  endfacet
  facet normal -0.0327103 -0.999465 0
    outer loop
      vertex 0 24.1065 2
      vertex 1.57664 24.0549 16.5
      vertex 0 24.1065 16.5
    endloop
  endfacet
  facet normal -0.0327103 -0.999465 -0
    outer loop
      vertex 1.57664 24.0549 16.5
      vertex 0 24.1065 2
      vertex 1.57664 24.0549 2
    endloop
  endfacet
  facet normal 0.52806 0.849207 -0
    outer loop
      vertex -12.0533 -20.8769 2
      vertex -13.3929 -20.0439 16.5
      vertex -12.0533 -20.8769 16.5
    endloop
  endfacet
  facet normal 0.52806 0.849207 0
    outer loop
      vertex -13.3929 -20.0439 16.5
      vertex -12.0533 -20.8769 2
      vertex -13.3929 -20.0439 2
    endloop
  endfacet
  facet normal 0.973878 0.22707 0
    outer loop
      vertex -23.2851 -6.23923 16.5
      vertex -23.6433 -4.70295 2
      vertex -23.6433 -4.70295 16.5
    endloop
  endfacet
  facet normal 0.973878 0.22707 0
    outer loop
      vertex -23.6433 -4.70295 2
      vertex -23.2851 -6.23923 16.5
      vertex -23.2851 -6.23923 2
    endloop
  endfacet
  facet normal 0.849207 0.52806 0
    outer loop
      vertex -20.0439 -13.3929 16.5
      vertex -20.8769 -12.0533 2
      vertex -20.8769 -12.0533 16.5
    endloop
  endfacet
  facet normal 0.849207 0.52806 0
    outer loop
      vertex -20.8769 -12.0533 2
      vertex -20.0439 -13.3929 16.5
      vertex -20.0439 -13.3929 2
    endloop
  endfacet
  facet normal -0.63438 0.773022 0
    outer loop
      vertex 15.8945 -18.1243 2
      vertex 14.6751 -19.125 16.5
      vertex 15.8945 -18.1243 16.5
    endloop
  endfacet
  facet normal -0.63438 0.773022 0
    outer loop
      vertex 14.6751 -19.125 16.5
      vertex 15.8945 -18.1243 2
      vertex 14.6751 -19.125 2
    endloop
  endfacet
  facet normal -0.98664 0.162916 0
    outer loop
      vertex 23.6433 -4.70295 2
      vertex 23.9003 -3.14653 12
      vertex 23.9003 -3.14653 2
    endloop
  endfacet
  facet normal -0.98664 0.162916 0
    outer loop
      vertex 23.9003 -3.14653 12
      vertex 23.6433 -4.70295 2
      vertex 23.6433 -4.70295 12
    endloop
  endfacet
  facet normal -0.98664 0.162916 0
    outer loop
      vertex 23.6433 -4.70295 16
      vertex 23.9003 -3.14653 16.5
      vertex 23.9003 -3.14653 16
    endloop
  endfacet
  facet normal -0.98664 0.162916 0
    outer loop
      vertex 23.9003 -3.14653 16.5
      vertex 23.6433 -4.70295 16
      vertex 23.6433 -4.70295 16.5
    endloop
  endfacet
  facet normal 0.729865 -0.683591 0
    outer loop
      vertex -18.1243 15.8945 16.5
      vertex -17.0459 17.0459 2
      vertex -17.0459 17.0459 16.5
    endloop
  endfacet
  facet normal 0.729865 -0.683591 0
    outer loop
      vertex -17.0459 17.0459 2
      vertex -18.1243 15.8945 16.5
      vertex -18.1243 15.8945 2
    endloop
  endfacet
  facet normal 0.9359 0.352267 0
    outer loop
      vertex -22.2715 -9.22517 16.5
      vertex -22.8272 -7.74879 2
      vertex -22.8272 -7.74879 16.5
    endloop
  endfacet
  facet normal 0.9359 0.352267 0
    outer loop
      vertex -22.8272 -7.74879 2
      vertex -22.2715 -9.22517 16.5
      vertex -22.2715 -9.22517 2
    endloop
  endfacet
  facet normal 0.683591 -0.729865 0
    outer loop
      vertex -17.0459 17.0459 2
      vertex -15.8945 18.1243 16.5
      vertex -17.0459 17.0459 16.5
    endloop
  endfacet
  facet normal 0.683591 -0.729865 0
    outer loop
      vertex -15.8945 18.1243 16.5
      vertex -17.0459 17.0459 2
      vertex -15.8945 18.1243 2
    endloop
  endfacet
  facet normal 0.81282 -0.582515 0
    outer loop
      vertex -20.0439 13.3929 16.5
      vertex -19.125 14.6751 2
      vertex -19.125 14.6751 16.5
    endloop
  endfacet
  facet normal 0.81282 -0.582515 0
    outer loop
      vertex -19.125 14.6751 2
      vertex -20.0439 13.3929 16.5
      vertex -20.0439 13.3929 2
    endloop
  endfacet
  facet normal 0.683591 0.729865 -0
    outer loop
      vertex -15.8945 -18.1243 2
      vertex -17.0459 -17.0459 16.5
      vertex -15.8945 -18.1243 16.5
    endloop
  endfacet
  facet normal 0.683591 0.729865 0
    outer loop
      vertex -17.0459 -17.0459 16.5
      vertex -15.8945 -18.1243 2
      vertex -17.0459 -17.0459 2
    endloop
  endfacet
  facet normal 0.910868 0.412697 0
    outer loop
      vertex -21.6205 -10.662 16.5
      vertex -22.2715 -9.22517 2
      vertex -22.2715 -9.22517 16.5
    endloop
  endfacet
  facet normal 0.910868 0.412697 0
    outer loop
      vertex -22.2715 -9.22517 2
      vertex -21.6205 -10.662 16.5
      vertex -21.6205 -10.662 2
    endloop
  endfacet
  facet normal -0.0327103 0.999465 0
    outer loop
      vertex 1.57664 -24.0549 11.5
      vertex 0 -24.1065 16.5
      vertex 1.57664 -24.0549 16.5
    endloop
  endfacet
  facet normal -0.0327103 0.999465 0
    outer loop
      vertex 0 -24.1065 16.5
      vertex 1.57664 -24.0549 11.5
      vertex 0 -24.1065 11.5
    endloop
  endfacet
  facet normal -0.81282 0.582515 0
    outer loop
      vertex 19.125 -14.6751 2
      vertex 20.0439 -13.3929 16.5
      vertex 20.0439 -13.3929 2
    endloop
  endfacet
  facet normal -0.81282 0.582515 0
    outer loop
      vertex 20.0439 -13.3929 16.5
      vertex 19.125 -14.6751 2
      vertex 19.125 -14.6751 16.5
    endloop
  endfacet
  facet normal -0.162916 0.98664 0
    outer loop
      vertex 4.70295 -23.6433 2
      vertex 3.14653 -23.9003 16.5
      vertex 4.70295 -23.6433 16.5
    endloop
  endfacet
  facet normal -0.162916 0.98664 0
    outer loop
      vertex 3.14653 -23.9003 16.5
      vertex 4.70295 -23.6433 2
      vertex 3.14653 -23.9003 2
    endloop
  endfacet
  facet normal 0.729865 0.683591 0
    outer loop
      vertex -17.0459 -17.0459 16.5
      vertex -18.1243 -15.8945 2
      vertex -18.1243 -15.8945 16.5
    endloop
  endfacet
  facet normal 0.729865 0.683591 0
    outer loop
      vertex -18.1243 -15.8945 2
      vertex -17.0459 -17.0459 16.5
      vertex -17.0459 -17.0459 2
    endloop
  endfacet
  facet normal 0.290273 0.956944 -0
    outer loop
      vertex -6.23923 -23.2851 2
      vertex -7.74879 -22.8272 16.5
      vertex -6.23923 -23.2851 16.5
    endloop
  endfacet
  facet normal 0.290273 0.956944 0
    outer loop
      vertex -7.74879 -22.8272 16.5
      vertex -6.23923 -23.2851 2
      vertex -7.74879 -22.8272 2
    endloop
  endfacet
  facet normal 0.773022 -0.63438 0
    outer loop
      vertex -19.125 14.6751 16.5
      vertex -18.1243 15.8945 2
      vertex -18.1243 15.8945 16.5
    endloop
  endfacet
  facet normal 0.773022 -0.63438 0
    outer loop
      vertex -18.1243 15.8945 2
      vertex -19.125 14.6751 16.5
      vertex -19.125 14.6751 2
    endloop
  endfacet
  facet normal 0.956944 -0.290273 0
    outer loop
      vertex -23.2851 6.23923 16.5
      vertex -22.8272 7.74879 2
      vertex -22.8272 7.74879 16.5
    endloop
  endfacet
  facet normal 0.956944 -0.290273 0
    outer loop
      vertex -22.8272 7.74879 2
      vertex -23.2851 6.23923 16.5
      vertex -23.2851 6.23923 2
    endloop
  endfacet
  facet normal 0.9359 -0.352267 0
    outer loop
      vertex -22.8272 7.74879 16.5
      vertex -22.2715 9.22517 2
      vertex -22.2715 9.22517 16.5
    endloop
  endfacet
  facet normal 0.9359 -0.352267 0
    outer loop
      vertex -22.2715 9.22517 2
      vertex -22.8272 7.74879 16.5
      vertex -22.8272 7.74879 2
    endloop
  endfacet
  facet normal 0.956944 0.290273 0
    outer loop
      vertex -22.8272 -7.74879 16.5
      vertex -23.2851 -6.23923 2
      vertex -23.2851 -6.23923 16.5
    endloop
  endfacet
  facet normal 0.956944 0.290273 0
    outer loop
      vertex -23.2851 -6.23923 2
      vertex -22.8272 -7.74879 16.5
      vertex -22.8272 -7.74879 2
    endloop
  endfacet
  facet normal 0.412697 0.910868 -0
    outer loop
      vertex -9.22517 -22.2715 2
      vertex -10.662 -21.6205 16.5
      vertex -9.22517 -22.2715 16.5
    endloop
  endfacet
  facet normal 0.412697 0.910868 0
    outer loop
      vertex -10.662 -21.6205 16.5
      vertex -9.22517 -22.2715 2
      vertex -10.662 -21.6205 2
    endloop
  endfacet
  facet normal 0.471365 -0.881938 0
    outer loop
      vertex -12.0533 20.8769 2
      vertex -10.662 21.6205 16.5
      vertex -12.0533 20.8769 16.5
    endloop
  endfacet
  facet normal 0.471365 -0.881938 0
    outer loop
      vertex -10.662 21.6205 16.5
      vertex -12.0533 20.8769 2
      vertex -10.662 21.6205 2
    endloop
  endfacet
  facet normal 0.162916 0.98664 -0
    outer loop
      vertex -3.14653 -23.9003 2
      vertex -4.70295 -23.6433 16.5
      vertex -3.14653 -23.9003 16.5
    endloop
  endfacet
  facet normal 0.162916 0.98664 0
    outer loop
      vertex -4.70295 -23.6433 16.5
      vertex -3.14653 -23.9003 2
      vertex -4.70295 -23.6433 2
    endloop
  endfacet
  facet normal 0.352267 0.9359 -0
    outer loop
      vertex -7.74879 -22.8272 2
      vertex -9.22517 -22.2715 16.5
      vertex -7.74879 -22.8272 16.5
    endloop
  endfacet
  facet normal 0.352267 0.9359 0
    outer loop
      vertex -9.22517 -22.2715 16.5
      vertex -7.74879 -22.8272 2
      vertex -9.22517 -22.2715 2
    endloop
  endfacet
  facet normal 0.0980249 0.995184 0
    outer loop
      vertex -3 -23.9147 11.5
      vertex -1.57664 -24.0549 16.5
      vertex -1.57664 -24.0549 11.5
    endloop
  endfacet
  facet normal 0.0980042 0.995186 5.97432e-06
    outer loop
      vertex -1.57664 -24.0549 16.5
      vertex -3 -23.9147 11.5
      vertex -3.14653 -23.9003 16.5
    endloop
  endfacet
  facet normal 0.0978023 0.995206 0
    outer loop
      vertex -3.14653 -23.9003 2
      vertex -3 -23.9147 11.5
      vertex -3 -23.9147 2
    endloop
  endfacet
  facet normal 0.0978023 0.995206 0
    outer loop
      vertex -3 -23.9147 11.5
      vertex -3.14653 -23.9003 2
      vertex -3.14653 -23.9003 16.5
    endloop
  endfacet
  facet normal -0.162916 -0.98664 0
    outer loop
      vertex 3.14653 23.9003 2
      vertex 4.70295 23.6433 16.5
      vertex 3.14653 23.9003 16.5
    endloop
  endfacet
  facet normal -0.162916 -0.98664 -0
    outer loop
      vertex 4.70295 23.6433 16.5
      vertex 3.14653 23.9003 2
      vertex 4.70295 23.6433 2
    endloop
  endfacet
  facet normal 0 0 1
    outer loop
      vertex 1.33035 7.11109 2
      vertex 24.1065 0 2
      vertex 24.0549 1.57664 2
    endloop
  endfacet
  facet normal 0 0 1
    outer loop
      vertex 1.38564 7.2 2
      vertex 24.0549 1.57664 2
      vertex 23.9003 3.14653 2
    endloop
  endfacet
  facet normal 0 0 1
    outer loop
      vertex 24.1065 0 2
      vertex 1.33035 7.11109 2
      vertex 24.0549 -1.57664 2
    endloop
  endfacet
  facet normal 0 0 1
    outer loop
      vertex 1.435 7.29234 2
      vertex 23.9003 3.14653 2
      vertex 23.6433 4.70295 2
    endloop
  endfacet
  facet normal -0 0 1
    outer loop
      vertex 1.26937 7.02598 2
      vertex 24.0549 -1.57664 2
      vertex 1.33035 7.11109 2
    endloop
  endfacet
  facet normal 0 0 1
    outer loop
      vertex 1.47821 7.38771 2
      vertex 23.6433 4.70295 2
      vertex 23.2851 6.23923 2
    endloop
  endfacet
  facet normal 0 0 1
    outer loop
      vertex 24.0549 -1.57664 2
      vertex 1.26937 7.02598 2
      vertex 23.9003 -3.14653 2
    endloop
  endfacet
  facet normal -0 0 1
    outer loop
      vertex 1.51509 7.4857 2
      vertex 23.2851 6.23923 2
      vertex 22.8272 7.74879 2
    endloop
  endfacet
  facet normal -0 0 1
    outer loop
      vertex 1.20294 6.94505 2
      vertex 23.9003 -3.14653 2
      vertex 1.26937 7.02598 2
    endloop
  endfacet
  facet normal 0 0 1
    outer loop
      vertex 1.54548 7.58589 2
      vertex 22.8272 7.74879 2
      vertex 22.2715 9.22517 2
    endloop
  endfacet
  facet normal 0 0 1
    outer loop
      vertex 24.0549 1.57664 2
      vertex 1.38564 7.2 2
      vertex 1.33035 7.11109 2
    endloop
  endfacet
  facet normal 0 0 1
    outer loop
      vertex 1.56926 7.68785 2
      vertex 22.2715 9.22517 2
      vertex 21.6205 10.662 2
    endloop
  endfacet
  facet normal 0 0 1
    outer loop
      vertex 23.9003 -3.14653 2
      vertex 1.20294 6.94505 2
      vertex 23.6433 -4.70295 2
    endloop
  endfacet
  facet normal 0 0 1
    outer loop
      vertex 1.58631 7.79116 2
      vertex 21.6205 10.662 2
      vertex 20.8769 12.0533 2
    endloop
  endfacet
  facet normal -0 0 1
    outer loop
      vertex 1.13137 6.86863 2
      vertex 23.6433 -4.70295 2
      vertex 1.20294 6.94505 2
    endloop
  endfacet
  facet normal 0 0 1
    outer loop
      vertex 1.59657 7.89535 2
      vertex 20.8769 12.0533 2
      vertex 20.0439 13.3929 2
    endloop
  endfacet
  facet normal 0 0 1
    outer loop
      vertex 23.6433 -4.70295 2
      vertex 1.13137 6.86863 2
      vertex 23.2851 -6.23923 2
    endloop
  endfacet
  facet normal 0 0 1
    outer loop
      vertex 1.6 8 2
      vertex 20.0439 13.3929 2
      vertex 19.125 14.6751 2
    endloop
  endfacet
  facet normal 0 0 1
    outer loop
      vertex 23.9003 3.14653 2
      vertex 1.435 7.29234 2
      vertex 1.38564 7.2 2
    endloop
  endfacet
  facet normal 0 0 1
    outer loop
      vertex 1.59657 8.10464 2
      vertex 19.125 14.6751 2
      vertex 18.1243 15.8945 2
    endloop
  endfacet
  facet normal -0 0 1
    outer loop
      vertex 1.05495 6.79706 2
      vertex 23.2851 -6.23923 2
      vertex 1.13137 6.86863 2
    endloop
  endfacet
  facet normal 0 0 1
    outer loop
      vertex 1.56926 8.31214 2
      vertex 18.1243 15.8945 2
      vertex 17.0459 17.0459 2
    endloop
  endfacet
  facet normal 0 0 1
    outer loop
      vertex 23.2851 -6.23923 2
      vertex 1.05495 6.79706 2
      vertex 22.8272 -7.74879 2
    endloop
  endfacet
  facet normal 0 0 1
    outer loop
      vertex 1.54548 8.41411 2
      vertex 17.0459 17.0459 2
      vertex 15.8945 18.1243 2
    endloop
  endfacet
  facet normal 0 0 1
    outer loop
      vertex 23.6433 4.70295 2
      vertex 1.47821 7.38771 2
      vertex 1.435 7.29234 2
    endloop
  endfacet
  facet normal 0 0 1
    outer loop
      vertex 1.47821 8.61229 2
      vertex 15.8945 18.1243 2
      vertex 14.6751 19.125 2
    endloop
  endfacet
  facet normal 0 0 1
    outer loop
      vertex 22.8272 -7.74879 2
      vertex 1.05495 6.79706 2
      vertex 22.2715 -9.22517 2
    endloop
  endfacet
  facet normal 0 0 1
    outer loop
      vertex 1.435 8.70766 2
      vertex 14.6751 19.125 2
      vertex 13.3929 20.0439 2
    endloop
  endfacet
  facet normal 0 0 1
    outer loop
      vertex 23.2851 6.23923 2
      vertex 1.51509 7.4857 2
      vertex 1.47821 7.38771 2
    endloop
  endfacet
  facet normal 0 0 1
    outer loop
      vertex 1.33035 8.88891 2
      vertex 13.3929 20.0439 2
      vertex 12.0533 20.8769 2
    endloop
  endfacet
  facet normal -0 0 1
    outer loop
      vertex 0.974018 6.73063 2
      vertex 22.2715 -9.22517 2
      vertex 1.05495 6.79706 2
    endloop
  endfacet
  facet normal 0 0 1
    outer loop
      vertex 1.26937 8.97402 2
      vertex 12.0533 20.8769 2
      vertex 10.662 21.6205 2
    endloop
  endfacet
  facet normal 0 0 1
    outer loop
      vertex 22.8272 7.74879 2
      vertex 1.54548 7.58589 2
      vertex 1.51509 7.4857 2
    endloop
  endfacet
  facet normal 0 0 1
    outer loop
      vertex 1.13137 9.13137 2
      vertex 10.662 21.6205 2
      vertex 9.22517 22.2715 2
    endloop
  endfacet
  facet normal 0 0 1
    outer loop
      vertex 22.2715 9.22517 2
      vertex 1.56926 7.68785 2
      vertex 1.54548 7.58589 2
    endloop
  endfacet
  facet normal 0 0 1
    outer loop
      vertex 0.974018 9.26937 2
      vertex 9.22517 22.2715 2
      vertex 7.74879 22.8272 2
    endloop
  endfacet
  facet normal 0 0 1
    outer loop
      vertex 22.2715 -9.22517 2
      vertex 0.974018 6.73063 2
      vertex 21.6205 -10.662 2
    endloop
  endfacet
  facet normal 0 0 1
    outer loop
      vertex 0.888912 9.33035 2
      vertex 7.74879 22.8272 2
      vertex 6.23923 23.2851 2
    endloop
  endfacet
  facet normal 0 0 1
    outer loop
      vertex 21.6205 10.662 2
      vertex 1.58631 7.79116 2
      vertex 1.56926 7.68785 2
    endloop
  endfacet
  facet normal 0 0 1
    outer loop
      vertex 0.707662 9.435 2
      vertex 6.23923 23.2851 2
      vertex 4.70295 23.6433 2
    endloop
  endfacet
  facet normal 0 0 1
    outer loop
      vertex 20.8769 12.0533 2
      vertex 1.59657 7.89535 2
      vertex 1.58631 7.79116 2
    endloop
  endfacet
  facet normal 0 0 1
    outer loop
      vertex 0.514302 9.51509 2
      vertex 4.70295 23.6433 2
      vertex 3.14653 23.9003 2
    endloop
  endfacet
  facet normal -0 0 1
    outer loop
      vertex 0.888912 6.66965 2
      vertex 21.6205 -10.662 2
      vertex 0.974018 6.73063 2
    endloop
  endfacet
  facet normal 0 0 1
    outer loop
      vertex 21.6205 -10.662 2
      vertex 0.888912 6.66965 2
      vertex 20.8769 -12.0533 2
    endloop
  endfacet
  facet normal 0 0 1
    outer loop
      vertex 3 -23.9147 2
      vertex 1.70745 -26.0506 2
      vertex 3 -25.9233 2
    endloop
  endfacet
  facet normal 0 0 1
    outer loop
      vertex 20.8769 -12.0533 2
      vertex 0.888912 6.66965 2
      vertex 20.0439 -13.3929 2
    endloop
  endfacet
  facet normal 0 0 1
    outer loop
      vertex 20.0439 13.3929 2
      vertex 1.6 8 2
      vertex 1.59657 7.89535 2
    endloop
  endfacet
  facet normal 0 0 1
    outer loop
      vertex 19.125 14.6751 2
      vertex 1.59657 8.10464 2
      vertex 1.6 8 2
    endloop
  endfacet
  facet normal 0 0 1
    outer loop
      vertex 18.1243 15.8945 2
      vertex 1.58631 8.20884 2
      vertex 1.59657 8.10464 2
    endloop
  endfacet
  facet normal 0 0 1
    outer loop
      vertex 0.312144 9.56926 2
      vertex 3.14653 23.9003 2
      vertex 1.57664 24.0549 2
    endloop
  endfacet
  facet normal 0 0 1
    outer loop
      vertex 18.1243 15.8945 2
      vertex 1.56926 8.31214 2
      vertex 1.58631 8.20884 2
    endloop
  endfacet
  facet normal 0 0 1
    outer loop
      vertex 17.0459 17.0459 2
      vertex 1.54548 8.41411 2
      vertex 1.56926 8.31214 2
    endloop
  endfacet
  facet normal 0 0 1
    outer loop
      vertex 15.8945 18.1243 2
      vertex 1.51509 8.5143 2
      vertex 1.54548 8.41411 2
    endloop
  endfacet
  facet normal 0 0 1
    outer loop
      vertex 15.8945 18.1243 2
      vertex 1.47821 8.61229 2
      vertex 1.51509 8.5143 2
    endloop
  endfacet
  facet normal 0 0 1
    outer loop
      vertex 14.6751 19.125 2
      vertex 1.435 8.70766 2
      vertex 1.47821 8.61229 2
    endloop
  endfacet
  facet normal 0 0 1
    outer loop
      vertex 13.3929 20.0439 2
      vertex 1.38564 8.8 2
      vertex 1.435 8.70766 2
    endloop
  endfacet
  facet normal 0 0 1
    outer loop
      vertex 13.3929 20.0439 2
      vertex 1.33035 8.88891 2
      vertex 1.38564 8.8 2
    endloop
  endfacet
  facet normal 0 0 1
    outer loop
      vertex 12.0533 20.8769 2
      vertex 1.26937 8.97402 2
      vertex 1.33035 8.88891 2
    endloop
  endfacet
  facet normal 0 0 1
    outer loop
      vertex 10.662 21.6205 2
      vertex 1.20294 9.05495 2
      vertex 1.26937 8.97402 2
    endloop
  endfacet
  facet normal 0 0 1
    outer loop
      vertex 10.662 21.6205 2
      vertex 1.13137 9.13137 2
      vertex 1.20294 9.05495 2
    endloop
  endfacet
  facet normal 0 0 1
    outer loop
      vertex 9.22517 22.2715 2
      vertex 1.05495 9.20294 2
      vertex 1.13137 9.13137 2
    endloop
  endfacet
  facet normal 0 0 1
    outer loop
      vertex 9.22517 22.2715 2
      vertex 0.974018 9.26937 2
      vertex 1.05495 9.20294 2
    endloop
  endfacet
  facet normal 0 0 1
    outer loop
      vertex 7.74879 22.8272 2
      vertex 0.888912 9.33035 2
      vertex 0.974018 9.26937 2
    endloop
  endfacet
  facet normal 0 0 1
    outer loop
      vertex 6.23923 23.2851 2
      vertex 0.799999 9.38564 2
      vertex 0.888912 9.33035 2
    endloop
  endfacet
  facet normal 0 0 1
    outer loop
      vertex 6.23923 23.2851 2
      vertex 0.707662 9.435 2
      vertex 0.799999 9.38564 2
    endloop
  endfacet
  facet normal 0 0 1
    outer loop
      vertex 4.70295 23.6433 2
      vertex 0.612293 9.47821 2
      vertex 0.707662 9.435 2
    endloop
  endfacet
  facet normal 0 0 1
    outer loop
      vertex 4.70295 23.6433 2
      vertex 0.514302 9.51509 2
      vertex 0.612293 9.47821 2
    endloop
  endfacet
  facet normal 0 0 1
    outer loop
      vertex 3.14653 23.9003 2
      vertex 0.41411 9.54548 2
      vertex 0.514302 9.51509 2
    endloop
  endfacet
  facet normal 0 0 1
    outer loop
      vertex 3.14653 23.9003 2
      vertex 0.312144 9.56926 2
      vertex 0.41411 9.54548 2
    endloop
  endfacet
  facet normal 0 0 1
    outer loop
      vertex 1.57664 24.0549 2
      vertex 0.208841 9.58631 2
      vertex 0.312144 9.56926 2
    endloop
  endfacet
  facet normal 0 0 1
    outer loop
      vertex 1.57664 24.0549 2
      vertex 0.104645 9.59657 2
      vertex 0.208841 9.58631 2
    endloop
  endfacet
  facet normal 0 0 1
    outer loop
      vertex 0 24.1065 2
      vertex 0.104645 9.59657 2
      vertex 1.57664 24.0549 2
    endloop
  endfacet
  facet normal 0 0 1
    outer loop
      vertex 0 24.1065 2
      vertex 0 9.6 2
      vertex 0.104645 9.59657 2
    endloop
  endfacet
  facet normal 0 0 1
    outer loop
      vertex 0 24.1065 2
      vertex -0.104645 9.59657 2
      vertex 0 9.6 2
    endloop
  endfacet
  facet normal -0 0 1
    outer loop
      vertex -1.57664 24.0549 2
      vertex -0.104645 9.59657 2
      vertex 0 24.1065 2
    endloop
  endfacet
  facet normal 0 0 1
    outer loop
      vertex -0.104645 9.59657 2
      vertex -1.57664 24.0549 2
      vertex -0.208841 9.58631 2
    endloop
  endfacet
  facet normal 0 0 1
    outer loop
      vertex -0.208841 9.58631 2
      vertex -1.57664 24.0549 2
      vertex -0.312144 9.56926 2
    endloop
  endfacet
  facet normal -0 0 1
    outer loop
      vertex -3.14653 23.9003 2
      vertex -0.312144 9.56926 2
      vertex -1.57664 24.0549 2
    endloop
  endfacet
  facet normal 0 0 1
    outer loop
      vertex -0.312144 9.56926 2
      vertex -3.14653 23.9003 2
      vertex -0.41411 9.54548 2
    endloop
  endfacet
  facet normal 0 0 1
    outer loop
      vertex -0.41411 9.54548 2
      vertex -3.14653 23.9003 2
      vertex -0.514302 9.51509 2
    endloop
  endfacet
  facet normal -0 0 1
    outer loop
      vertex -4.70295 23.6433 2
      vertex -0.514302 9.51509 2
      vertex -3.14653 23.9003 2
    endloop
  endfacet
  facet normal 0 0 1
    outer loop
      vertex -0.514302 9.51509 2
      vertex -4.70295 23.6433 2
      vertex -0.612293 9.47821 2
    endloop
  endfacet
  facet normal 0 0 1
    outer loop
      vertex -0.612293 9.47821 2
      vertex -4.70295 23.6433 2
      vertex -0.707662 9.435 2
    endloop
  endfacet
  facet normal -0 0 1
    outer loop
      vertex -6.23923 23.2851 2
      vertex -0.707662 9.435 2
      vertex -4.70295 23.6433 2
    endloop
  endfacet
  facet normal 0 0 1
    outer loop
      vertex -0.707662 9.435 2
      vertex -6.23923 23.2851 2
      vertex -0.799999 9.38564 2
    endloop
  endfacet
  facet normal 0 0 1
    outer loop
      vertex -0.799999 9.38564 2
      vertex -6.23923 23.2851 2
      vertex -0.888912 9.33035 2
    endloop
  endfacet
  facet normal -0 0 1
    outer loop
      vertex -7.74879 22.8272 2
      vertex -0.888912 9.33035 2
      vertex -6.23923 23.2851 2
    endloop
  endfacet
  facet normal 0 0 1
    outer loop
      vertex -0.888912 9.33035 2
      vertex -7.74879 22.8272 2
      vertex -0.974018 9.26937 2
    endloop
  endfacet
  facet normal -0 0 1
    outer loop
      vertex -9.22517 22.2715 2
      vertex -0.974018 9.26937 2
      vertex -7.74879 22.8272 2
    endloop
  endfacet
  facet normal 0 0 1
    outer loop
      vertex -0.974018 9.26937 2
      vertex -9.22517 22.2715 2
      vertex -1.05495 9.20294 2
    endloop
  endfacet
  facet normal 0 0 1
    outer loop
      vertex -1.05495 9.20294 2
      vertex -9.22517 22.2715 2
      vertex -1.13137 9.13137 2
    endloop
  endfacet
  facet normal -0 0 1
    outer loop
      vertex -10.662 21.6205 2
      vertex -1.13137 9.13137 2
      vertex -9.22517 22.2715 2
    endloop
  endfacet
  facet normal 0 0 1
    outer loop
      vertex -1.13137 9.13137 2
      vertex -10.662 21.6205 2
      vertex -1.20294 9.05495 2
    endloop
  endfacet
  facet normal 0 0 1
    outer loop
      vertex -1.20294 9.05495 2
      vertex -10.662 21.6205 2
      vertex -1.26937 8.97402 2
    endloop
  endfacet
  facet normal -0 0 1
    outer loop
      vertex -12.0533 20.8769 2
      vertex -1.26937 8.97402 2
      vertex -10.662 21.6205 2
    endloop
  endfacet
  facet normal 0 0 1
    outer loop
      vertex -1.26937 8.97402 2
      vertex -12.0533 20.8769 2
      vertex -1.33035 8.88891 2
    endloop
  endfacet
  facet normal -0 0 1
    outer loop
      vertex -13.3929 20.0439 2
      vertex -1.33035 8.88891 2
      vertex -12.0533 20.8769 2
    endloop
  endfacet
  facet normal 0 0 1
    outer loop
      vertex -1.33035 8.88891 2
      vertex -13.3929 20.0439 2
      vertex -1.38564 8.8 2
    endloop
  endfacet
  facet normal 0 0 1
    outer loop
      vertex -1.38564 8.8 2
      vertex -13.3929 20.0439 2
      vertex -1.435 8.70766 2
    endloop
  endfacet
  facet normal 0 0 1
    outer loop
      vertex -1.6 8 2
      vertex -3 -23.9147 2
      vertex -1.70745 -26.0506 2
    endloop
  endfacet
  facet normal -0 0 1
    outer loop
      vertex -14.6751 19.125 2
      vertex -1.435 8.70766 2
      vertex -13.3929 20.0439 2
    endloop
  endfacet
  facet normal 0 0 1
    outer loop
      vertex -1.435 8.70766 2
      vertex -14.6751 19.125 2
      vertex -1.47821 8.61229 2
    endloop
  endfacet
  facet normal 0 0 1
    outer loop
      vertex -1.6 8 2
      vertex -4.70295 -23.6433 2
      vertex -3 -23.9147 2
    endloop
  endfacet
  facet normal 0 0 1
    outer loop
      vertex -3 -23.9147 2
      vertex -4.70295 -23.6433 2
      vertex -3.14653 -23.9003 2
    endloop
  endfacet
  facet normal -0 0 1
    outer loop
      vertex -15.8945 18.1243 2
      vertex -1.47821 8.61229 2
      vertex -14.6751 19.125 2
    endloop
  endfacet
  facet normal 0 0 1
    outer loop
      vertex -1.6 8 2
      vertex -6.23923 -23.2851 2
      vertex -4.70295 -23.6433 2
    endloop
  endfacet
  facet normal 0 0 1
    outer loop
      vertex -1.47821 8.61229 2
      vertex -15.8945 18.1243 2
      vertex -1.51509 8.5143 2
    endloop
  endfacet
  facet normal 0 0 1
    outer loop
      vertex -1.6 8 2
      vertex -7.74879 -22.8272 2
      vertex -6.23923 -23.2851 2
    endloop
  endfacet
  facet normal 0 0 1
    outer loop
      vertex -1.51509 8.5143 2
      vertex -15.8945 18.1243 2
      vertex -1.54548 8.41411 2
    endloop
  endfacet
  facet normal 0 0 1
    outer loop
      vertex -1.6 8 2
      vertex -9.22517 -22.2715 2
      vertex -7.74879 -22.8272 2
    endloop
  endfacet
  facet normal -0 0 1
    outer loop
      vertex -17.0459 17.0459 2
      vertex -1.54548 8.41411 2
      vertex -15.8945 18.1243 2
    endloop
  endfacet
  facet normal 0 0 1
    outer loop
      vertex -1.6 8 2
      vertex -10.662 -21.6205 2
      vertex -9.22517 -22.2715 2
    endloop
  endfacet
  facet normal 0 0 1
    outer loop
      vertex -1.54548 8.41411 2
      vertex -17.0459 17.0459 2
      vertex -1.56926 8.31214 2
    endloop
  endfacet
  facet normal 0 0 1
    outer loop
      vertex -1.6 8 2
      vertex -12.0533 -20.8769 2
      vertex -10.662 -21.6205 2
    endloop
  endfacet
  facet normal -0 0 1
    outer loop
      vertex -18.1243 15.8945 2
      vertex -1.56926 8.31214 2
      vertex -17.0459 17.0459 2
    endloop
  endfacet
  facet normal 0 0 1
    outer loop
      vertex -1.6 8 2
      vertex -13.3929 -20.0439 2
      vertex -12.0533 -20.8769 2
    endloop
  endfacet
  facet normal 0 0 1
    outer loop
      vertex -1.56926 8.31214 2
      vertex -18.1243 15.8945 2
      vertex -1.58631 8.20884 2
    endloop
  endfacet
  facet normal 0 0 1
    outer loop
      vertex -1.6 8 2
      vertex -14.6751 -19.125 2
      vertex -13.3929 -20.0439 2
    endloop
  endfacet
  facet normal 0 0 1
    outer loop
      vertex -1.58631 8.20884 2
      vertex -18.1243 15.8945 2
      vertex -1.59657 8.10464 2
    endloop
  endfacet
  facet normal 0 0 1
    outer loop
      vertex -1.6 8 2
      vertex -15.8945 -18.1243 2
      vertex -14.6751 -19.125 2
    endloop
  endfacet
  facet normal -0 0 1
    outer loop
      vertex -19.125 14.6751 2
      vertex -1.59657 8.10464 2
      vertex -18.1243 15.8945 2
    endloop
  endfacet
  facet normal 0 0 1
    outer loop
      vertex -1.6 8 2
      vertex -17.0459 -17.0459 2
      vertex -15.8945 -18.1243 2
    endloop
  endfacet
  facet normal 0 0 1
    outer loop
      vertex -1.59657 8.10464 2
      vertex -19.125 14.6751 2
      vertex -1.6 8 2
    endloop
  endfacet
  facet normal 0 0 1
    outer loop
      vertex -1.6 8 2
      vertex -18.1243 -15.8945 2
      vertex -17.0459 -17.0459 2
    endloop
  endfacet
  facet normal -0 0 1
    outer loop
      vertex -20.0439 13.3929 2
      vertex -1.6 8 2
      vertex -19.125 14.6751 2
    endloop
  endfacet
  facet normal 0 0 1
    outer loop
      vertex -1.6 8 2
      vertex -19.125 -14.6751 2
      vertex -18.1243 -15.8945 2
    endloop
  endfacet
  facet normal -0 0 1
    outer loop
      vertex -20.8769 12.0533 2
      vertex -1.6 8 2
      vertex -20.0439 13.3929 2
    endloop
  endfacet
  facet normal 0 0 1
    outer loop
      vertex -1.6 8 2
      vertex -20.0439 -13.3929 2
      vertex -19.125 -14.6751 2
    endloop
  endfacet
  facet normal -0 0 1
    outer loop
      vertex -21.6205 10.662 2
      vertex -1.6 8 2
      vertex -20.8769 12.0533 2
    endloop
  endfacet
  facet normal 0 0 1
    outer loop
      vertex -1.6 8 2
      vertex -20.8769 -12.0533 2
      vertex -20.0439 -13.3929 2
    endloop
  endfacet
  facet normal -0 0 1
    outer loop
      vertex -22.2715 9.22517 2
      vertex -1.6 8 2
      vertex -21.6205 10.662 2
    endloop
  endfacet
  facet normal 0 0 1
    outer loop
      vertex -1.6 8 2
      vertex -21.6205 -10.662 2
      vertex -20.8769 -12.0533 2
    endloop
  endfacet
  facet normal 0 0 1
    outer loop
      vertex -22.8272 7.74879 2
      vertex -1.6 8 2
      vertex -22.2715 9.22517 2
    endloop
  endfacet
  facet normal 0 0 1
    outer loop
      vertex -1.6 8 2
      vertex -22.2715 -9.22517 2
      vertex -21.6205 -10.662 2
    endloop
  endfacet
  facet normal 0 0 1
    outer loop
      vertex -23.2851 6.23923 2
      vertex -1.6 8 2
      vertex -22.8272 7.74879 2
    endloop
  endfacet
  facet normal 0 0 1
    outer loop
      vertex -1.6 8 2
      vertex -22.8272 -7.74879 2
      vertex -22.2715 -9.22517 2
    endloop
  endfacet
  facet normal 0 0 1
    outer loop
      vertex -23.6433 4.70295 2
      vertex -1.6 8 2
      vertex -23.2851 6.23923 2
    endloop
  endfacet
  facet normal 0 0 1
    outer loop
      vertex -1.6 8 2
      vertex -23.2851 -6.23923 2
      vertex -22.8272 -7.74879 2
    endloop
  endfacet
  facet normal 0 0 1
    outer loop
      vertex -23.9003 3.14653 2
      vertex -1.6 8 2
      vertex -23.6433 4.70295 2
    endloop
  endfacet
  facet normal 0 0 1
    outer loop
      vertex -1.6 8 2
      vertex -23.6433 -4.70295 2
      vertex -23.2851 -6.23923 2
    endloop
  endfacet
  facet normal 0 0 1
    outer loop
      vertex -24.0549 1.57664 2
      vertex -1.6 8 2
      vertex -23.9003 3.14653 2
    endloop
  endfacet
  facet normal 0 0 1
    outer loop
      vertex -1.6 8 2
      vertex -23.9003 -3.14653 2
      vertex -23.6433 -4.70295 2
    endloop
  endfacet
  facet normal 0 0 1
    outer loop
      vertex -24.1065 0 2
      vertex -1.6 8 2
      vertex -24.0549 1.57664 2
    endloop
  endfacet
  facet normal 0 0 1
    outer loop
      vertex -1.6 8 2
      vertex -24.0549 -1.57664 2
      vertex -23.9003 -3.14653 2
    endloop
  endfacet
  facet normal 0 0 1
    outer loop
      vertex -1.6 8 2
      vertex -24.1065 0 2
      vertex -24.0549 -1.57664 2
    endloop
  endfacet
  facet normal -0 0 1
    outer loop
      vertex 0.799999 6.61436 2
      vertex 20.0439 -13.3929 2
      vertex 0.888912 6.66965 2
    endloop
  endfacet
  facet normal 0 0 1
    outer loop
      vertex 20.0439 -13.3929 2
      vertex 0.799999 6.61436 2
      vertex 19.125 -14.6751 2
    endloop
  endfacet
  facet normal 0 0 1
    outer loop
      vertex 19.125 -14.6751 2
      vertex 0.799999 6.61436 2
      vertex 18.1243 -15.8945 2
    endloop
  endfacet
  facet normal -0 0 1
    outer loop
      vertex 0.707662 6.565 2
      vertex 18.1243 -15.8945 2
      vertex 0.799999 6.61436 2
    endloop
  endfacet
  facet normal 0 0 1
    outer loop
      vertex 18.1243 -15.8945 2
      vertex 0.707662 6.565 2
      vertex 17.0459 -17.0459 2
    endloop
  endfacet
  facet normal -0 0 1
    outer loop
      vertex 0.612293 6.52179 2
      vertex 17.0459 -17.0459 2
      vertex 0.707662 6.565 2
    endloop
  endfacet
  facet normal 0 0 1
    outer loop
      vertex 17.0459 -17.0459 2
      vertex 0.612293 6.52179 2
      vertex 15.8945 -18.1243 2
    endloop
  endfacet
  facet normal 0 0 1
    outer loop
      vertex 15.8945 -18.1243 2
      vertex 0.612293 6.52179 2
      vertex 14.6751 -19.125 2
    endloop
  endfacet
  facet normal -0 0 1
    outer loop
      vertex 0.514302 6.48491 2
      vertex 14.6751 -19.125 2
      vertex 0.612293 6.52179 2
    endloop
  endfacet
  facet normal 0 0 1
    outer loop
      vertex 14.6751 -19.125 2
      vertex 0.514302 6.48491 2
      vertex 13.3929 -20.0439 2
    endloop
  endfacet
  facet normal 0 0 1
    outer loop
      vertex 13.3929 -20.0439 2
      vertex 0.514302 6.48491 2
      vertex 12.0533 -20.8769 2
    endloop
  endfacet
  facet normal -0 0 1
    outer loop
      vertex 0.41411 6.45452 2
      vertex 12.0533 -20.8769 2
      vertex 0.514302 6.48491 2
    endloop
  endfacet
  facet normal 0 0 1
    outer loop
      vertex 12.0533 -20.8769 2
      vertex 0.41411 6.45452 2
      vertex 10.662 -21.6205 2
    endloop
  endfacet
  facet normal 0 0 1
    outer loop
      vertex 10.662 -21.6205 2
      vertex 0.41411 6.45452 2
      vertex 9.22517 -22.2715 2
    endloop
  endfacet
  facet normal -0 0 1
    outer loop
      vertex 0.312144 6.43074 2
      vertex 9.22517 -22.2715 2
      vertex 0.41411 6.45452 2
    endloop
  endfacet
  facet normal 0 0 1
    outer loop
      vertex 9.22517 -22.2715 2
      vertex 0.312144 6.43074 2
      vertex 7.74879 -22.8272 2
    endloop
  endfacet
  facet normal 0 0 1
    outer loop
      vertex 7.74879 -22.8272 2
      vertex 0.312144 6.43074 2
      vertex 6.23923 -23.2851 2
    endloop
  endfacet
  facet normal -0 0 1
    outer loop
      vertex 0.208841 6.41369 2
      vertex 6.23923 -23.2851 2
      vertex 0.312144 6.43074 2
    endloop
  endfacet
  facet normal 0 0 1
    outer loop
      vertex 6.23923 -23.2851 2
      vertex 0.208841 6.41369 2
      vertex 4.70295 -23.6433 2
    endloop
  endfacet
  facet normal 0 0 1
    outer loop
      vertex 4.70295 -23.6433 2
      vertex 0.208841 6.41369 2
      vertex 3.14653 -23.9003 2
    endloop
  endfacet
  facet normal 0 0 1
    outer loop
      vertex 3.14653 -23.9003 2
      vertex 0.208841 6.41369 2
      vertex 3 -23.9147 2
    endloop
  endfacet
  facet normal -0 0 1
    outer loop
      vertex 0.104645 6.40343 2
      vertex 3 -23.9147 2
      vertex 0.208841 6.41369 2
    endloop
  endfacet
  facet normal -0 0 1
    outer loop
      vertex 0 6.4 2
      vertex 3 -23.9147 2
      vertex 0.104645 6.40343 2
    endloop
  endfacet
  facet normal 0 0 1
    outer loop
      vertex -0.104645 6.40343 2
      vertex 3 -23.9147 2
      vertex 0 6.4 2
    endloop
  endfacet
  facet normal 0 0 1
    outer loop
      vertex 3 -23.9147 2
      vertex 0 -26.1065 2
      vertex 1.70745 -26.0506 2
    endloop
  endfacet
  facet normal 0 0 1
    outer loop
      vertex -0.208841 6.41369 2
      vertex 3 -23.9147 2
      vertex -0.104645 6.40343 2
    endloop
  endfacet
  facet normal 0 0 1
    outer loop
      vertex -0.312144 6.43074 2
      vertex 3 -23.9147 2
      vertex -0.208841 6.41369 2
    endloop
  endfacet
  facet normal 0 0 1
    outer loop
      vertex -0.41411 6.45452 2
      vertex 3 -23.9147 2
      vertex -0.312144 6.43074 2
    endloop
  endfacet
  facet normal 0 0 1
    outer loop
      vertex -0.514302 6.48491 2
      vertex 3 -23.9147 2
      vertex -0.41411 6.45452 2
    endloop
  endfacet
  facet normal 0 0 1
    outer loop
      vertex 3 -23.9147 2
      vertex -0.514302 6.48491 2
      vertex -1.70745 -26.0506 2
    endloop
  endfacet
  facet normal 0 0 1
    outer loop
      vertex -1.70745 -26.0506 2
      vertex -0.514302 6.48491 2
      vertex -0.612293 6.52179 2
    endloop
  endfacet
  facet normal 0 0 1
    outer loop
      vertex -1.70745 -26.0506 2
      vertex -0.612293 6.52179 2
      vertex -0.707662 6.565 2
    endloop
  endfacet
  facet normal 0 0 1
    outer loop
      vertex -1.70745 -26.0506 2
      vertex -0.707662 6.565 2
      vertex -0.799999 6.61436 2
    endloop
  endfacet
  facet normal 0 0 1
    outer loop
      vertex -1.70745 -26.0506 2
      vertex -0.799999 6.61436 2
      vertex -0.888912 6.66965 2
    endloop
  endfacet
  facet normal 0 0 1
    outer loop
      vertex -1.70745 -26.0506 2
      vertex -0.888912 6.66965 2
      vertex -0.974018 6.73063 2
    endloop
  endfacet
  facet normal 0 0 1
    outer loop
      vertex -1.70745 -26.0506 2
      vertex -0.974018 6.73063 2
      vertex -1.05495 6.79706 2
    endloop
  endfacet
  facet normal 0 0 1
    outer loop
      vertex -1.70745 -26.0506 2
      vertex -1.05495 6.79706 2
      vertex -1.13137 6.86863 2
    endloop
  endfacet
  facet normal 0 0 1
    outer loop
      vertex -1.70745 -26.0506 2
      vertex -1.13137 6.86863 2
      vertex -1.20294 6.94505 2
    endloop
  endfacet
  facet normal 0 0 1
    outer loop
      vertex -1.70745 -26.0506 2
      vertex -1.20294 6.94505 2
      vertex -1.26937 7.02598 2
    endloop
  endfacet
  facet normal 0 0 1
    outer loop
      vertex -1.70745 -26.0506 2
      vertex -1.26937 7.02598 2
      vertex -1.33035 7.11109 2
    endloop
  endfacet
  facet normal 0 0 1
    outer loop
      vertex -1.70745 -26.0506 2
      vertex -1.33035 7.11109 2
      vertex -1.38564 7.2 2
    endloop
  endfacet
  facet normal 0 0 1
    outer loop
      vertex -1.70745 -26.0506 2
      vertex -1.38564 7.2 2
      vertex -1.435 7.29234 2
    endloop
  endfacet
  facet normal 0 0 1
    outer loop
      vertex -1.70745 -26.0506 2
      vertex -1.435 7.29234 2
      vertex -1.47821 7.38771 2
    endloop
  endfacet
  facet normal 0 0 1
    outer loop
      vertex -1.70745 -26.0506 2
      vertex -1.47821 7.38771 2
      vertex -1.51509 7.4857 2
    endloop
  endfacet
  facet normal 0 0 1
    outer loop
      vertex -1.70745 -26.0506 2
      vertex -1.51509 7.4857 2
      vertex -1.54548 7.58589 2
    endloop
  endfacet
  facet normal 0 0 1
    outer loop
      vertex -1.70745 -26.0506 2
      vertex -1.54548 7.58589 2
      vertex -1.56926 7.68785 2
    endloop
  endfacet
  facet normal 0 0 1
    outer loop
      vertex -1.70745 -26.0506 2
      vertex -1.56926 7.68785 2
      vertex -1.58631 7.79116 2
    endloop
  endfacet
  facet normal 0 0 1
    outer loop
      vertex -1.70745 -26.0506 2
      vertex -1.58631 7.79116 2
      vertex -1.59657 7.89535 2
    endloop
  endfacet
  facet normal 0 0 1
    outer loop
      vertex 3 -23.9147 2
      vertex -1.70745 -26.0506 2
      vertex 0 -26.1065 2
    endloop
  endfacet
  facet normal 0 0 1
    outer loop
      vertex -1.70745 -26.0506 2
      vertex -1.59657 7.89535 2
      vertex -1.6 8 2
    endloop
  endfacet
  facet normal 0 0 1
    outer loop
      vertex -1.70745 -26.0506 2
      vertex -3 -23.9147 2
      vertex -3 -25.9233 2
    endloop
  endfacet
  facet normal -0.22707 -0.973878 0
    outer loop
      vertex 4.70295 23.6433 2
      vertex 6.23923 23.2851 16.5
      vertex 4.70295 23.6433 16.5
    endloop
  endfacet
  facet normal -0.22707 -0.973878 -0
    outer loop
      vertex 6.23923 23.2851 16.5
      vertex 4.70295 23.6433 2
      vertex 6.23923 23.2851 2
    endloop
  endfacet
  facet normal 0.471365 0.881938 -0
    outer loop
      vertex -10.662 -21.6205 2
      vertex -12.0533 -20.8769 16.5
      vertex -10.662 -21.6205 16.5
    endloop
  endfacet
  facet normal 0.471365 0.881938 0
    outer loop
      vertex -12.0533 -20.8769 16.5
      vertex -10.662 -21.6205 2
      vertex -12.0533 -20.8769 2
    endloop
  endfacet
  facet normal 0.582515 0.81282 -0
    outer loop
      vertex -13.3929 -20.0439 2
      vertex -14.6751 -19.125 16.5
      vertex -13.3929 -20.0439 16.5
    endloop
  endfacet
  facet normal 0.582515 0.81282 0
    outer loop
      vertex -14.6751 -19.125 16.5
      vertex -13.3929 -20.0439 2
      vertex -14.6751 -19.125 2
    endloop
  endfacet
  facet normal 0 1 -0
    outer loop
      vertex 25.6203 -5 12
      vertex 23.5741 -5 16
      vertex 25.6203 -5 16
    endloop
  endfacet
  facet normal 0 1 0
    outer loop
      vertex 23.5741 -5 16
      vertex 25.6203 -5 12
      vertex 23.5741 -5 12
    endloop
  endfacet
  facet normal 0 0 -1
    outer loop
      vertex 24.1065 0 16
      vertex 26.1065 0 16
      vertex 26.0506 -1.70745 16
    endloop
  endfacet
  facet normal 0 0 -1
    outer loop
      vertex 24.0549 -1.57664 16
      vertex 26.0506 -1.70745 16
      vertex 25.8832 -3.40759 16
    endloop
  endfacet
  facet normal 0 0 -1
    outer loop
      vertex 26.1065 0 16
      vertex 24.1065 0 16
      vertex 26.0506 1.70745 16
    endloop
  endfacet
  facet normal 0 0 -1
    outer loop
      vertex 23.9003 -3.14653 16
      vertex 25.8832 -3.40759 16
      vertex 25.6203 -5 16
    endloop
  endfacet
  facet normal 0 0 -1
    outer loop
      vertex 24.0549 1.57664 16
      vertex 26.0506 1.70745 16
      vertex 24.1065 0 16
    endloop
  endfacet
  facet normal -0 0 -1
    outer loop
      vertex 26.0506 1.70745 16
      vertex 24.0549 1.57664 16
      vertex 25.8832 3.40759 16
    endloop
  endfacet
  facet normal 0 0 -1
    outer loop
      vertex 26.0506 -1.70745 16
      vertex 24.0549 -1.57664 16
      vertex 24.1065 0 16
    endloop
  endfacet
  facet normal 0 0 -1
    outer loop
      vertex 25.8832 -3.40759 16
      vertex 23.9003 -3.14653 16
      vertex 24.0549 -1.57664 16
    endloop
  endfacet
  facet normal 0 0 -1
    outer loop
      vertex 25.6203 -5 16
      vertex 23.6433 -4.70295 16
      vertex 23.9003 -3.14653 16
    endloop
  endfacet
  facet normal 0 -0 -1
    outer loop
      vertex 23.6433 -4.70295 16
      vertex 25.6203 -5 16
      vertex 23.5741 -5 16
    endloop
  endfacet
  facet normal 0 0 -1
    outer loop
      vertex 23.9003 3.14653 16
      vertex 25.8832 3.40759 16
      vertex 24.0549 1.57664 16
    endloop
  endfacet
  facet normal -0 0 -1
    outer loop
      vertex 25.8832 3.40759 16
      vertex 23.9003 3.14653 16
      vertex 25.6203 5 16
    endloop
  endfacet
  facet normal 0 0 -1
    outer loop
      vertex 23.6433 4.70295 16
      vertex 25.6203 5 16
      vertex 23.9003 3.14653 16
    endloop
  endfacet
  facet normal -0 0 -1
    outer loop
      vertex 25.6203 5 16
      vertex 23.6433 4.70295 16
      vertex 23.5741 5 16
    endloop
  endfacet
  facet normal 0 0 1
    outer loop
      vertex 24.1065 0 12
      vertex 26.1065 0 12
      vertex 26.0506 1.70745 12
    endloop
  endfacet
  facet normal 0 0 1
    outer loop
      vertex 24.0549 1.57664 12
      vertex 26.0506 1.70745 12
      vertex 25.8832 3.40759 12
    endloop
  endfacet
  facet normal 0 0 1
    outer loop
      vertex 26.1065 0 12
      vertex 24.1065 0 12
      vertex 26.0506 -1.70745 12
    endloop
  endfacet
  facet normal 0 0 1
    outer loop
      vertex 23.9003 3.14653 12
      vertex 25.8832 3.40759 12
      vertex 25.6203 5 12
    endloop
  endfacet
  facet normal -0 0 1
    outer loop
      vertex 24.0549 -1.57664 12
      vertex 26.0506 -1.70745 12
      vertex 24.1065 0 12
    endloop
  endfacet
  facet normal 0 0 1
    outer loop
      vertex 26.0506 -1.70745 12
      vertex 24.0549 -1.57664 12
      vertex 25.8832 -3.40759 12
    endloop
  endfacet
  facet normal 0 0 1
    outer loop
      vertex 26.0506 1.70745 12
      vertex 24.0549 1.57664 12
      vertex 24.1065 0 12
    endloop
  endfacet
  facet normal 0 0 1
    outer loop
      vertex 25.8832 3.40759 12
      vertex 23.9003 3.14653 12
      vertex 24.0549 1.57664 12
    endloop
  endfacet
  facet normal 0 0 1
    outer loop
      vertex 25.6203 5 12
      vertex 23.6433 4.70295 12
      vertex 23.9003 3.14653 12
    endloop
  endfacet
  facet normal 0 -0 1
    outer loop
      vertex 23.6433 4.70295 12
      vertex 25.6203 5 12
      vertex 23.5741 5 12
    endloop
  endfacet
  facet normal -0 0 1
    outer loop
      vertex 23.9003 -3.14653 12
      vertex 25.8832 -3.40759 12
      vertex 24.0549 -1.57664 12
    endloop
  endfacet
  facet normal 0 0 1
    outer loop
      vertex 25.8832 -3.40759 12
      vertex 23.9003 -3.14653 12
      vertex 25.6203 -5 12
    endloop
  endfacet
  facet normal -0 0 1
    outer loop
      vertex 23.6433 -4.70295 12
      vertex 25.6203 -5 12
      vertex 23.9003 -3.14653 12
    endloop
  endfacet
  facet normal 0 0 1
    outer loop
      vertex 25.6203 -5 12
      vertex 23.6433 -4.70295 12
      vertex 23.5741 -5 12
    endloop
  endfacet
  facet normal 0 -1 0
    outer loop
      vertex 23.5741 5 12
      vertex 25.6203 5 16
      vertex 23.5741 5 16
    endloop
  endfacet
  facet normal 0 -1 -0
    outer loop
      vertex 25.6203 5 16
      vertex 23.5741 5 12
      vertex 25.6203 5 12
    endloop
  endfacet
  facet normal 0.812887 -0.582421 0
    outer loop
      vertex -1.33035 8.88891 2
      vertex -1.26937 8.97402 0
      vertex -1.26937 8.97402 2
    endloop
  endfacet
  facet normal 0.812887 -0.582421 0
    outer loop
      vertex -1.26937 8.97402 0
      vertex -1.33035 8.88891 2
      vertex -1.33035 8.88891 0
    endloop
  endfacet
  facet normal -0.995187 -0.0979906 0
    outer loop
      vertex 1.59657 8.10464 0
      vertex 1.58631 8.20884 2
      vertex 1.58631 8.20884 0
    endloop
  endfacet
  facet normal -0.995187 -0.0979906 0
    outer loop
      vertex 1.58631 8.20884 2
      vertex 1.59657 8.10464 0
      vertex 1.59657 8.10464 2
    endloop
  endfacet
  facet normal -0.999463 -0.0327615 0
    outer loop
      vertex 1.6 8 0
      vertex 1.59657 8.10464 2
      vertex 1.59657 8.10464 0
    endloop
  endfacet
  facet normal -0.999463 -0.0327615 0
    outer loop
      vertex 1.59657 8.10464 2
      vertex 1.6 8 0
      vertex 1.6 8 2
    endloop
  endfacet
  facet normal 0.956946 0.290265 0
    outer loop
      vertex -1.51509 7.4857 2
      vertex -1.54548 7.58589 0
      vertex -1.54548 7.58589 2
    endloop
  endfacet
  facet normal 0.956946 0.290265 0
    outer loop
      vertex -1.54548 7.58589 0
      vertex -1.51509 7.4857 2
      vertex -1.51509 7.4857 0
    endloop
  endfacet
  facet normal 0.729889 0.683566 0
    outer loop
      vertex -1.13137 6.86863 2
      vertex -1.20294 6.94505 0
      vertex -1.20294 6.94505 2
    endloop
  endfacet
  facet normal 0.729889 0.683566 0
    outer loop
      vertex -1.20294 6.94505 0
      vertex -1.13137 6.86863 2
      vertex -1.13137 6.86863 0
    endloop
  endfacet
  facet normal -0.290259 0.956948 0
    outer loop
      vertex 0.514302 6.48491 0
      vertex 0.41411 6.45452 2
      vertex 0.514302 6.48491 2
    endloop
  endfacet
  facet normal -0.290259 0.956948 0
    outer loop
      vertex 0.41411 6.45452 2
      vertex 0.514302 6.48491 0
      vertex 0.41411 6.45452 0
    endloop
  endfacet
  facet normal 0.956946 -0.290265 0
    outer loop
      vertex -1.54548 8.41411 2
      vertex -1.51509 8.5143 0
      vertex -1.51509 8.5143 2
    endloop
  endfacet
  facet normal 0.956946 -0.290265 0
    outer loop
      vertex -1.51509 8.5143 0
      vertex -1.54548 8.41411 2
      vertex -1.54548 8.41411 0
    endloop
  endfacet
  facet normal 0.729889 -0.683566 0
    outer loop
      vertex -1.20294 9.05495 2
      vertex -1.13137 9.13137 0
      vertex -1.13137 9.13137 2
    endloop
  endfacet
  facet normal 0.729889 -0.683566 0
    outer loop
      vertex -1.13137 9.13137 0
      vertex -1.20294 9.05495 2
      vertex -1.20294 9.05495 0
    endloop
  endfacet
  facet normal -0.412698 0.910868 0
    outer loop
      vertex 0.707662 6.565 0
      vertex 0.612293 6.52179 2
      vertex 0.707662 6.565 2
    endloop
  endfacet
  facet normal -0.412698 0.910868 0
    outer loop
      vertex 0.612293 6.52179 2
      vertex 0.707662 6.565 0
      vertex 0.612293 6.52179 0
    endloop
  endfacet
  facet normal 0.0327599 -0.999463 0
    outer loop
      vertex -0.104645 9.59657 0
      vertex 0 9.6 2
      vertex -0.104645 9.59657 2
    endloop
  endfacet
  facet normal 0.0327599 -0.999463 0
    outer loop
      vertex 0 9.6 2
      vertex -0.104645 9.59657 0
      vertex 0 9.6 0
    endloop
  endfacet
  facet normal 0.162845 -0.986652 0
    outer loop
      vertex -0.312144 9.56926 0
      vertex -0.208841 9.58631 2
      vertex -0.312144 9.56926 2
    endloop
  endfacet
  facet normal 0.162845 -0.986652 0
    outer loop
      vertex -0.208841 9.58631 2
      vertex -0.312144 9.56926 0
      vertex -0.208841 9.58631 0
    endloop
  endfacet
  facet normal 0.634455 -0.77296 0
    outer loop
      vertex -1.05495 9.20294 0
      vertex -0.974018 9.26937 2
      vertex -1.05495 9.20294 2
    endloop
  endfacet
  facet normal 0.634455 -0.77296 0
    outer loop
      vertex -0.974018 9.26937 2
      vertex -1.05495 9.20294 0
      vertex -0.974018 9.26937 0
    endloop
  endfacet
  facet normal 0.290259 -0.956948 0
    outer loop
      vertex -0.514302 9.51509 0
      vertex -0.41411 9.54548 2
      vertex -0.514302 9.51509 2
    endloop
  endfacet
  facet normal 0.290259 -0.956948 0
    outer loop
      vertex -0.41411 9.54548 2
      vertex -0.514302 9.51509 0
      vertex -0.41411 9.54548 0
    endloop
  endfacet
  facet normal -0.999463 0.0327583 0
    outer loop
      vertex 1.59657 7.89535 0
      vertex 1.6 8 2
      vertex 1.6 8 0
    endloop
  endfacet
  facet normal -0.999463 0.0327583 0
    outer loop
      vertex 1.6 8 2
      vertex 1.59657 7.89535 0
      vertex 1.59657 7.89535 2
    endloop
  endfacet
  facet normal -0.772952 0.634464 0
    outer loop
      vertex 1.20294 6.94505 0
      vertex 1.26937 7.02598 2
      vertex 1.26937 7.02598 0
    endloop
  endfacet
  facet normal -0.772952 0.634464 0
    outer loop
      vertex 1.26937 7.02598 2
      vertex 1.20294 6.94505 0
      vertex 1.20294 6.94505 2
    endloop
  endfacet
  facet normal -0.634455 -0.77296 0
    outer loop
      vertex 0.974018 9.26937 0
      vertex 1.05495 9.20294 2
      vertex 0.974018 9.26937 2
    endloop
  endfacet
  facet normal -0.634455 -0.77296 -0
    outer loop
      vertex 1.05495 9.20294 2
      vertex 0.974018 9.26937 0
      vertex 1.05495 9.20294 0
    endloop
  endfacet
  facet normal -0.812887 -0.582421 0
    outer loop
      vertex 1.33035 8.88891 0
      vertex 1.26937 8.97402 2
      vertex 1.26937 8.97402 0
    endloop
  endfacet
  facet normal -0.812887 -0.582421 0
    outer loop
      vertex 1.26937 8.97402 2
      vertex 1.33035 8.88891 0
      vertex 1.33035 8.88891 2
    endloop
  endfacet
  facet normal -0.881908 0.471421 0
    outer loop
      vertex 1.38564 7.2 0
      vertex 1.435 7.29234 2
      vertex 1.435 7.29234 0
    endloop
  endfacet
  facet normal -0.881908 0.471421 0
    outer loop
      vertex 1.435 7.29234 2
      vertex 1.38564 7.2 0
      vertex 1.38564 7.2 2
    endloop
  endfacet
  facet normal 0.812887 0.582421 0
    outer loop
      vertex -1.26937 7.02598 2
      vertex -1.33035 7.11109 0
      vertex -1.33035 7.11109 2
    endloop
  endfacet
  facet normal 0.812887 0.582421 0
    outer loop
      vertex -1.33035 7.11109 0
      vertex -1.26937 7.02598 2
      vertex -1.26937 7.02598 0
    endloop
  endfacet
  facet normal -0.935909 -0.352243 0
    outer loop
      vertex 1.51509 8.5143 0
      vertex 1.47821 8.61229 2
      vertex 1.47821 8.61229 0
    endloop
  endfacet
  facet normal -0.935909 -0.352243 0
    outer loop
      vertex 1.47821 8.61229 2
      vertex 1.51509 8.5143 0
      vertex 1.51509 8.5143 2
    endloop
  endfacet
  facet normal 0.91087 0.412694 0
    outer loop
      vertex -1.435 7.29234 2
      vertex -1.47821 7.38771 0
      vertex -1.47821 7.38771 2
    endloop
  endfacet
  facet normal 0.91087 0.412694 0
    outer loop
      vertex -1.47821 7.38771 0
      vertex -1.435 7.29234 2
      vertex -1.435 7.29234 0
    endloop
  endfacet
  facet normal -0.0327599 0.999463 0
    outer loop
      vertex 0.104645 6.40343 0
      vertex 0 6.4 2
      vertex 0.104645 6.40343 2
    endloop
  endfacet
  facet normal -0.0327599 0.999463 0
    outer loop
      vertex 0 6.4 2
      vertex 0.104645 6.40343 0
      vertex 0 6.4 0
    endloop
  endfacet
  facet normal -0.956946 -0.290265 0
    outer loop
      vertex 1.54548 8.41411 0
      vertex 1.51509 8.5143 2
      vertex 1.51509 8.5143 0
    endloop
  endfacet
  facet normal -0.956946 -0.290265 0
    outer loop
      vertex 1.51509 8.5143 2
      vertex 1.54548 8.41411 0
      vertex 1.54548 8.41411 2
    endloop
  endfacet
  facet normal 0.52807 0.849201 -0
    outer loop
      vertex -0.799999 6.61436 0
      vertex -0.888912 6.66965 2
      vertex -0.799999 6.61436 2
    endloop
  endfacet
  facet normal 0.52807 0.849201 0
    outer loop
      vertex -0.888912 6.66965 2
      vertex -0.799999 6.61436 0
      vertex -0.888912 6.66965 0
    endloop
  endfacet
  facet normal 0.35224 0.93591 -0
    outer loop
      vertex -0.514302 6.48491 0
      vertex -0.612293 6.52179 2
      vertex -0.514302 6.48491 2
    endloop
  endfacet
  facet normal 0.35224 0.93591 0
    outer loop
      vertex -0.612293 6.52179 2
      vertex -0.514302 6.48491 0
      vertex -0.612293 6.52179 0
    endloop
  endfacet
  facet normal -0.973869 -0.227112 0
    outer loop
      vertex 1.56926 8.31214 0
      vertex 1.54548 8.41411 2
      vertex 1.54548 8.41411 0
    endloop
  endfacet
  facet normal -0.973869 -0.227112 0
    outer loop
      vertex 1.54548 8.41411 2
      vertex 1.56926 8.31214 0
      vertex 1.56926 8.31214 2
    endloop
  endfacet
  facet normal -0.52807 -0.849201 0
    outer loop
      vertex 0.799999 9.38564 0
      vertex 0.888912 9.33035 2
      vertex 0.799999 9.38564 2
    endloop
  endfacet
  facet normal -0.52807 -0.849201 -0
    outer loop
      vertex 0.888912 9.33035 2
      vertex 0.799999 9.38564 0
      vertex 0.888912 9.33035 0
    endloop
  endfacet
  facet normal 0.935909 -0.352243 0
    outer loop
      vertex -1.51509 8.5143 2
      vertex -1.47821 8.61229 0
      vertex -1.47821 8.61229 2
    endloop
  endfacet
  facet normal 0.935909 -0.352243 0
    outer loop
      vertex -1.47821 8.61229 0
      vertex -1.51509 8.5143 2
      vertex -1.51509 8.5143 0
    endloop
  endfacet
  facet normal -0.0979943 -0.995187 0
    outer loop
      vertex 0.104645 9.59657 0
      vertex 0.208841 9.58631 2
      vertex 0.104645 9.59657 2
    endloop
  endfacet
  facet normal -0.0979943 -0.995187 -0
    outer loop
      vertex 0.208841 9.58631 2
      vertex 0.104645 9.59657 0
      vertex 0.208841 9.58631 0
    endloop
  endfacet
  facet normal 0.412698 -0.910868 0
    outer loop
      vertex -0.707662 9.435 0
      vertex -0.612293 9.47821 2
      vertex -0.707662 9.435 2
    endloop
  endfacet
  facet normal 0.412698 -0.910868 0
    outer loop
      vertex -0.612293 9.47821 2
      vertex -0.707662 9.435 0
      vertex -0.612293 9.47821 0
    endloop
  endfacet
  facet normal 0.683566 0.729889 -0
    outer loop
      vertex -1.05495 6.79706 0
      vertex -1.13137 6.86863 2
      vertex -1.05495 6.79706 2
    endloop
  endfacet
  facet normal 0.683566 0.729889 0
    outer loop
      vertex -1.13137 6.86863 2
      vertex -1.05495 6.79706 0
      vertex -1.13137 6.86863 0
    endloop
  endfacet
  facet normal -0.91087 -0.412694 0
    outer loop
      vertex 1.47821 8.61229 0
      vertex 1.435 8.70766 2
      vertex 1.435 8.70766 0
    endloop
  endfacet
  facet normal -0.91087 -0.412694 0
    outer loop
      vertex 1.435 8.70766 2
      vertex 1.47821 8.61229 0
      vertex 1.47821 8.61229 2
    endloop
  endfacet
  facet normal -0.986653 0.162835 0
    outer loop
      vertex 1.56926 7.68785 0
      vertex 1.58631 7.79116 2
      vertex 1.58631 7.79116 0
    endloop
  endfacet
  facet normal -0.986653 0.162835 0
    outer loop
      vertex 1.58631 7.79116 2
      vertex 1.56926 7.68785 0
      vertex 1.56926 7.68785 2
    endloop
  endfacet
  facet normal -0.91087 0.412694 0
    outer loop
      vertex 1.435 7.29234 0
      vertex 1.47821 7.38771 2
      vertex 1.47821 7.38771 0
    endloop
  endfacet
  facet normal -0.91087 0.412694 0
    outer loop
      vertex 1.47821 7.38771 2
      vertex 1.435 7.29234 0
      vertex 1.435 7.29234 2
    endloop
  endfacet
  facet normal -0.35224 -0.93591 0
    outer loop
      vertex 0.514302 9.51509 0
      vertex 0.612293 9.47821 2
      vertex 0.514302 9.51509 2
    endloop
  endfacet
  facet normal -0.35224 -0.93591 -0
    outer loop
      vertex 0.612293 9.47821 2
      vertex 0.514302 9.51509 0
      vertex 0.612293 9.47821 0
    endloop
  endfacet
  facet normal 0.881908 0.471421 0
    outer loop
      vertex -1.38564 7.2 2
      vertex -1.435 7.29234 0
      vertex -1.435 7.29234 2
    endloop
  endfacet
  facet normal 0.881908 0.471421 0
    outer loop
      vertex -1.435 7.29234 0
      vertex -1.38564 7.2 2
      vertex -1.38564 7.2 0
    endloop
  endfacet
  facet normal -0.0979943 0.995187 0
    outer loop
      vertex 0.208841 6.41369 0
      vertex 0.104645 6.40343 2
      vertex 0.208841 6.41369 2
    endloop
  endfacet
  facet normal -0.0979943 0.995187 0
    outer loop
      vertex 0.104645 6.40343 2
      vertex 0.208841 6.41369 0
      vertex 0.104645 6.40343 0
    endloop
  endfacet
  facet normal -0.849193 -0.528083 0
    outer loop
      vertex 1.38564 8.8 0
      vertex 1.33035 8.88891 2
      vertex 1.33035 8.88891 0
    endloop
  endfacet
  facet normal -0.849193 -0.528083 0
    outer loop
      vertex 1.33035 8.88891 2
      vertex 1.38564 8.8 0
      vertex 1.38564 8.8 2
    endloop
  endfacet
  facet normal 0.683566 -0.729889 0
    outer loop
      vertex -1.13137 9.13137 0
      vertex -1.05495 9.20294 2
      vertex -1.13137 9.13137 2
    endloop
  endfacet
  facet normal 0.683566 -0.729889 0
    outer loop
      vertex -1.05495 9.20294 2
      vertex -1.13137 9.13137 0
      vertex -1.05495 9.20294 0
    endloop
  endfacet
  facet normal -0.986651 -0.16285 0
    outer loop
      vertex 1.58631 8.20884 0
      vertex 1.56926 8.31214 2
      vertex 1.56926 8.31214 0
    endloop
  endfacet
  facet normal -0.986651 -0.16285 0
    outer loop
      vertex 1.56926 8.31214 2
      vertex 1.58631 8.20884 0
      vertex 1.58631 8.20884 2
    endloop
  endfacet
  facet normal 0.986651 -0.16285 0
    outer loop
      vertex -1.58631 8.20884 2
      vertex -1.56926 8.31214 0
      vertex -1.56926 8.31214 2
    endloop
  endfacet
  facet normal 0.986651 -0.16285 0
    outer loop
      vertex -1.56926 8.31214 0
      vertex -1.58631 8.20884 2
      vertex -1.58631 8.20884 0
    endloop
  endfacet
  facet normal -0.22712 -0.973867 0
    outer loop
      vertex 0.312144 9.56926 0
      vertex 0.41411 9.54548 2
      vertex 0.312144 9.56926 2
    endloop
  endfacet
  facet normal -0.22712 -0.973867 -0
    outer loop
      vertex 0.41411 9.54548 2
      vertex 0.312144 9.56926 0
      vertex 0.41411 9.54548 0
    endloop
  endfacet
  facet normal -0.995186 0.0979999 0
    outer loop
      vertex 1.58631 7.79116 0
      vertex 1.59657 7.89535 2
      vertex 1.59657 7.89535 0
    endloop
  endfacet
  facet normal -0.995186 0.0979999 0
    outer loop
      vertex 1.59657 7.89535 2
      vertex 1.58631 7.79116 0
      vertex 1.58631 7.79116 2
    endloop
  endfacet
  facet normal -0.956946 0.290265 0
    outer loop
      vertex 1.51509 7.4857 0
      vertex 1.54548 7.58589 2
      vertex 1.54548 7.58589 0
    endloop
  endfacet
  facet normal -0.956946 0.290265 0
    outer loop
      vertex 1.54548 7.58589 2
      vertex 1.51509 7.4857 0
      vertex 1.51509 7.4857 2
    endloop
  endfacet
  facet normal -0.582439 0.812874 0
    outer loop
      vertex 0.974018 6.73063 0
      vertex 0.888912 6.66965 2
      vertex 0.974018 6.73063 2
    endloop
  endfacet
  facet normal -0.582439 0.812874 0
    outer loop
      vertex 0.888912 6.66965 2
      vertex 0.974018 6.73063 0
      vertex 0.888912 6.66965 0
    endloop
  endfacet
  facet normal -0.881908 -0.471421 0
    outer loop
      vertex 1.435 8.70766 0
      vertex 1.38564 8.8 2
      vertex 1.38564 8.8 0
    endloop
  endfacet
  facet normal -0.881908 -0.471421 0
    outer loop
      vertex 1.38564 8.8 2
      vertex 1.435 8.70766 0
      vertex 1.435 8.70766 2
    endloop
  endfacet
  facet normal 0.935909 0.352243 0
    outer loop
      vertex -1.47821 7.38771 2
      vertex -1.51509 7.4857 0
      vertex -1.51509 7.4857 2
    endloop
  endfacet
  facet normal 0.935909 0.352243 0
    outer loop
      vertex -1.51509 7.4857 0
      vertex -1.47821 7.38771 2
      vertex -1.47821 7.38771 0
    endloop
  endfacet
  facet normal 0.986653 0.162835 0
    outer loop
      vertex -1.56926 7.68785 2
      vertex -1.58631 7.79116 0
      vertex -1.58631 7.79116 2
    endloop
  endfacet
  facet normal 0.986653 0.162835 0
    outer loop
      vertex -1.58631 7.79116 0
      vertex -1.56926 7.68785 2
      vertex -1.56926 7.68785 0
    endloop
  endfacet
  facet normal -0.22712 0.973867 0
    outer loop
      vertex 0.41411 6.45452 0
      vertex 0.312144 6.43074 2
      vertex 0.41411 6.45452 2
    endloop
  endfacet
  facet normal -0.22712 0.973867 0
    outer loop
      vertex 0.312144 6.43074 2
      vertex 0.41411 6.45452 0
      vertex 0.312144 6.43074 0
    endloop
  endfacet
  facet normal -0.973864 0.227133 0
    outer loop
      vertex 1.54548 7.58589 0
      vertex 1.56926 7.68785 2
      vertex 1.56926 7.68785 0
    endloop
  endfacet
  facet normal -0.973864 0.227133 0
    outer loop
      vertex 1.56926 7.68785 2
      vertex 1.54548 7.58589 0
      vertex 1.54548 7.58589 2
    endloop
  endfacet
  facet normal -0.729889 0.683566 0
    outer loop
      vertex 1.13137 6.86863 0
      vertex 1.20294 6.94505 2
      vertex 1.20294 6.94505 0
    endloop
  endfacet
  facet normal -0.729889 0.683566 0
    outer loop
      vertex 1.20294 6.94505 2
      vertex 1.13137 6.86863 0
      vertex 1.13137 6.86863 2
    endloop
  endfacet
  facet normal -0.849193 0.528083 0
    outer loop
      vertex 1.33035 7.11109 0
      vertex 1.38564 7.2 2
      vertex 1.38564 7.2 0
    endloop
  endfacet
  facet normal -0.849193 0.528083 0
    outer loop
      vertex 1.38564 7.2 2
      vertex 1.33035 7.11109 0
      vertex 1.33035 7.11109 2
    endloop
  endfacet
  facet normal 0.0979943 -0.995187 0
    outer loop
      vertex -0.208841 9.58631 0
      vertex -0.104645 9.59657 2
      vertex -0.208841 9.58631 2
    endloop
  endfacet
  facet normal 0.0979943 -0.995187 0
    outer loop
      vertex -0.104645 9.59657 2
      vertex -0.208841 9.58631 0
      vertex -0.104645 9.59657 0
    endloop
  endfacet
  facet normal 0.772952 0.634464 0
    outer loop
      vertex -1.20294 6.94505 2
      vertex -1.26937 7.02598 0
      vertex -1.26937 7.02598 2
    endloop
  endfacet
  facet normal 0.772952 0.634464 0
    outer loop
      vertex -1.26937 7.02598 0
      vertex -1.20294 6.94505 2
      vertex -1.20294 6.94505 0
    endloop
  endfacet
  facet normal 0.995186 0.0979999 0
    outer loop
      vertex -1.58631 7.79116 2
      vertex -1.59657 7.89535 0
      vertex -1.59657 7.89535 2
    endloop
  endfacet
  facet normal 0.995186 0.0979999 0
    outer loop
      vertex -1.59657 7.89535 0
      vertex -1.58631 7.79116 2
      vertex -1.58631 7.79116 0
    endloop
  endfacet
  facet normal -0.412698 -0.910868 0
    outer loop
      vertex 0.612293 9.47821 0
      vertex 0.707662 9.435 2
      vertex 0.612293 9.47821 2
    endloop
  endfacet
  facet normal -0.412698 -0.910868 -0
    outer loop
      vertex 0.707662 9.435 2
      vertex 0.612293 9.47821 0
      vertex 0.707662 9.435 0
    endloop
  endfacet
  facet normal 0.849193 -0.528083 0
    outer loop
      vertex -1.38564 8.8 2
      vertex -1.33035 8.88891 0
      vertex -1.33035 8.88891 2
    endloop
  endfacet
  facet normal 0.849193 -0.528083 0
    outer loop
      vertex -1.33035 8.88891 0
      vertex -1.38564 8.8 2
      vertex -1.38564 8.8 0
    endloop
  endfacet
  facet normal -0.162845 -0.986652 0
    outer loop
      vertex 0.208841 9.58631 0
      vertex 0.312144 9.56926 2
      vertex 0.208841 9.58631 2
    endloop
  endfacet
  facet normal -0.162845 -0.986652 -0
    outer loop
      vertex 0.312144 9.56926 2
      vertex 0.208841 9.58631 0
      vertex 0.312144 9.56926 0
    endloop
  endfacet
  facet normal -0.683566 0.729889 0
    outer loop
      vertex 1.13137 6.86863 0
      vertex 1.05495 6.79706 2
      vertex 1.13137 6.86863 2
    endloop
  endfacet
  facet normal -0.683566 0.729889 0
    outer loop
      vertex 1.05495 6.79706 2
      vertex 1.13137 6.86863 0
      vertex 1.05495 6.79706 0
    endloop
  endfacet
  facet normal 0.0327599 0.999463 -0
    outer loop
      vertex 0 6.4 0
      vertex -0.104645 6.40343 2
      vertex 0 6.4 2
    endloop
  endfacet
  facet normal 0.0327599 0.999463 0
    outer loop
      vertex -0.104645 6.40343 2
      vertex 0 6.4 0
      vertex -0.104645 6.40343 0
    endloop
  endfacet
  facet normal 0.772952 -0.634464 0
    outer loop
      vertex -1.26937 8.97402 2
      vertex -1.20294 9.05495 0
      vertex -1.20294 9.05495 2
    endloop
  endfacet
  facet normal 0.772952 -0.634464 0
    outer loop
      vertex -1.20294 9.05495 0
      vertex -1.26937 8.97402 2
      vertex -1.26937 8.97402 0
    endloop
  endfacet
  facet normal 0.471433 0.881902 -0
    outer loop
      vertex -0.707662 6.565 0
      vertex -0.799999 6.61436 2
      vertex -0.707662 6.565 2
    endloop
  endfacet
  facet normal 0.471433 0.881902 0
    outer loop
      vertex -0.799999 6.61436 2
      vertex -0.707662 6.565 0
      vertex -0.799999 6.61436 0
    endloop
  endfacet
  facet normal -0.471433 0.881902 0
    outer loop
      vertex 0.799999 6.61436 0
      vertex 0.707662 6.565 2
      vertex 0.799999 6.61436 2
    endloop
  endfacet
  facet normal -0.471433 0.881902 0
    outer loop
      vertex 0.707662 6.565 2
      vertex 0.799999 6.61436 0
      vertex 0.707662 6.565 0
    endloop
  endfacet
  facet normal -0.683566 -0.729889 0
    outer loop
      vertex 1.05495 9.20294 0
      vertex 1.13137 9.13137 2
      vertex 1.05495 9.20294 2
    endloop
  endfacet
  facet normal -0.683566 -0.729889 -0
    outer loop
      vertex 1.13137 9.13137 2
      vertex 1.05495 9.20294 0
      vertex 1.13137 9.13137 0
    endloop
  endfacet
  facet normal 0.634455 0.77296 -0
    outer loop
      vertex -0.974018 6.73063 0
      vertex -1.05495 6.79706 2
      vertex -0.974018 6.73063 2
    endloop
  endfacet
  facet normal 0.634455 0.77296 0
    outer loop
      vertex -1.05495 6.79706 2
      vertex -0.974018 6.73063 0
      vertex -1.05495 6.79706 0
    endloop
  endfacet
  facet normal -0.0327599 -0.999463 0
    outer loop
      vertex 0 9.6 0
      vertex 0.104645 9.59657 2
      vertex 0 9.6 2
    endloop
  endfacet
  facet normal -0.0327599 -0.999463 -0
    outer loop
      vertex 0.104645 9.59657 2
      vertex 0 9.6 0
      vertex 0.104645 9.59657 0
    endloop
  endfacet
  facet normal -0.935909 0.352243 0
    outer loop
      vertex 1.47821 7.38771 0
      vertex 1.51509 7.4857 2
      vertex 1.51509 7.4857 0
    endloop
  endfacet
  facet normal -0.935909 0.352243 0
    outer loop
      vertex 1.51509 7.4857 2
      vertex 1.47821 7.38771 0
      vertex 1.47821 7.38771 2
    endloop
  endfacet
  facet normal 0.35224 -0.93591 0
    outer loop
      vertex -0.612293 9.47821 0
      vertex -0.514302 9.51509 2
      vertex -0.612293 9.47821 2
    endloop
  endfacet
  facet normal 0.35224 -0.93591 0
    outer loop
      vertex -0.514302 9.51509 2
      vertex -0.612293 9.47821 0
      vertex -0.514302 9.51509 0
    endloop
  endfacet
  facet normal -0.582439 -0.812874 0
    outer loop
      vertex 0.888912 9.33035 0
      vertex 0.974018 9.26937 2
      vertex 0.888912 9.33035 2
    endloop
  endfacet
  facet normal -0.582439 -0.812874 -0
    outer loop
      vertex 0.974018 9.26937 2
      vertex 0.888912 9.33035 0
      vertex 0.974018 9.26937 0
    endloop
  endfacet
  facet normal 0.973869 -0.227112 0
    outer loop
      vertex -1.56926 8.31214 2
      vertex -1.54548 8.41411 0
      vertex -1.54548 8.41411 2
    endloop
  endfacet
  facet normal 0.973869 -0.227112 0
    outer loop
      vertex -1.54548 8.41411 0
      vertex -1.56926 8.31214 2
      vertex -1.56926 8.31214 0
    endloop
  endfacet
  facet normal 0.995187 -0.0979906 0
    outer loop
      vertex -1.59657 8.10464 2
      vertex -1.58631 8.20884 0
      vertex -1.58631 8.20884 2
    endloop
  endfacet
  facet normal 0.995187 -0.0979906 0
    outer loop
      vertex -1.58631 8.20884 0
      vertex -1.59657 8.10464 2
      vertex -1.59657 8.10464 0
    endloop
  endfacet
  facet normal -0.52807 0.849201 0
    outer loop
      vertex 0.888912 6.66965 0
      vertex 0.799999 6.61436 2
      vertex 0.888912 6.66965 2
    endloop
  endfacet
  facet normal -0.52807 0.849201 0
    outer loop
      vertex 0.799999 6.61436 2
      vertex 0.888912 6.66965 0
      vertex 0.799999 6.61436 0
    endloop
  endfacet
  facet normal -0.35224 0.93591 0
    outer loop
      vertex 0.612293 6.52179 0
      vertex 0.514302 6.48491 2
      vertex 0.612293 6.52179 2
    endloop
  endfacet
  facet normal -0.35224 0.93591 0
    outer loop
      vertex 0.514302 6.48491 2
      vertex 0.612293 6.52179 0
      vertex 0.514302 6.48491 0
    endloop
  endfacet
  facet normal -0.290259 -0.956948 0
    outer loop
      vertex 0.41411 9.54548 0
      vertex 0.514302 9.51509 2
      vertex 0.41411 9.54548 2
    endloop
  endfacet
  facet normal -0.290259 -0.956948 -0
    outer loop
      vertex 0.514302 9.51509 2
      vertex 0.41411 9.54548 0
      vertex 0.514302 9.51509 0
    endloop
  endfacet
  facet normal 0.471433 -0.881902 0
    outer loop
      vertex -0.799999 9.38564 0
      vertex -0.707662 9.435 2
      vertex -0.799999 9.38564 2
    endloop
  endfacet
  facet normal 0.471433 -0.881902 0
    outer loop
      vertex -0.707662 9.435 2
      vertex -0.799999 9.38564 0
      vertex -0.707662 9.435 0
    endloop
  endfacet
  facet normal 0.881908 -0.471421 0
    outer loop
      vertex -1.435 8.70766 2
      vertex -1.38564 8.8 0
      vertex -1.38564 8.8 2
    endloop
  endfacet
  facet normal 0.881908 -0.471421 0
    outer loop
      vertex -1.38564 8.8 0
      vertex -1.435 8.70766 2
      vertex -1.435 8.70766 0
    endloop
  endfacet
  facet normal 0.22712 -0.973867 0
    outer loop
      vertex -0.41411 9.54548 0
      vertex -0.312144 9.56926 2
      vertex -0.41411 9.54548 2
    endloop
  endfacet
  facet normal 0.22712 -0.973867 0
    outer loop
      vertex -0.312144 9.56926 2
      vertex -0.41411 9.54548 0
      vertex -0.312144 9.56926 0
    endloop
  endfacet
  facet normal -0.162845 0.986652 0
    outer loop
      vertex 0.312144 6.43074 0
      vertex 0.208841 6.41369 2
      vertex 0.312144 6.43074 2
    endloop
  endfacet
  facet normal -0.162845 0.986652 0
    outer loop
      vertex 0.208841 6.41369 2
      vertex 0.312144 6.43074 0
      vertex 0.208841 6.41369 0
    endloop
  endfacet
  facet normal 0.973864 0.227133 0
    outer loop
      vertex -1.54548 7.58589 2
      vertex -1.56926 7.68785 0
      vertex -1.56926 7.68785 2
    endloop
  endfacet
  facet normal 0.973864 0.227133 0
    outer loop
      vertex -1.56926 7.68785 0
      vertex -1.54548 7.58589 2
      vertex -1.54548 7.58589 0
    endloop
  endfacet
  facet normal 0.582439 -0.812874 0
    outer loop
      vertex -0.974018 9.26937 0
      vertex -0.888912 9.33035 2
      vertex -0.974018 9.26937 2
    endloop
  endfacet
  facet normal 0.582439 -0.812874 0
    outer loop
      vertex -0.888912 9.33035 2
      vertex -0.974018 9.26937 0
      vertex -0.888912 9.33035 0
    endloop
  endfacet
  facet normal 0.162845 0.986652 -0
    outer loop
      vertex -0.208841 6.41369 0
      vertex -0.312144 6.43074 2
      vertex -0.208841 6.41369 2
    endloop
  endfacet
  facet normal 0.162845 0.986652 0
    outer loop
      vertex -0.312144 6.43074 2
      vertex -0.208841 6.41369 0
      vertex -0.312144 6.43074 0
    endloop
  endfacet
  facet normal 0.849193 0.528083 0
    outer loop
      vertex -1.33035 7.11109 2
      vertex -1.38564 7.2 0
      vertex -1.38564 7.2 2
    endloop
  endfacet
  facet normal 0.849193 0.528083 0
    outer loop
      vertex -1.38564 7.2 0
      vertex -1.33035 7.11109 2
      vertex -1.33035 7.11109 0
    endloop
  endfacet
  facet normal 0.0979943 0.995187 -0
    outer loop
      vertex -0.104645 6.40343 0
      vertex -0.208841 6.41369 2
      vertex -0.104645 6.40343 2
    endloop
  endfacet
  facet normal 0.0979943 0.995187 0
    outer loop
      vertex -0.208841 6.41369 2
      vertex -0.104645 6.40343 0
      vertex -0.208841 6.41369 0
    endloop
  endfacet
  facet normal -0.634455 0.77296 0
    outer loop
      vertex 1.05495 6.79706 0
      vertex 0.974018 6.73063 2
      vertex 1.05495 6.79706 2
    endloop
  endfacet
  facet normal -0.634455 0.77296 0
    outer loop
      vertex 0.974018 6.73063 2
      vertex 1.05495 6.79706 0
      vertex 0.974018 6.73063 0
    endloop
  endfacet
  facet normal -0.471433 -0.881902 0
    outer loop
      vertex 0.707662 9.435 0
      vertex 0.799999 9.38564 2
      vertex 0.707662 9.435 2
    endloop
  endfacet
  facet normal -0.471433 -0.881902 -0
    outer loop
      vertex 0.799999 9.38564 2
      vertex 0.707662 9.435 0
      vertex 0.799999 9.38564 0
    endloop
  endfacet
  facet normal -0.812887 0.582421 0
    outer loop
      vertex 1.26937 7.02598 0
      vertex 1.33035 7.11109 2
      vertex 1.33035 7.11109 0
    endloop
  endfacet
  facet normal -0.812887 0.582421 0
    outer loop
      vertex 1.33035 7.11109 2
      vertex 1.26937 7.02598 0
      vertex 1.26937 7.02598 2
    endloop
  endfacet
  facet normal 0.582439 0.812874 -0
    outer loop
      vertex -0.888912 6.66965 0
      vertex -0.974018 6.73063 2
      vertex -0.888912 6.66965 2
    endloop
  endfacet
  facet normal 0.582439 0.812874 0
    outer loop
      vertex -0.974018 6.73063 2
      vertex -0.888912 6.66965 0
      vertex -0.974018 6.73063 0
    endloop
  endfacet
  facet normal 0.91087 -0.412694 0
    outer loop
      vertex -1.47821 8.61229 2
      vertex -1.435 8.70766 0
      vertex -1.435 8.70766 2
    endloop
  endfacet
  facet normal 0.91087 -0.412694 0
    outer loop
      vertex -1.435 8.70766 0
      vertex -1.47821 8.61229 2
      vertex -1.47821 8.61229 0
    endloop
  endfacet
  facet normal -0.772952 -0.634464 0
    outer loop
      vertex 1.26937 8.97402 0
      vertex 1.20294 9.05495 2
      vertex 1.20294 9.05495 0
    endloop
  endfacet
  facet normal -0.772952 -0.634464 0
    outer loop
      vertex 1.20294 9.05495 2
      vertex 1.26937 8.97402 0
      vertex 1.26937 8.97402 2
    endloop
  endfacet
  facet normal -0.729889 -0.683566 0
    outer loop
      vertex 1.20294 9.05495 0
      vertex 1.13137 9.13137 2
      vertex 1.13137 9.13137 0
    endloop
  endfacet
  facet normal -0.729889 -0.683566 0
    outer loop
      vertex 1.13137 9.13137 2
      vertex 1.20294 9.05495 0
      vertex 1.20294 9.05495 2
    endloop
  endfacet
  facet normal 0.412698 0.910868 -0
    outer loop
      vertex -0.612293 6.52179 0
      vertex -0.707662 6.565 2
      vertex -0.612293 6.52179 2
    endloop
  endfacet
  facet normal 0.412698 0.910868 0
    outer loop
      vertex -0.707662 6.565 2
      vertex -0.612293 6.52179 0
      vertex -0.707662 6.565 0
    endloop
  endfacet
  facet normal 0.999463 -0.0327615 0
    outer loop
      vertex -1.6 8 2
      vertex -1.59657 8.10464 0
      vertex -1.59657 8.10464 2
    endloop
  endfacet
  facet normal 0.999463 -0.0327615 0
    outer loop
      vertex -1.59657 8.10464 0
      vertex -1.6 8 2
      vertex -1.6 8 0
    endloop
  endfacet
  facet normal 0.999463 0.0327583 0
    outer loop
      vertex -1.59657 7.89535 2
      vertex -1.6 8 0
      vertex -1.6 8 2
    endloop
  endfacet
  facet normal 0.999463 0.0327583 0
    outer loop
      vertex -1.6 8 0
      vertex -1.59657 7.89535 2
      vertex -1.59657 7.89535 0
    endloop
  endfacet
  facet normal 0.290259 0.956948 -0
    outer loop
      vertex -0.41411 6.45452 0
      vertex -0.514302 6.48491 2
      vertex -0.41411 6.45452 2
    endloop
  endfacet
  facet normal 0.290259 0.956948 0
    outer loop
      vertex -0.514302 6.48491 2
      vertex -0.41411 6.45452 0
      vertex -0.514302 6.48491 0
    endloop
  endfacet
  facet normal 0.22712 0.973867 -0
    outer loop
      vertex -0.312144 6.43074 0
      vertex -0.41411 6.45452 2
      vertex -0.312144 6.43074 2
    endloop
  endfacet
  facet normal 0.22712 0.973867 0
    outer loop
      vertex -0.41411 6.45452 2
      vertex -0.312144 6.43074 0
      vertex -0.41411 6.45452 0
    endloop
  endfacet
  facet normal 0.52807 -0.849201 0
    outer loop
      vertex -0.888912 9.33035 0
      vertex -0.799999 9.38564 2
      vertex -0.888912 9.33035 2
    endloop
  endfacet
  facet normal 0.52807 -0.849201 0
    outer loop
      vertex -0.799999 9.38564 2
      vertex -0.888912 9.33035 0
      vertex -0.799999 9.38564 0
    endloop
  endfacet
  facet normal 0 0 -1
    outer loop
      vertex 1.57664 -24.0549 11.5
      vertex 3 -25.9233 11.5
      vertex 1.70745 -26.0506 11.5
    endloop
  endfacet
  facet normal 0 0 -1
    outer loop
      vertex 3 -25.9233 11.5
      vertex 1.57664 -24.0549 11.5
      vertex 3 -23.9147 11.5
    endloop
  endfacet
  facet normal 0 0 -1
    outer loop
      vertex 0 -26.1065 11.5
      vertex 1.57664 -24.0549 11.5
      vertex 1.70745 -26.0506 11.5
    endloop
  endfacet
  facet normal 0 0 -1
    outer loop
      vertex 0 -26.1065 11.5
      vertex 0 -24.1065 11.5
      vertex 1.57664 -24.0549 11.5
    endloop
  endfacet
  facet normal 0 0 -1
    outer loop
      vertex 0 -26.1065 11.5
      vertex -1.57664 -24.0549 11.5
      vertex 0 -24.1065 11.5
    endloop
  endfacet
  facet normal 0 0 -1
    outer loop
      vertex -1.70745 -26.0506 11.5
      vertex -1.57664 -24.0549 11.5
      vertex 0 -26.1065 11.5
    endloop
  endfacet
  facet normal 0 0 -1
    outer loop
      vertex -3 -25.9233 11.5
      vertex -1.57664 -24.0549 11.5
      vertex -1.70745 -26.0506 11.5
    endloop
  endfacet
  facet normal -0 0 -1
    outer loop
      vertex -1.57664 -24.0549 11.5
      vertex -3 -25.9233 11.5
      vertex -3 -23.9147 11.5
    endloop
  endfacet
  facet normal 1 -0 0
    outer loop
      vertex -3 -25.9233 11.5
      vertex -3 -23.9147 2
      vertex -3 -23.9147 11.5
    endloop
  endfacet
  facet normal 1 0 0
    outer loop
      vertex -3 -23.9147 2
      vertex -3 -25.9233 11.5
      vertex -3 -25.9233 2
    endloop
  endfacet
  facet normal -1 0 0
    outer loop
      vertex 3 -25.9233 2
      vertex 3 -23.9147 11.5
      vertex 3 -23.9147 2
    endloop
  endfacet
  facet normal -1 -0 0
    outer loop
      vertex 3 -23.9147 11.5
      vertex 3 -25.9233 2
      vertex 3 -25.9233 11.5
    endloop
  endfacet
endsolid OpenSCAD_Model
