solid OpenSCAD_Model
  facet normal 0.995188 0.0979886 0
    outer loop
      vertex 26.0506 1.70745 4.1
      vertex 25.8832 3.40759 0
      vertex 25.8832 3.40759 4.1
    endloop
  endfacet
  facet normal 0.995188 0.0979886 0
    outer loop
      vertex 25.8832 3.40759 0
      vertex 26.0506 1.70745 4.1
      vertex 26.0506 1.70745 0
    endloop
  endfacet
  facet normal 0.999465 0.0327213 0
    outer loop
      vertex 26.1065 0 4.1
      vertex 26.0506 1.70745 0
      vertex 26.0506 1.70745 4.1
    endloop
  endfacet
  facet normal 0.999465 0.0327213 0
    outer loop
      vertex 26.0506 1.70745 0
      vertex 26.1065 0 4.1
      vertex 26.1065 0 0
    endloop
  endfacet
  facet normal 0.162905 0.986642 -0
    outer loop
      vertex 5.09313 25.6049 0
      vertex 3.40759 25.8832 4.1
      vertex 5.09313 25.6049 4.1
    endloop
  endfacet
  facet normal 0.162905 0.986642 0
    outer loop
      vertex 3.40759 25.8832 4.1
      vertex 5.09313 25.6049 0
      vertex 3.40759 25.8832 0
    endloop
  endfacet
  facet normal 0.0979886 -0.995188 0
    outer loop
      vertex 1.70745 -26.0506 0
      vertex 3.40759 -25.8832 4.1
      vertex 1.70745 -26.0506 4.1
    endloop
  endfacet
  facet normal 0.0979886 -0.995188 0
    outer loop
      vertex 3.40759 -25.8832 4.1
      vertex 1.70745 -26.0506 0
      vertex 3.40759 -25.8832 0
    endloop
  endfacet
  facet normal -0.0327213 0.999465 0
    outer loop
      vertex 0 26.1065 0
      vertex -1.70745 26.0506 4.1
      vertex 0 26.1065 4.1
    endloop
  endfacet
  facet normal -0.0327213 0.999465 0
    outer loop
      vertex -1.70745 26.0506 4.1
      vertex 0 26.1065 0
      vertex -1.70745 26.0506 0
    endloop
  endfacet
  facet normal 0.973881 0.22706 0
    outer loop
      vertex 25.6049 5.09313 4.1
      vertex 25.217 6.75687 0
      vertex 25.217 6.75687 4.1
    endloop
  endfacet
  facet normal 0.973881 0.22706 0
    outer loop
      vertex 25.217 6.75687 0
      vertex 25.6049 5.09313 4.1
      vertex 25.6049 5.09313 0
    endloop
  endfacet
  facet normal 0.956942 -0.290279 0
    outer loop
      vertex 24.7211 -8.39167 4.1
      vertex 25.217 -6.75687 0
      vertex 25.217 -6.75687 4.1
    endloop
  endfacet
  facet normal 0.956942 -0.290279 0
    outer loop
      vertex 25.217 -6.75687 0
      vertex 24.7211 -8.39167 4.1
      vertex 24.7211 -8.39167 0
    endloop
  endfacet
  facet normal 0.412735 -0.910851 0
    outer loop
      vertex 9.99054 -24.1193 0
      vertex 11.5466 -23.4142 4.1
      vertex 9.99054 -24.1193 4.1
    endloop
  endfacet
  facet normal 0.412735 -0.910851 0
    outer loop
      vertex 11.5466 -23.4142 4.1
      vertex 9.99054 -24.1193 0
      vertex 11.5466 -23.4142 0
    endloop
  endfacet
  facet normal -0.582467 0.812855 0
    outer loop
      vertex -14.504 21.7068 0
      vertex -15.8927 20.7117 4.1
      vertex -14.504 21.7068 4.1
    endloop
  endfacet
  facet normal -0.582467 0.812855 0
    outer loop
      vertex -15.8927 20.7117 4.1
      vertex -14.504 21.7068 0
      vertex -15.8927 20.7117 0
    endloop
  endfacet
  facet normal 0.849203 0.528066 0
    outer loop
      vertex 22.6089 13.0533 4.1
      vertex 21.7068 14.504 0
      vertex 21.7068 14.504 4.1
    endloop
  endfacet
  facet normal 0.849203 0.528066 0
    outer loop
      vertex 21.7068 14.504 0
      vertex 22.6089 13.0533 4.1
      vertex 22.6089 13.0533 0
    endloop
  endfacet
  facet normal 0.910851 0.412735 0
    outer loop
      vertex 24.1193 9.99054 4.1
      vertex 23.4142 11.5466 0
      vertex 23.4142 11.5466 4.1
    endloop
  endfacet
  facet normal 0.910851 0.412735 0
    outer loop
      vertex 23.4142 11.5466 0
      vertex 24.1193 9.99054 4.1
      vertex 24.1193 9.99054 0
    endloop
  endfacet
  facet normal 0.910851 -0.412735 0
    outer loop
      vertex 23.4142 -11.5466 4.1
      vertex 24.1193 -9.99054 0
      vertex 24.1193 -9.99054 4.1
    endloop
  endfacet
  facet normal 0.910851 -0.412735 0
    outer loop
      vertex 24.1193 -9.99054 0
      vertex 23.4142 -11.5466 4.1
      vertex 23.4142 -11.5466 0
    endloop
  endfacet
  facet normal -0.634426 -0.772984 0
    outer loop
      vertex -17.2132 -19.6279 0
      vertex -15.8927 -20.7117 4.1
      vertex -17.2132 -19.6279 4.1
    endloop
  endfacet
  facet normal -0.634426 -0.772984 -0
    outer loop
      vertex -15.8927 -20.7117 4.1
      vertex -17.2132 -19.6279 0
      vertex -15.8927 -20.7117 0
    endloop
  endfacet
  facet normal -0.849203 0.528066 0
    outer loop
      vertex -22.6089 13.0533 0
      vertex -21.7068 14.504 4.1
      vertex -21.7068 14.504 0
    endloop
  endfacet
  facet normal -0.849203 0.528066 0
    outer loop
      vertex -21.7068 14.504 4.1
      vertex -22.6089 13.0533 0
      vertex -22.6089 13.0533 4.1
    endloop
  endfacet
  facet normal 0.634426 0.772984 -0
    outer loop
      vertex 17.2132 19.6279 0
      vertex 15.8927 20.7117 4.1
      vertex 17.2132 19.6279 4.1
    endloop
  endfacet
  facet normal 0.634426 0.772984 0
    outer loop
      vertex 15.8927 20.7117 4.1
      vertex 17.2132 19.6279 0
      vertex 15.8927 20.7117 0
    endloop
  endfacet
  facet normal 0.935901 -0.352264 0
    outer loop
      vertex 24.1193 -9.99054 4.1
      vertex 24.7211 -8.39167 0
      vertex 24.7211 -8.39167 4.1
    endloop
  endfacet
  facet normal 0.935901 -0.352264 0
    outer loop
      vertex 24.7211 -8.39167 0
      vertex 24.1193 -9.99054 4.1
      vertex 24.1193 -9.99054 0
    endloop
  endfacet
  facet normal -0.772984 -0.634426 0
    outer loop
      vertex -19.6279 -17.2132 0
      vertex -20.7117 -15.8927 4.1
      vertex -20.7117 -15.8927 0
    endloop
  endfacet
  facet normal -0.772984 -0.634426 0
    outer loop
      vertex -20.7117 -15.8927 4.1
      vertex -19.6279 -17.2132 0
      vertex -19.6279 -17.2132 4.1
    endloop
  endfacet
  facet normal -0.881933 0.471375 0
    outer loop
      vertex -23.4142 11.5466 0
      vertex -22.6089 13.0533 4.1
      vertex -22.6089 13.0533 0
    endloop
  endfacet
  facet normal -0.881933 0.471375 0
    outer loop
      vertex -22.6089 13.0533 4.1
      vertex -23.4142 11.5466 0
      vertex -23.4142 11.5466 4.1
    endloop
  endfacet
  facet normal 0.582467 -0.812855 0
    outer loop
      vertex 14.504 -21.7068 0
      vertex 15.8927 -20.7117 4.1
      vertex 14.504 -21.7068 4.1
    endloop
  endfacet
  facet normal 0.582467 -0.812855 0
    outer loop
      vertex 15.8927 -20.7117 4.1
      vertex 14.504 -21.7068 0
      vertex 15.8927 -20.7117 0
    endloop
  endfacet
  facet normal -0.812855 -0.582467 0
    outer loop
      vertex -20.7117 -15.8927 0
      vertex -21.7068 -14.504 4.1
      vertex -21.7068 -14.504 0
    endloop
  endfacet
  facet normal -0.812855 -0.582467 0
    outer loop
      vertex -21.7068 -14.504 4.1
      vertex -20.7117 -15.8927 0
      vertex -20.7117 -15.8927 4.1
    endloop
  endfacet
  facet normal 0.956942 0.290279 0
    outer loop
      vertex 25.217 6.75687 4.1
      vertex 24.7211 8.39167 0
      vertex 24.7211 8.39167 4.1
    endloop
  endfacet
  facet normal 0.956942 0.290279 0
    outer loop
      vertex 24.7211 8.39167 0
      vertex 25.217 6.75687 4.1
      vertex 25.217 6.75687 0
    endloop
  endfacet
  facet normal 0.352264 0.935901 -0
    outer loop
      vertex 9.99054 24.1193 0
      vertex 8.39167 24.7211 4.1
      vertex 9.99054 24.1193 4.1
    endloop
  endfacet
  facet normal 0.352264 0.935901 0
    outer loop
      vertex 8.39167 24.7211 4.1
      vertex 9.99054 24.1193 0
      vertex 8.39167 24.7211 0
    endloop
  endfacet
  facet normal 0.162905 -0.986642 0
    outer loop
      vertex 3.40759 -25.8832 0
      vertex 5.09313 -25.6049 4.1
      vertex 3.40759 -25.8832 4.1
    endloop
  endfacet
  facet normal 0.162905 -0.986642 0
    outer loop
      vertex 5.09313 -25.6049 4.1
      vertex 3.40759 -25.8832 0
      vertex 5.09313 -25.6049 0
    endloop
  endfacet
  facet normal 0.683577 0.729878 -0
    outer loop
      vertex 18.4601 18.4601 0
      vertex 17.2132 19.6279 4.1
      vertex 18.4601 18.4601 4.1
    endloop
  endfacet
  facet normal 0.683577 0.729878 0
    outer loop
      vertex 17.2132 19.6279 4.1
      vertex 18.4601 18.4601 0
      vertex 17.2132 19.6279 0
    endloop
  endfacet
  facet normal 0.0327213 -0.999465 0
    outer loop
      vertex 0 -26.1065 0
      vertex 1.70745 -26.0506 4.1
      vertex 0 -26.1065 4.1
    endloop
  endfacet
  facet normal 0.0327213 -0.999465 0
    outer loop
      vertex 1.70745 -26.0506 4.1
      vertex 0 -26.1065 0
      vertex 1.70745 -26.0506 0
    endloop
  endfacet
  facet normal -0.634426 0.772984 0
    outer loop
      vertex -15.8927 20.7117 0
      vertex -17.2132 19.6279 4.1
      vertex -15.8927 20.7117 4.1
    endloop
  endfacet
  facet normal -0.634426 0.772984 0
    outer loop
      vertex -17.2132 19.6279 4.1
      vertex -15.8927 20.7117 0
      vertex -17.2132 19.6279 0
    endloop
  endfacet
  facet normal 0.812855 0.582467 0
    outer loop
      vertex 21.7068 14.504 4.1
      vertex 20.7117 15.8927 0
      vertex 20.7117 15.8927 4.1
    endloop
  endfacet
  facet normal 0.812855 0.582467 0
    outer loop
      vertex 20.7117 15.8927 0
      vertex 21.7068 14.504 4.1
      vertex 21.7068 14.504 0
    endloop
  endfacet
  facet normal 0.881933 -0.471375 0
    outer loop
      vertex 22.6089 -13.0533 4.1
      vertex 23.4142 -11.5466 0
      vertex 23.4142 -11.5466 4.1
    endloop
  endfacet
  facet normal 0.881933 -0.471375 0
    outer loop
      vertex 23.4142 -11.5466 0
      vertex 22.6089 -13.0533 4.1
      vertex 22.6089 -13.0533 0
    endloop
  endfacet
  facet normal 0.528066 -0.849203 0
    outer loop
      vertex 13.0533 -22.6089 0
      vertex 14.504 -21.7068 4.1
      vertex 13.0533 -22.6089 4.1
    endloop
  endfacet
  facet normal 0.528066 -0.849203 0
    outer loop
      vertex 14.504 -21.7068 4.1
      vertex 13.0533 -22.6089 0
      vertex 14.504 -21.7068 0
    endloop
  endfacet
  facet normal 0.352264 -0.935901 0
    outer loop
      vertex 8.39167 -24.7211 0
      vertex 9.99054 -24.1193 4.1
      vertex 8.39167 -24.7211 4.1
    endloop
  endfacet
  facet normal 0.352264 -0.935901 0
    outer loop
      vertex 9.99054 -24.1193 4.1
      vertex 8.39167 -24.7211 0
      vertex 9.99054 -24.1193 0
    endloop
  endfacet
  facet normal 0.634426 -0.772984 0
    outer loop
      vertex 15.8927 -20.7117 0
      vertex 17.2132 -19.6279 4.1
      vertex 15.8927 -20.7117 4.1
    endloop
  endfacet
  facet normal 0.634426 -0.772984 0
    outer loop
      vertex 17.2132 -19.6279 4.1
      vertex 15.8927 -20.7117 0
      vertex 17.2132 -19.6279 0
    endloop
  endfacet
  facet normal -0.986642 -0.162905 0
    outer loop
      vertex -25.6049 -5.09313 0
      vertex -25.8832 -3.40759 4.1
      vertex -25.8832 -3.40759 0
    endloop
  endfacet
  facet normal -0.986642 -0.162905 0
    outer loop
      vertex -25.8832 -3.40759 4.1
      vertex -25.6049 -5.09313 0
      vertex -25.6049 -5.09313 4.1
    endloop
  endfacet
  facet normal -0.935901 -0.352264 0
    outer loop
      vertex -24.1193 -9.99054 0
      vertex -24.7211 -8.39167 4.1
      vertex -24.7211 -8.39167 0
    endloop
  endfacet
  facet normal -0.935901 -0.352264 0
    outer loop
      vertex -24.7211 -8.39167 4.1
      vertex -24.1193 -9.99054 0
      vertex -24.1193 -9.99054 4.1
    endloop
  endfacet
  facet normal 0.986642 -0.162905 0
    outer loop
      vertex 25.6049 -5.09313 4.1
      vertex 25.8832 -3.40759 0
      vertex 25.8832 -3.40759 4.1
    endloop
  endfacet
  facet normal 0.986642 -0.162905 0
    outer loop
      vertex 25.8832 -3.40759 0
      vertex 25.6049 -5.09313 4.1
      vertex 25.6049 -5.09313 0
    endloop
  endfacet
  facet normal 0.22706 -0.973881 0
    outer loop
      vertex 5.09313 -25.6049 0
      vertex 6.75687 -25.217 4.1
      vertex 5.09313 -25.6049 4.1
    endloop
  endfacet
  facet normal 0.22706 -0.973881 0
    outer loop
      vertex 6.75687 -25.217 4.1
      vertex 5.09313 -25.6049 0
      vertex 6.75687 -25.217 0
    endloop
  endfacet
  facet normal 0.683577 -0.729878 0
    outer loop
      vertex 17.2132 -19.6279 0
      vertex 18.4601 -18.4601 4.1
      vertex 17.2132 -19.6279 4.1
    endloop
  endfacet
  facet normal 0.683577 -0.729878 0
    outer loop
      vertex 18.4601 -18.4601 4.1
      vertex 17.2132 -19.6279 0
      vertex 18.4601 -18.4601 0
    endloop
  endfacet
  facet normal -0.956942 0.290279 0
    outer loop
      vertex -25.217 6.75687 0
      vertex -24.7211 8.39167 4.1
      vertex -24.7211 8.39167 0
    endloop
  endfacet
  facet normal -0.956942 0.290279 0
    outer loop
      vertex -24.7211 8.39167 4.1
      vertex -25.217 6.75687 0
      vertex -25.217 6.75687 4.1
    endloop
  endfacet
  facet normal -0.729878 0.683577 0
    outer loop
      vertex -19.6279 17.2132 0
      vertex -18.4601 18.4601 4.1
      vertex -18.4601 18.4601 0
    endloop
  endfacet
  facet normal -0.729878 0.683577 0
    outer loop
      vertex -18.4601 18.4601 4.1
      vertex -19.6279 17.2132 0
      vertex -19.6279 17.2132 4.1
    endloop
  endfacet
  facet normal 0.772984 -0.634426 0
    outer loop
      vertex 19.6279 -17.2132 4.1
      vertex 20.7117 -15.8927 0
      vertex 20.7117 -15.8927 4.1
    endloop
  endfacet
  facet normal 0.772984 -0.634426 0
    outer loop
      vertex 20.7117 -15.8927 0
      vertex 19.6279 -17.2132 4.1
      vertex 19.6279 -17.2132 0
    endloop
  endfacet
  facet normal 0.812855 -0.582467 0
    outer loop
      vertex 20.7117 -15.8927 4.1
      vertex 21.7068 -14.504 0
      vertex 21.7068 -14.504 4.1
    endloop
  endfacet
  facet normal 0.812855 -0.582467 0
    outer loop
      vertex 21.7068 -14.504 0
      vertex 20.7117 -15.8927 4.1
      vertex 20.7117 -15.8927 0
    endloop
  endfacet
  facet normal 0.412735 0.910851 -0
    outer loop
      vertex 11.5466 23.4142 0
      vertex 9.99054 24.1193 4.1
      vertex 11.5466 23.4142 4.1
    endloop
  endfacet
  facet normal 0.412735 0.910851 0
    outer loop
      vertex 9.99054 24.1193 4.1
      vertex 11.5466 23.4142 0
      vertex 9.99054 24.1193 0
    endloop
  endfacet
  facet normal -0.910851 0.412735 0
    outer loop
      vertex -24.1193 9.99054 0
      vertex -23.4142 11.5466 4.1
      vertex -23.4142 11.5466 0
    endloop
  endfacet
  facet normal -0.910851 0.412735 0
    outer loop
      vertex -23.4142 11.5466 4.1
      vertex -24.1193 9.99054 0
      vertex -24.1193 9.99054 4.1
    endloop
  endfacet
  facet normal 0.471375 0.881933 -0
    outer loop
      vertex 13.0533 22.6089 0
      vertex 11.5466 23.4142 4.1
      vertex 13.0533 22.6089 4.1
    endloop
  endfacet
  facet normal 0.471375 0.881933 0
    outer loop
      vertex 11.5466 23.4142 4.1
      vertex 13.0533 22.6089 0
      vertex 11.5466 23.4142 0
    endloop
  endfacet
  facet normal 0.528066 0.849203 -0
    outer loop
      vertex 14.504 21.7068 0
      vertex 13.0533 22.6089 4.1
      vertex 14.504 21.7068 4.1
    endloop
  endfacet
  facet normal 0.528066 0.849203 0
    outer loop
      vertex 13.0533 22.6089 4.1
      vertex 14.504 21.7068 0
      vertex 13.0533 22.6089 0
    endloop
  endfacet
  facet normal -0.352264 0.935901 0
    outer loop
      vertex -8.39167 24.7211 0
      vertex -9.99054 24.1193 4.1
      vertex -8.39167 24.7211 4.1
    endloop
  endfacet
  facet normal -0.352264 0.935901 0
    outer loop
      vertex -9.99054 24.1193 4.1
      vertex -8.39167 24.7211 0
      vertex -9.99054 24.1193 0
    endloop
  endfacet
  facet normal 0.881933 0.471375 0
    outer loop
      vertex 23.4142 11.5466 4.1
      vertex 22.6089 13.0533 0
      vertex 22.6089 13.0533 4.1
    endloop
  endfacet
  facet normal 0.881933 0.471375 0
    outer loop
      vertex 22.6089 13.0533 0
      vertex 23.4142 11.5466 4.1
      vertex 23.4142 11.5466 0
    endloop
  endfacet
  facet normal -0.935901 0.352264 0
    outer loop
      vertex -24.7211 8.39167 0
      vertex -24.1193 9.99054 4.1
      vertex -24.1193 9.99054 0
    endloop
  endfacet
  facet normal -0.935901 0.352264 0
    outer loop
      vertex -24.1193 9.99054 4.1
      vertex -24.7211 8.39167 0
      vertex -24.7211 8.39167 4.1
    endloop
  endfacet
  facet normal 0 0 1
    outer loop
      vertex 23.1065 0 4.1
      vertex 26.1065 0 4.1
      vertex 26.0506 1.70745 4.1
    endloop
  endfacet
  facet normal 0 0 1
    outer loop
      vertex 23.0571 1.51124 4.1
      vertex 26.0506 1.70745 4.1
      vertex 25.8832 3.40759 4.1
    endloop
  endfacet
  facet normal 0 0 1
    outer loop
      vertex 26.1065 0 4.1
      vertex 23.1065 0 4.1
      vertex 26.0506 -1.70745 4.1
    endloop
  endfacet
  facet normal 0 0 1
    outer loop
      vertex 22.9089 3.01601 4.1
      vertex 25.8832 3.40759 4.1
      vertex 25.6049 5.09313 4.1
    endloop
  endfacet
  facet normal -0 0 1
    outer loop
      vertex 23.0571 -1.51124 4.1
      vertex 26.0506 -1.70745 4.1
      vertex 23.1065 0 4.1
    endloop
  endfacet
  facet normal 0 0 1
    outer loop
      vertex 22.6626 4.50786 4.1
      vertex 25.6049 5.09313 4.1
      vertex 25.217 6.75687 4.1
    endloop
  endfacet
  facet normal 0 0 1
    outer loop
      vertex 26.0506 -1.70745 4.1
      vertex 23.0571 -1.51124 4.1
      vertex 25.8832 -3.40759 4.1
    endloop
  endfacet
  facet normal 0 0 1
    outer loop
      vertex 22.3192 5.98041 4.1
      vertex 25.217 6.75687 4.1
      vertex 24.7211 8.39167 4.1
    endloop
  endfacet
  facet normal -0 0 1
    outer loop
      vertex 22.9089 -3.01601 4.1
      vertex 25.8832 -3.40759 4.1
      vertex 23.0571 -1.51124 4.1
    endloop
  endfacet
  facet normal 0 0 1
    outer loop
      vertex 21.8803 7.42735 4.1
      vertex 24.7211 8.39167 4.1
      vertex 24.1193 9.99054 4.1
    endloop
  endfacet
  facet normal 0 0 1
    outer loop
      vertex 25.8832 -3.40759 4.1
      vertex 22.9089 -3.01601 4.1
      vertex 25.6049 -5.09313 4.1
    endloop
  endfacet
  facet normal 0 0 1
    outer loop
      vertex 21.3477 8.84249 4.1
      vertex 24.1193 9.99054 4.1
      vertex 23.4142 11.5466 4.1
    endloop
  endfacet
  facet normal -0 0 1
    outer loop
      vertex 22.6626 -4.50786 4.1
      vertex 25.6049 -5.09313 4.1
      vertex 22.9089 -3.01601 4.1
    endloop
  endfacet
  facet normal 0 0 1
    outer loop
      vertex 25.6049 -5.09313 4.1
      vertex 22.6626 -4.50786 4.1
      vertex 25.217 -6.75687 4.1
    endloop
  endfacet
  facet normal 0 0 1
    outer loop
      vertex 26.0506 1.70745 4.1
      vertex 23.0571 1.51124 4.1
      vertex 23.1065 0 4.1
    endloop
  endfacet
  facet normal 0 0 1
    outer loop
      vertex 25.8832 3.40759 4.1
      vertex 22.9089 3.01601 4.1
      vertex 23.0571 1.51124 4.1
    endloop
  endfacet
  facet normal 0 0 1
    outer loop
      vertex 25.6049 5.09313 4.1
      vertex 22.6626 4.50786 4.1
      vertex 22.9089 3.01601 4.1
    endloop
  endfacet
  facet normal 0 0 1
    outer loop
      vertex 20.7236 10.2198 4.1
      vertex 23.4142 11.5466 4.1
      vertex 22.6089 13.0533 4.1
    endloop
  endfacet
  facet normal 0 0 1
    outer loop
      vertex 25.217 6.75687 4.1
      vertex 22.3192 5.98041 4.1
      vertex 22.6626 4.50786 4.1
    endloop
  endfacet
  facet normal 0 0 1
    outer loop
      vertex 24.7211 8.39167 4.1
      vertex 21.8803 7.42735 4.1
      vertex 22.3192 5.98041 4.1
    endloop
  endfacet
  facet normal 0 0 1
    outer loop
      vertex 20.0108 11.5533 4.1
      vertex 22.6089 13.0533 4.1
      vertex 21.7068 14.504 4.1
    endloop
  endfacet
  facet normal 0 0 1
    outer loop
      vertex 24.1193 9.99054 4.1
      vertex 21.3477 8.84249 4.1
      vertex 21.8803 7.42735 4.1
    endloop
  endfacet
  facet normal 0 0 1
    outer loop
      vertex 23.4142 11.5466 4.1
      vertex 20.7236 10.2198 4.1
      vertex 21.3477 8.84249 4.1
    endloop
  endfacet
  facet normal 0 0 1
    outer loop
      vertex 19.2124 12.8373 4.1
      vertex 21.7068 14.504 4.1
      vertex 20.7117 15.8927 4.1
    endloop
  endfacet
  facet normal 0 0 1
    outer loop
      vertex 22.6089 13.0533 4.1
      vertex 20.0108 11.5533 4.1
      vertex 20.7236 10.2198 4.1
    endloop
  endfacet
  facet normal 0 0 1
    outer loop
      vertex 18.3316 14.0664 4.1
      vertex 20.7117 15.8927 4.1
      vertex 19.6279 17.2132 4.1
    endloop
  endfacet
  facet normal 0 0 1
    outer loop
      vertex 21.7068 14.504 4.1
      vertex 19.2124 12.8373 4.1
      vertex 20.0108 11.5533 4.1
    endloop
  endfacet
  facet normal 0 0 1
    outer loop
      vertex 17.3724 15.2352 4.1
      vertex 19.6279 17.2132 4.1
      vertex 18.4601 18.4601 4.1
    endloop
  endfacet
  facet normal 0 0 1
    outer loop
      vertex 20.7117 15.8927 4.1
      vertex 18.3316 14.0664 4.1
      vertex 19.2124 12.8373 4.1
    endloop
  endfacet
  facet normal 0 0 1
    outer loop
      vertex 19.6279 17.2132 4.1
      vertex 17.3724 15.2352 4.1
      vertex 18.3316 14.0664 4.1
    endloop
  endfacet
  facet normal 0 0 1
    outer loop
      vertex 16.3388 16.3388 4.1
      vertex 18.4601 18.4601 4.1
      vertex 17.2132 19.6279 4.1
    endloop
  endfacet
  facet normal 0 0 1
    outer loop
      vertex 18.4601 18.4601 4.1
      vertex 16.3388 16.3388 4.1
      vertex 17.3724 15.2352 4.1
    endloop
  endfacet
  facet normal 0 0 1
    outer loop
      vertex 15.2352 17.3724 4.1
      vertex 17.2132 19.6279 4.1
      vertex 15.8927 20.7117 4.1
    endloop
  endfacet
  facet normal 0 0 1
    outer loop
      vertex 17.2132 19.6279 4.1
      vertex 15.2352 17.3724 4.1
      vertex 16.3388 16.3388 4.1
    endloop
  endfacet
  facet normal 0 0 1
    outer loop
      vertex 14.0664 18.3316 4.1
      vertex 15.8927 20.7117 4.1
      vertex 14.504 21.7068 4.1
    endloop
  endfacet
  facet normal 0 0 1
    outer loop
      vertex 15.8927 20.7117 4.1
      vertex 14.0664 18.3316 4.1
      vertex 15.2352 17.3724 4.1
    endloop
  endfacet
  facet normal 0 0 1
    outer loop
      vertex 12.8373 19.2124 4.1
      vertex 14.504 21.7068 4.1
      vertex 13.0533 22.6089 4.1
    endloop
  endfacet
  facet normal 0 0 1
    outer loop
      vertex 14.504 21.7068 4.1
      vertex 12.8373 19.2124 4.1
      vertex 14.0664 18.3316 4.1
    endloop
  endfacet
  facet normal 0 0 1
    outer loop
      vertex 13.0533 22.6089 4.1
      vertex 11.5533 20.0108 4.1
      vertex 12.8373 19.2124 4.1
    endloop
  endfacet
  facet normal 0 0 1
    outer loop
      vertex 11.5466 23.4142 4.1
      vertex 11.5533 20.0108 4.1
      vertex 13.0533 22.6089 4.1
    endloop
  endfacet
  facet normal 0 0 1
    outer loop
      vertex 11.5466 23.4142 4.1
      vertex 10.2198 20.7236 4.1
      vertex 11.5533 20.0108 4.1
    endloop
  endfacet
  facet normal 0 0 1
    outer loop
      vertex 9.99054 24.1193 4.1
      vertex 10.2198 20.7236 4.1
      vertex 11.5466 23.4142 4.1
    endloop
  endfacet
  facet normal 0 0 1
    outer loop
      vertex 9.99054 24.1193 4.1
      vertex 8.84249 21.3477 4.1
      vertex 10.2198 20.7236 4.1
    endloop
  endfacet
  facet normal 0 0 1
    outer loop
      vertex 8.39167 24.7211 4.1
      vertex 8.84249 21.3477 4.1
      vertex 9.99054 24.1193 4.1
    endloop
  endfacet
  facet normal 0 0 1
    outer loop
      vertex 8.39167 24.7211 4.1
      vertex 7.42735 21.8803 4.1
      vertex 8.84249 21.3477 4.1
    endloop
  endfacet
  facet normal 0 0 1
    outer loop
      vertex 6.75687 25.217 4.1
      vertex 7.42735 21.8803 4.1
      vertex 8.39167 24.7211 4.1
    endloop
  endfacet
  facet normal 0 0 1
    outer loop
      vertex 6.75687 25.217 4.1
      vertex 5.98041 22.3192 4.1
      vertex 7.42735 21.8803 4.1
    endloop
  endfacet
  facet normal 0 0 1
    outer loop
      vertex 5.09313 25.6049 4.1
      vertex 5.98041 22.3192 4.1
      vertex 6.75687 25.217 4.1
    endloop
  endfacet
  facet normal 0 0 1
    outer loop
      vertex 5.09313 25.6049 4.1
      vertex 4.50786 22.6626 4.1
      vertex 5.98041 22.3192 4.1
    endloop
  endfacet
  facet normal 0 0 1
    outer loop
      vertex 3.40759 25.8832 4.1
      vertex 4.50786 22.6626 4.1
      vertex 5.09313 25.6049 4.1
    endloop
  endfacet
  facet normal 0 0 1
    outer loop
      vertex 3.40759 25.8832 4.1
      vertex 3.01601 22.9089 4.1
      vertex 4.50786 22.6626 4.1
    endloop
  endfacet
  facet normal 0 0 1
    outer loop
      vertex 1.70745 26.0506 4.1
      vertex 3.01601 22.9089 4.1
      vertex 3.40759 25.8832 4.1
    endloop
  endfacet
  facet normal 0 0 1
    outer loop
      vertex 1.70745 26.0506 4.1
      vertex 1.51124 23.0571 4.1
      vertex 3.01601 22.9089 4.1
    endloop
  endfacet
  facet normal 0 0 1
    outer loop
      vertex 0 26.1065 4.1
      vertex 1.51124 23.0571 4.1
      vertex 1.70745 26.0506 4.1
    endloop
  endfacet
  facet normal 0 0 1
    outer loop
      vertex 0 26.1065 4.1
      vertex 0 23.1065 4.1
      vertex 1.51124 23.0571 4.1
    endloop
  endfacet
  facet normal 0 0 1
    outer loop
      vertex 0 26.1065 4.1
      vertex -1.51124 23.0571 4.1
      vertex 0 23.1065 4.1
    endloop
  endfacet
  facet normal -0 0 1
    outer loop
      vertex -1.70745 26.0506 4.1
      vertex -1.51124 23.0571 4.1
      vertex 0 26.1065 4.1
    endloop
  endfacet
  facet normal 0 0 1
    outer loop
      vertex -1.70745 26.0506 4.1
      vertex -3.01601 22.9089 4.1
      vertex -1.51124 23.0571 4.1
    endloop
  endfacet
  facet normal -0 0 1
    outer loop
      vertex -3.40759 25.8832 4.1
      vertex -3.01601 22.9089 4.1
      vertex -1.70745 26.0506 4.1
    endloop
  endfacet
  facet normal 0 0 1
    outer loop
      vertex -3.40759 25.8832 4.1
      vertex -4.50786 22.6626 4.1
      vertex -3.01601 22.9089 4.1
    endloop
  endfacet
  facet normal -0 0 1
    outer loop
      vertex -5.09313 25.6049 4.1
      vertex -4.50786 22.6626 4.1
      vertex -3.40759 25.8832 4.1
    endloop
  endfacet
  facet normal 0 0 1
    outer loop
      vertex -5.09313 25.6049 4.1
      vertex -5.98041 22.3192 4.1
      vertex -4.50786 22.6626 4.1
    endloop
  endfacet
  facet normal -0 0 1
    outer loop
      vertex -6.75687 25.217 4.1
      vertex -5.98041 22.3192 4.1
      vertex -5.09313 25.6049 4.1
    endloop
  endfacet
  facet normal 0 0 1
    outer loop
      vertex -6.75687 25.217 4.1
      vertex -7.42735 21.8803 4.1
      vertex -5.98041 22.3192 4.1
    endloop
  endfacet
  facet normal -0 0 1
    outer loop
      vertex -8.39167 24.7211 4.1
      vertex -7.42735 21.8803 4.1
      vertex -6.75687 25.217 4.1
    endloop
  endfacet
  facet normal 0 0 1
    outer loop
      vertex -8.39167 24.7211 4.1
      vertex -8.84249 21.3477 4.1
      vertex -7.42735 21.8803 4.1
    endloop
  endfacet
  facet normal -0 0 1
    outer loop
      vertex -9.99054 24.1193 4.1
      vertex -8.84249 21.3477 4.1
      vertex -8.39167 24.7211 4.1
    endloop
  endfacet
  facet normal 0 0 1
    outer loop
      vertex -9.99054 24.1193 4.1
      vertex -10.2198 20.7236 4.1
      vertex -8.84249 21.3477 4.1
    endloop
  endfacet
  facet normal -0 0 1
    outer loop
      vertex -11.5466 23.4142 4.1
      vertex -10.2198 20.7236 4.1
      vertex -9.99054 24.1193 4.1
    endloop
  endfacet
  facet normal 0 0 1
    outer loop
      vertex -11.5466 23.4142 4.1
      vertex -11.5533 20.0108 4.1
      vertex -10.2198 20.7236 4.1
    endloop
  endfacet
  facet normal -0 0 1
    outer loop
      vertex -13.0533 22.6089 4.1
      vertex -11.5533 20.0108 4.1
      vertex -11.5466 23.4142 4.1
    endloop
  endfacet
  facet normal 0 0 1
    outer loop
      vertex -11.5533 20.0108 4.1
      vertex -13.0533 22.6089 4.1
      vertex -12.8373 19.2124 4.1
    endloop
  endfacet
  facet normal -0 0 1
    outer loop
      vertex -14.504 21.7068 4.1
      vertex -12.8373 19.2124 4.1
      vertex -13.0533 22.6089 4.1
    endloop
  endfacet
  facet normal 0 0 1
    outer loop
      vertex -12.8373 19.2124 4.1
      vertex -14.504 21.7068 4.1
      vertex -14.0664 18.3316 4.1
    endloop
  endfacet
  facet normal -0 0 1
    outer loop
      vertex -15.8927 20.7117 4.1
      vertex -14.0664 18.3316 4.1
      vertex -14.504 21.7068 4.1
    endloop
  endfacet
  facet normal 0 0 1
    outer loop
      vertex -14.0664 18.3316 4.1
      vertex -15.8927 20.7117 4.1
      vertex -15.2352 17.3724 4.1
    endloop
  endfacet
  facet normal -0 0 1
    outer loop
      vertex -17.2132 19.6279 4.1
      vertex -15.2352 17.3724 4.1
      vertex -15.8927 20.7117 4.1
    endloop
  endfacet
  facet normal 0 0 1
    outer loop
      vertex -15.2352 17.3724 4.1
      vertex -17.2132 19.6279 4.1
      vertex -16.3388 16.3388 4.1
    endloop
  endfacet
  facet normal -0 0 1
    outer loop
      vertex -18.4601 18.4601 4.1
      vertex -16.3388 16.3388 4.1
      vertex -17.2132 19.6279 4.1
    endloop
  endfacet
  facet normal 0 0 1
    outer loop
      vertex -16.3388 16.3388 4.1
      vertex -18.4601 18.4601 4.1
      vertex -17.3724 15.2352 4.1
    endloop
  endfacet
  facet normal -0 0 1
    outer loop
      vertex -19.6279 17.2132 4.1
      vertex -17.3724 15.2352 4.1
      vertex -18.4601 18.4601 4.1
    endloop
  endfacet
  facet normal 0 0 1
    outer loop
      vertex -17.3724 15.2352 4.1
      vertex -19.6279 17.2132 4.1
      vertex -18.3316 14.0664 4.1
    endloop
  endfacet
  facet normal -0 0 1
    outer loop
      vertex -20.7117 15.8927 4.1
      vertex -18.3316 14.0664 4.1
      vertex -19.6279 17.2132 4.1
    endloop
  endfacet
  facet normal 0 0 1
    outer loop
      vertex -18.3316 14.0664 4.1
      vertex -20.7117 15.8927 4.1
      vertex -19.2124 12.8373 4.1
    endloop
  endfacet
  facet normal -0 0 1
    outer loop
      vertex -21.7068 14.504 4.1
      vertex -19.2124 12.8373 4.1
      vertex -20.7117 15.8927 4.1
    endloop
  endfacet
  facet normal 0 0 1
    outer loop
      vertex -19.2124 12.8373 4.1
      vertex -21.7068 14.504 4.1
      vertex -20.0108 11.5533 4.1
    endloop
  endfacet
  facet normal -0 0 1
    outer loop
      vertex -22.6089 13.0533 4.1
      vertex -20.0108 11.5533 4.1
      vertex -21.7068 14.504 4.1
    endloop
  endfacet
  facet normal 0 0 1
    outer loop
      vertex -20.0108 11.5533 4.1
      vertex -22.6089 13.0533 4.1
      vertex -20.7236 10.2198 4.1
    endloop
  endfacet
  facet normal -0 0 1
    outer loop
      vertex -23.4142 11.5466 4.1
      vertex -20.7236 10.2198 4.1
      vertex -22.6089 13.0533 4.1
    endloop
  endfacet
  facet normal 0 0 1
    outer loop
      vertex -20.7236 10.2198 4.1
      vertex -23.4142 11.5466 4.1
      vertex -21.3477 8.84249 4.1
    endloop
  endfacet
  facet normal -0 0 1
    outer loop
      vertex -24.1193 9.99054 4.1
      vertex -21.3477 8.84249 4.1
      vertex -23.4142 11.5466 4.1
    endloop
  endfacet
  facet normal 0 0 1
    outer loop
      vertex -21.3477 8.84249 4.1
      vertex -24.1193 9.99054 4.1
      vertex -21.8803 7.42735 4.1
    endloop
  endfacet
  facet normal -0 0 1
    outer loop
      vertex -24.7211 8.39167 4.1
      vertex -21.8803 7.42735 4.1
      vertex -24.1193 9.99054 4.1
    endloop
  endfacet
  facet normal 0 0 1
    outer loop
      vertex -21.8803 7.42735 4.1
      vertex -24.7211 8.39167 4.1
      vertex -22.3192 5.98041 4.1
    endloop
  endfacet
  facet normal 0 0 1
    outer loop
      vertex -22.3192 5.98041 4.1
      vertex -25.217 6.75687 4.1
      vertex -22.6626 4.50786 4.1
    endloop
  endfacet
  facet normal -0 0 1
    outer loop
      vertex -25.217 6.75687 4.1
      vertex -22.3192 5.98041 4.1
      vertex -24.7211 8.39167 4.1
    endloop
  endfacet
  facet normal -0 0 1
    outer loop
      vertex 22.3192 -5.98041 4.1
      vertex 25.217 -6.75687 4.1
      vertex 22.6626 -4.50786 4.1
    endloop
  endfacet
  facet normal 0 0 1
    outer loop
      vertex 25.217 -6.75687 4.1
      vertex 22.3192 -5.98041 4.1
      vertex 24.7211 -8.39167 4.1
    endloop
  endfacet
  facet normal -0 0 1
    outer loop
      vertex 21.8803 -7.42735 4.1
      vertex 24.7211 -8.39167 4.1
      vertex 22.3192 -5.98041 4.1
    endloop
  endfacet
  facet normal 0 0 1
    outer loop
      vertex 24.7211 -8.39167 4.1
      vertex 21.8803 -7.42735 4.1
      vertex 24.1193 -9.99054 4.1
    endloop
  endfacet
  facet normal -0 0 1
    outer loop
      vertex 21.3477 -8.84249 4.1
      vertex 24.1193 -9.99054 4.1
      vertex 21.8803 -7.42735 4.1
    endloop
  endfacet
  facet normal 0 0 1
    outer loop
      vertex 24.1193 -9.99054 4.1
      vertex 21.3477 -8.84249 4.1
      vertex 23.4142 -11.5466 4.1
    endloop
  endfacet
  facet normal -0 0 1
    outer loop
      vertex 20.7236 -10.2198 4.1
      vertex 23.4142 -11.5466 4.1
      vertex 21.3477 -8.84249 4.1
    endloop
  endfacet
  facet normal 0 0 1
    outer loop
      vertex 23.4142 -11.5466 4.1
      vertex 20.7236 -10.2198 4.1
      vertex 22.6089 -13.0533 4.1
    endloop
  endfacet
  facet normal -0 0 1
    outer loop
      vertex 20.0108 -11.5533 4.1
      vertex 22.6089 -13.0533 4.1
      vertex 20.7236 -10.2198 4.1
    endloop
  endfacet
  facet normal 0 0 1
    outer loop
      vertex 22.6089 -13.0533 4.1
      vertex 20.0108 -11.5533 4.1
      vertex 21.7068 -14.504 4.1
    endloop
  endfacet
  facet normal -0 0 1
    outer loop
      vertex 19.2124 -12.8373 4.1
      vertex 21.7068 -14.504 4.1
      vertex 20.0108 -11.5533 4.1
    endloop
  endfacet
  facet normal 0 0 1
    outer loop
      vertex 21.7068 -14.504 4.1
      vertex 19.2124 -12.8373 4.1
      vertex 20.7117 -15.8927 4.1
    endloop
  endfacet
  facet normal -0 0 1
    outer loop
      vertex 18.3316 -14.0664 4.1
      vertex 20.7117 -15.8927 4.1
      vertex 19.2124 -12.8373 4.1
    endloop
  endfacet
  facet normal 0 0 1
    outer loop
      vertex 20.7117 -15.8927 4.1
      vertex 18.3316 -14.0664 4.1
      vertex 19.6279 -17.2132 4.1
    endloop
  endfacet
  facet normal -0 0 1
    outer loop
      vertex 17.3724 -15.2352 4.1
      vertex 19.6279 -17.2132 4.1
      vertex 18.3316 -14.0664 4.1
    endloop
  endfacet
  facet normal 0 0 1
    outer loop
      vertex 19.6279 -17.2132 4.1
      vertex 17.3724 -15.2352 4.1
      vertex 18.4601 -18.4601 4.1
    endloop
  endfacet
  facet normal -0 0 1
    outer loop
      vertex 16.3388 -16.3388 4.1
      vertex 18.4601 -18.4601 4.1
      vertex 17.3724 -15.2352 4.1
    endloop
  endfacet
  facet normal 0 0 1
    outer loop
      vertex 18.4601 -18.4601 4.1
      vertex 16.3388 -16.3388 4.1
      vertex 17.2132 -19.6279 4.1
    endloop
  endfacet
  facet normal -0 0 1
    outer loop
      vertex 15.2352 -17.3724 4.1
      vertex 17.2132 -19.6279 4.1
      vertex 16.3388 -16.3388 4.1
    endloop
  endfacet
  facet normal 0 0 1
    outer loop
      vertex 17.2132 -19.6279 4.1
      vertex 15.2352 -17.3724 4.1
      vertex 15.8927 -20.7117 4.1
    endloop
  endfacet
  facet normal -0 0 1
    outer loop
      vertex 14.0664 -18.3316 4.1
      vertex 15.8927 -20.7117 4.1
      vertex 15.2352 -17.3724 4.1
    endloop
  endfacet
  facet normal 0 0 1
    outer loop
      vertex 15.8927 -20.7117 4.1
      vertex 14.0664 -18.3316 4.1
      vertex 14.504 -21.7068 4.1
    endloop
  endfacet
  facet normal -0 0 1
    outer loop
      vertex 12.8373 -19.2124 4.1
      vertex 14.504 -21.7068 4.1
      vertex 14.0664 -18.3316 4.1
    endloop
  endfacet
  facet normal 0 0 1
    outer loop
      vertex 14.504 -21.7068 4.1
      vertex 12.8373 -19.2124 4.1
      vertex 13.0533 -22.6089 4.1
    endloop
  endfacet
  facet normal -0 0 1
    outer loop
      vertex 11.5533 -20.0108 4.1
      vertex 13.0533 -22.6089 4.1
      vertex 12.8373 -19.2124 4.1
    endloop
  endfacet
  facet normal 0 0 1
    outer loop
      vertex 11.5533 -20.0108 4.1
      vertex 11.5466 -23.4142 4.1
      vertex 13.0533 -22.6089 4.1
    endloop
  endfacet
  facet normal -0 0 1
    outer loop
      vertex 10.2198 -20.7236 4.1
      vertex 11.5466 -23.4142 4.1
      vertex 11.5533 -20.0108 4.1
    endloop
  endfacet
  facet normal 0 0 1
    outer loop
      vertex 10.2198 -20.7236 4.1
      vertex 9.99054 -24.1193 4.1
      vertex 11.5466 -23.4142 4.1
    endloop
  endfacet
  facet normal -0 0 1
    outer loop
      vertex 8.84249 -21.3477 4.1
      vertex 9.99054 -24.1193 4.1
      vertex 10.2198 -20.7236 4.1
    endloop
  endfacet
  facet normal 0 0 1
    outer loop
      vertex 8.84249 -21.3477 4.1
      vertex 8.39167 -24.7211 4.1
      vertex 9.99054 -24.1193 4.1
    endloop
  endfacet
  facet normal -0 0 1
    outer loop
      vertex 7.42735 -21.8803 4.1
      vertex 8.39167 -24.7211 4.1
      vertex 8.84249 -21.3477 4.1
    endloop
  endfacet
  facet normal 0 0 1
    outer loop
      vertex 7.42735 -21.8803 4.1
      vertex 6.75687 -25.217 4.1
      vertex 8.39167 -24.7211 4.1
    endloop
  endfacet
  facet normal -0 0 1
    outer loop
      vertex 5.98041 -22.3192 4.1
      vertex 6.75687 -25.217 4.1
      vertex 7.42735 -21.8803 4.1
    endloop
  endfacet
  facet normal 0 0 1
    outer loop
      vertex 5.98041 -22.3192 4.1
      vertex 5.09313 -25.6049 4.1
      vertex 6.75687 -25.217 4.1
    endloop
  endfacet
  facet normal -0 0 1
    outer loop
      vertex 4.50786 -22.6626 4.1
      vertex 5.09313 -25.6049 4.1
      vertex 5.98041 -22.3192 4.1
    endloop
  endfacet
  facet normal 0 0 1
    outer loop
      vertex 4.50786 -22.6626 4.1
      vertex 3.40759 -25.8832 4.1
      vertex 5.09313 -25.6049 4.1
    endloop
  endfacet
  facet normal -0 0 1
    outer loop
      vertex 3.01601 -22.9089 4.1
      vertex 3.40759 -25.8832 4.1
      vertex 4.50786 -22.6626 4.1
    endloop
  endfacet
  facet normal 0 0 1
    outer loop
      vertex 3.01601 -22.9089 4.1
      vertex 1.70745 -26.0506 4.1
      vertex 3.40759 -25.8832 4.1
    endloop
  endfacet
  facet normal -0 0 1
    outer loop
      vertex 1.51124 -23.0571 4.1
      vertex 1.70745 -26.0506 4.1
      vertex 3.01601 -22.9089 4.1
    endloop
  endfacet
  facet normal -0 0 1
    outer loop
      vertex 0 -23.1065 4.1
      vertex 1.70745 -26.0506 4.1
      vertex 1.51124 -23.0571 4.1
    endloop
  endfacet
  facet normal 0 0 1
    outer loop
      vertex 0 -23.1065 4.1
      vertex 0 -26.1065 4.1
      vertex 1.70745 -26.0506 4.1
    endloop
  endfacet
  facet normal 0 0 1
    outer loop
      vertex -1.51124 -23.0571 4.1
      vertex 0 -26.1065 4.1
      vertex 0 -23.1065 4.1
    endloop
  endfacet
  facet normal 0 0 1
    outer loop
      vertex -1.51124 -23.0571 4.1
      vertex -1.70745 -26.0506 4.1
      vertex 0 -26.1065 4.1
    endloop
  endfacet
  facet normal 0 0 1
    outer loop
      vertex -3.01601 -22.9089 4.1
      vertex -1.70745 -26.0506 4.1
      vertex -1.51124 -23.0571 4.1
    endloop
  endfacet
  facet normal 0 0 1
    outer loop
      vertex -3.01601 -22.9089 4.1
      vertex -3.40759 -25.8832 4.1
      vertex -1.70745 -26.0506 4.1
    endloop
  endfacet
  facet normal 0 0 1
    outer loop
      vertex -4.50786 -22.6626 4.1
      vertex -3.40759 -25.8832 4.1
      vertex -3.01601 -22.9089 4.1
    endloop
  endfacet
  facet normal 0 0 1
    outer loop
      vertex -4.50786 -22.6626 4.1
      vertex -5.09313 -25.6049 4.1
      vertex -3.40759 -25.8832 4.1
    endloop
  endfacet
  facet normal 0 0 1
    outer loop
      vertex -5.98041 -22.3192 4.1
      vertex -5.09313 -25.6049 4.1
      vertex -4.50786 -22.6626 4.1
    endloop
  endfacet
  facet normal 0 0 1
    outer loop
      vertex -5.98041 -22.3192 4.1
      vertex -6.75687 -25.217 4.1
      vertex -5.09313 -25.6049 4.1
    endloop
  endfacet
  facet normal 0 0 1
    outer loop
      vertex -7.42735 -21.8803 4.1
      vertex -6.75687 -25.217 4.1
      vertex -5.98041 -22.3192 4.1
    endloop
  endfacet
  facet normal 0 0 1
    outer loop
      vertex -7.42735 -21.8803 4.1
      vertex -8.39167 -24.7211 4.1
      vertex -6.75687 -25.217 4.1
    endloop
  endfacet
  facet normal 0 0 1
    outer loop
      vertex -8.84249 -21.3477 4.1
      vertex -8.39167 -24.7211 4.1
      vertex -7.42735 -21.8803 4.1
    endloop
  endfacet
  facet normal 0 0 1
    outer loop
      vertex -8.84249 -21.3477 4.1
      vertex -9.99054 -24.1193 4.1
      vertex -8.39167 -24.7211 4.1
    endloop
  endfacet
  facet normal 0 0 1
    outer loop
      vertex -10.2198 -20.7236 4.1
      vertex -9.99054 -24.1193 4.1
      vertex -8.84249 -21.3477 4.1
    endloop
  endfacet
  facet normal 0 0 1
    outer loop
      vertex -10.2198 -20.7236 4.1
      vertex -11.5466 -23.4142 4.1
      vertex -9.99054 -24.1193 4.1
    endloop
  endfacet
  facet normal 0 0 1
    outer loop
      vertex -11.5533 -20.0108 4.1
      vertex -11.5466 -23.4142 4.1
      vertex -10.2198 -20.7236 4.1
    endloop
  endfacet
  facet normal 0 0 1
    outer loop
      vertex -13.0533 -22.6089 4.1
      vertex -11.5533 -20.0108 4.1
      vertex -12.8373 -19.2124 4.1
    endloop
  endfacet
  facet normal 0 0 1
    outer loop
      vertex -11.5533 -20.0108 4.1
      vertex -13.0533 -22.6089 4.1
      vertex -11.5466 -23.4142 4.1
    endloop
  endfacet
  facet normal 0 0 1
    outer loop
      vertex -14.504 -21.7068 4.1
      vertex -12.8373 -19.2124 4.1
      vertex -14.0664 -18.3316 4.1
    endloop
  endfacet
  facet normal 0 0 1
    outer loop
      vertex -12.8373 -19.2124 4.1
      vertex -14.504 -21.7068 4.1
      vertex -13.0533 -22.6089 4.1
    endloop
  endfacet
  facet normal 0 0 1
    outer loop
      vertex -15.8927 -20.7117 4.1
      vertex -14.0664 -18.3316 4.1
      vertex -15.2352 -17.3724 4.1
    endloop
  endfacet
  facet normal 0 0 1
    outer loop
      vertex -14.0664 -18.3316 4.1
      vertex -15.8927 -20.7117 4.1
      vertex -14.504 -21.7068 4.1
    endloop
  endfacet
  facet normal 0 0 1
    outer loop
      vertex -17.2132 -19.6279 4.1
      vertex -15.2352 -17.3724 4.1
      vertex -16.3388 -16.3388 4.1
    endloop
  endfacet
  facet normal 0 0 1
    outer loop
      vertex -15.2352 -17.3724 4.1
      vertex -17.2132 -19.6279 4.1
      vertex -15.8927 -20.7117 4.1
    endloop
  endfacet
  facet normal 0 0 1
    outer loop
      vertex -18.4601 -18.4601 4.1
      vertex -16.3388 -16.3388 4.1
      vertex -17.3724 -15.2352 4.1
    endloop
  endfacet
  facet normal 0 0 1
    outer loop
      vertex -19.6279 -17.2132 4.1
      vertex -17.3724 -15.2352 4.1
      vertex -18.3316 -14.0664 4.1
    endloop
  endfacet
  facet normal 0 0 1
    outer loop
      vertex -16.3388 -16.3388 4.1
      vertex -18.4601 -18.4601 4.1
      vertex -17.2132 -19.6279 4.1
    endloop
  endfacet
  facet normal 0 0 1
    outer loop
      vertex -20.7117 -15.8927 4.1
      vertex -18.3316 -14.0664 4.1
      vertex -19.2124 -12.8373 4.1
    endloop
  endfacet
  facet normal 0 0 1
    outer loop
      vertex -17.3724 -15.2352 4.1
      vertex -19.6279 -17.2132 4.1
      vertex -18.4601 -18.4601 4.1
    endloop
  endfacet
  facet normal 0 0 1
    outer loop
      vertex -21.7068 -14.504 4.1
      vertex -19.2124 -12.8373 4.1
      vertex -20.0108 -11.5533 4.1
    endloop
  endfacet
  facet normal 0 0 1
    outer loop
      vertex -18.3316 -14.0664 4.1
      vertex -20.7117 -15.8927 4.1
      vertex -19.6279 -17.2132 4.1
    endloop
  endfacet
  facet normal 0 0 1
    outer loop
      vertex -22.6089 -13.0533 4.1
      vertex -20.0108 -11.5533 4.1
      vertex -20.7236 -10.2198 4.1
    endloop
  endfacet
  facet normal 0 0 1
    outer loop
      vertex -23.4142 -11.5466 4.1
      vertex -20.7236 -10.2198 4.1
      vertex -21.3477 -8.84249 4.1
    endloop
  endfacet
  facet normal 0 0 1
    outer loop
      vertex -19.2124 -12.8373 4.1
      vertex -21.7068 -14.504 4.1
      vertex -20.7117 -15.8927 4.1
    endloop
  endfacet
  facet normal 0 0 1
    outer loop
      vertex -24.1193 -9.99054 4.1
      vertex -21.3477 -8.84249 4.1
      vertex -21.8803 -7.42735 4.1
    endloop
  endfacet
  facet normal 0 0 1
    outer loop
      vertex -24.7211 -8.39167 4.1
      vertex -21.8803 -7.42735 4.1
      vertex -22.3192 -5.98041 4.1
    endloop
  endfacet
  facet normal 0 0 1
    outer loop
      vertex -20.0108 -11.5533 4.1
      vertex -22.6089 -13.0533 4.1
      vertex -21.7068 -14.504 4.1
    endloop
  endfacet
  facet normal 0 0 1
    outer loop
      vertex -25.217 -6.75687 4.1
      vertex -22.3192 -5.98041 4.1
      vertex -22.6626 -4.50786 4.1
    endloop
  endfacet
  facet normal 0 0 1
    outer loop
      vertex -25.6049 -5.09313 4.1
      vertex -22.6626 -4.50786 4.1
      vertex -22.9089 -3.01601 4.1
    endloop
  endfacet
  facet normal 0 0 1
    outer loop
      vertex -25.8832 -3.40759 4.1
      vertex -22.9089 -3.01601 4.1
      vertex -23.0571 -1.51124 4.1
    endloop
  endfacet
  facet normal 0 0 1
    outer loop
      vertex -20.7236 -10.2198 4.1
      vertex -23.4142 -11.5466 4.1
      vertex -22.6089 -13.0533 4.1
    endloop
  endfacet
  facet normal 0 0 1
    outer loop
      vertex -26.0506 -1.70745 4.1
      vertex -23.0571 -1.51124 4.1
      vertex -23.1065 0 4.1
    endloop
  endfacet
  facet normal -0 0 1
    outer loop
      vertex -25.6049 5.09313 4.1
      vertex -22.6626 4.50786 4.1
      vertex -25.217 6.75687 4.1
    endloop
  endfacet
  facet normal 0 0 1
    outer loop
      vertex -22.6626 4.50786 4.1
      vertex -25.6049 5.09313 4.1
      vertex -22.9089 3.01601 4.1
    endloop
  endfacet
  facet normal 0 0 1
    outer loop
      vertex -21.3477 -8.84249 4.1
      vertex -24.1193 -9.99054 4.1
      vertex -23.4142 -11.5466 4.1
    endloop
  endfacet
  facet normal -0 0 1
    outer loop
      vertex -25.8832 3.40759 4.1
      vertex -22.9089 3.01601 4.1
      vertex -25.6049 5.09313 4.1
    endloop
  endfacet
  facet normal 0 0 1
    outer loop
      vertex -21.8803 -7.42735 4.1
      vertex -24.7211 -8.39167 4.1
      vertex -24.1193 -9.99054 4.1
    endloop
  endfacet
  facet normal 0 0 1
    outer loop
      vertex -22.9089 3.01601 4.1
      vertex -25.8832 3.40759 4.1
      vertex -23.0571 1.51124 4.1
    endloop
  endfacet
  facet normal 0 0 1
    outer loop
      vertex -22.3192 -5.98041 4.1
      vertex -25.217 -6.75687 4.1
      vertex -24.7211 -8.39167 4.1
    endloop
  endfacet
  facet normal -0 0 1
    outer loop
      vertex -26.0506 1.70745 4.1
      vertex -23.0571 1.51124 4.1
      vertex -25.8832 3.40759 4.1
    endloop
  endfacet
  facet normal 0 0 1
    outer loop
      vertex -22.6626 -4.50786 4.1
      vertex -25.6049 -5.09313 4.1
      vertex -25.217 -6.75687 4.1
    endloop
  endfacet
  facet normal 0 0 1
    outer loop
      vertex -23.0571 1.51124 4.1
      vertex -26.0506 1.70745 4.1
      vertex -23.1065 0 4.1
    endloop
  endfacet
  facet normal 0 0 1
    outer loop
      vertex -22.9089 -3.01601 4.1
      vertex -25.8832 -3.40759 4.1
      vertex -25.6049 -5.09313 4.1
    endloop
  endfacet
  facet normal 0 0 1
    outer loop
      vertex -26.1065 0 4.1
      vertex -23.1065 0 4.1
      vertex -26.0506 1.70745 4.1
    endloop
  endfacet
  facet normal 0 0 1
    outer loop
      vertex -23.0571 -1.51124 4.1
      vertex -26.0506 -1.70745 4.1
      vertex -25.8832 -3.40759 4.1
    endloop
  endfacet
  facet normal 0 0 1
    outer loop
      vertex -23.1065 0 4.1
      vertex -26.1065 0 4.1
      vertex -26.0506 -1.70745 4.1
    endloop
  endfacet
  facet normal 0.290279 0.956942 -0
    outer loop
      vertex 8.39167 24.7211 0
      vertex 6.75687 25.217 4.1
      vertex 8.39167 24.7211 4.1
    endloop
  endfacet
  facet normal 0.290279 0.956942 0
    outer loop
      vertex 6.75687 25.217 4.1
      vertex 8.39167 24.7211 0
      vertex 6.75687 25.217 0
    endloop
  endfacet
  facet normal -0.162905 0.986642 0
    outer loop
      vertex -3.40759 25.8832 0
      vertex -5.09313 25.6049 4.1
      vertex -3.40759 25.8832 4.1
    endloop
  endfacet
  facet normal -0.162905 0.986642 0
    outer loop
      vertex -5.09313 25.6049 4.1
      vertex -3.40759 25.8832 0
      vertex -5.09313 25.6049 0
    endloop
  endfacet
  facet normal 0.0979886 0.995188 -0
    outer loop
      vertex 3.40759 25.8832 0
      vertex 1.70745 26.0506 4.1
      vertex 3.40759 25.8832 4.1
    endloop
  endfacet
  facet normal 0.0979886 0.995188 0
    outer loop
      vertex 1.70745 26.0506 4.1
      vertex 3.40759 25.8832 0
      vertex 1.70745 26.0506 0
    endloop
  endfacet
  facet normal -0.0979886 0.995188 0
    outer loop
      vertex -1.70745 26.0506 0
      vertex -3.40759 25.8832 4.1
      vertex -1.70745 26.0506 4.1
    endloop
  endfacet
  facet normal -0.0979886 0.995188 0
    outer loop
      vertex -3.40759 25.8832 4.1
      vertex -1.70745 26.0506 0
      vertex -3.40759 25.8832 0
    endloop
  endfacet
  facet normal 0.22706 0.973881 -0
    outer loop
      vertex 6.75687 25.217 0
      vertex 5.09313 25.6049 4.1
      vertex 6.75687 25.217 4.1
    endloop
  endfacet
  facet normal 0.22706 0.973881 0
    outer loop
      vertex 5.09313 25.6049 4.1
      vertex 6.75687 25.217 0
      vertex 5.09313 25.6049 0
    endloop
  endfacet
  facet normal -0.999465 0.0327213 0
    outer loop
      vertex -26.1065 0 0
      vertex -26.0506 1.70745 4.1
      vertex -26.0506 1.70745 0
    endloop
  endfacet
  facet normal -0.999465 0.0327213 0
    outer loop
      vertex -26.0506 1.70745 4.1
      vertex -26.1065 0 0
      vertex -26.1065 0 4.1
    endloop
  endfacet
  facet normal -0.999465 -0.0327213 0
    outer loop
      vertex -26.0506 -1.70745 0
      vertex -26.1065 0 4.1
      vertex -26.1065 0 0
    endloop
  endfacet
  facet normal -0.999465 -0.0327213 0
    outer loop
      vertex -26.1065 0 4.1
      vertex -26.0506 -1.70745 0
      vertex -26.0506 -1.70745 4.1
    endloop
  endfacet
  facet normal 0.995188 -0.0979886 0
    outer loop
      vertex 25.8832 -3.40759 4.1
      vertex 26.0506 -1.70745 0
      vertex 26.0506 -1.70745 4.1
    endloop
  endfacet
  facet normal 0.995188 -0.0979886 0
    outer loop
      vertex 26.0506 -1.70745 0
      vertex 25.8832 -3.40759 4.1
      vertex 25.8832 -3.40759 0
    endloop
  endfacet
  facet normal 0.999465 -0.0327213 0
    outer loop
      vertex 26.0506 -1.70745 4.1
      vertex 26.1065 0 0
      vertex 26.1065 0 4.1
    endloop
  endfacet
  facet normal 0.999465 -0.0327213 0
    outer loop
      vertex 26.1065 0 0
      vertex 26.0506 -1.70745 4.1
      vertex 26.0506 -1.70745 0
    endloop
  endfacet
  facet normal -0.352264 -0.935901 0
    outer loop
      vertex -9.99054 -24.1193 0
      vertex -8.39167 -24.7211 4.1
      vertex -9.99054 -24.1193 4.1
    endloop
  endfacet
  facet normal -0.352264 -0.935901 -0
    outer loop
      vertex -8.39167 -24.7211 4.1
      vertex -9.99054 -24.1193 0
      vertex -8.39167 -24.7211 0
    endloop
  endfacet
  facet normal 0.849203 -0.528066 0
    outer loop
      vertex 21.7068 -14.504 4.1
      vertex 22.6089 -13.0533 0
      vertex 22.6089 -13.0533 4.1
    endloop
  endfacet
  facet normal 0.849203 -0.528066 0
    outer loop
      vertex 22.6089 -13.0533 0
      vertex 21.7068 -14.504 4.1
      vertex 21.7068 -14.504 0
    endloop
  endfacet
  facet normal -0.849203 -0.528066 0
    outer loop
      vertex -21.7068 -14.504 0
      vertex -22.6089 -13.0533 4.1
      vertex -22.6089 -13.0533 0
    endloop
  endfacet
  facet normal -0.849203 -0.528066 0
    outer loop
      vertex -22.6089 -13.0533 4.1
      vertex -21.7068 -14.504 0
      vertex -21.7068 -14.504 4.1
    endloop
  endfacet
  facet normal 0.973881 -0.22706 0
    outer loop
      vertex 25.217 -6.75687 4.1
      vertex 25.6049 -5.09313 0
      vertex 25.6049 -5.09313 4.1
    endloop
  endfacet
  facet normal 0.973881 -0.22706 0
    outer loop
      vertex 25.6049 -5.09313 0
      vertex 25.217 -6.75687 4.1
      vertex 25.217 -6.75687 0
    endloop
  endfacet
  facet normal -0.528066 -0.849203 0
    outer loop
      vertex -14.504 -21.7068 0
      vertex -13.0533 -22.6089 4.1
      vertex -14.504 -21.7068 4.1
    endloop
  endfacet
  facet normal -0.528066 -0.849203 -0
    outer loop
      vertex -13.0533 -22.6089 4.1
      vertex -14.504 -21.7068 0
      vertex -13.0533 -22.6089 0
    endloop
  endfacet
  facet normal -0.0327213 -0.999465 0
    outer loop
      vertex -1.70745 -26.0506 0
      vertex 0 -26.1065 4.1
      vertex -1.70745 -26.0506 4.1
    endloop
  endfacet
  facet normal -0.0327213 -0.999465 -0
    outer loop
      vertex 0 -26.1065 4.1
      vertex -1.70745 -26.0506 0
      vertex 0 -26.1065 0
    endloop
  endfacet
  facet normal -0.973881 0.22706 0
    outer loop
      vertex -25.6049 5.09313 0
      vertex -25.217 6.75687 4.1
      vertex -25.217 6.75687 0
    endloop
  endfacet
  facet normal -0.973881 0.22706 0
    outer loop
      vertex -25.217 6.75687 4.1
      vertex -25.6049 5.09313 0
      vertex -25.6049 5.09313 4.1
    endloop
  endfacet
  facet normal 0.729878 0.683577 0
    outer loop
      vertex 19.6279 17.2132 4.1
      vertex 18.4601 18.4601 0
      vertex 18.4601 18.4601 4.1
    endloop
  endfacet
  facet normal 0.729878 0.683577 0
    outer loop
      vertex 18.4601 18.4601 0
      vertex 19.6279 17.2132 4.1
      vertex 19.6279 17.2132 0
    endloop
  endfacet
  facet normal 0.582467 0.812855 -0
    outer loop
      vertex 15.8927 20.7117 0
      vertex 14.504 21.7068 4.1
      vertex 15.8927 20.7117 4.1
    endloop
  endfacet
  facet normal 0.582467 0.812855 0
    outer loop
      vertex 14.504 21.7068 4.1
      vertex 15.8927 20.7117 0
      vertex 14.504 21.7068 0
    endloop
  endfacet
  facet normal -0.528066 0.849203 0
    outer loop
      vertex -13.0533 22.6089 0
      vertex -14.504 21.7068 4.1
      vertex -13.0533 22.6089 4.1
    endloop
  endfacet
  facet normal -0.528066 0.849203 0
    outer loop
      vertex -14.504 21.7068 4.1
      vertex -13.0533 22.6089 0
      vertex -14.504 21.7068 0
    endloop
  endfacet
  facet normal -0.729878 -0.683577 0
    outer loop
      vertex -18.4601 -18.4601 0
      vertex -19.6279 -17.2132 4.1
      vertex -19.6279 -17.2132 0
    endloop
  endfacet
  facet normal -0.729878 -0.683577 0
    outer loop
      vertex -19.6279 -17.2132 4.1
      vertex -18.4601 -18.4601 0
      vertex -18.4601 -18.4601 4.1
    endloop
  endfacet
  facet normal 0.935901 0.352264 0
    outer loop
      vertex 24.7211 8.39167 4.1
      vertex 24.1193 9.99054 0
      vertex 24.1193 9.99054 4.1
    endloop
  endfacet
  facet normal 0.935901 0.352264 0
    outer loop
      vertex 24.1193 9.99054 0
      vertex 24.7211 8.39167 4.1
      vertex 24.7211 8.39167 0
    endloop
  endfacet
  facet normal 0.986642 0.162905 0
    outer loop
      vertex 25.8832 3.40759 4.1
      vertex 25.6049 5.09313 0
      vertex 25.6049 5.09313 4.1
    endloop
  endfacet
  facet normal 0.986642 0.162905 0
    outer loop
      vertex 25.6049 5.09313 0
      vertex 25.8832 3.40759 4.1
      vertex 25.8832 3.40759 0
    endloop
  endfacet
  facet normal 0.0327213 0.999465 -0
    outer loop
      vertex 1.70745 26.0506 0
      vertex 0 26.1065 4.1
      vertex 1.70745 26.0506 4.1
    endloop
  endfacet
  facet normal 0.0327213 0.999465 0
    outer loop
      vertex 0 26.1065 4.1
      vertex 1.70745 26.0506 0
      vertex 0 26.1065 0
    endloop
  endfacet
  facet normal -0.471375 -0.881933 0
    outer loop
      vertex -13.0533 -22.6089 0
      vertex -11.5466 -23.4142 4.1
      vertex -13.0533 -22.6089 4.1
    endloop
  endfacet
  facet normal -0.471375 -0.881933 -0
    outer loop
      vertex -11.5466 -23.4142 4.1
      vertex -13.0533 -22.6089 0
      vertex -11.5466 -23.4142 0
    endloop
  endfacet
  facet normal -0.683577 0.729878 0
    outer loop
      vertex -17.2132 19.6279 0
      vertex -18.4601 18.4601 4.1
      vertex -17.2132 19.6279 4.1
    endloop
  endfacet
  facet normal -0.683577 0.729878 0
    outer loop
      vertex -18.4601 18.4601 4.1
      vertex -17.2132 19.6279 0
      vertex -18.4601 18.4601 0
    endloop
  endfacet
  facet normal -0.683577 -0.729878 0
    outer loop
      vertex -18.4601 -18.4601 0
      vertex -17.2132 -19.6279 4.1
      vertex -18.4601 -18.4601 4.1
    endloop
  endfacet
  facet normal -0.683577 -0.729878 -0
    outer loop
      vertex -17.2132 -19.6279 4.1
      vertex -18.4601 -18.4601 0
      vertex -17.2132 -19.6279 0
    endloop
  endfacet
  facet normal 0.729878 -0.683577 0
    outer loop
      vertex 18.4601 -18.4601 4.1
      vertex 19.6279 -17.2132 0
      vertex 19.6279 -17.2132 4.1
    endloop
  endfacet
  facet normal 0.729878 -0.683577 0
    outer loop
      vertex 19.6279 -17.2132 0
      vertex 18.4601 -18.4601 4.1
      vertex 18.4601 -18.4601 0
    endloop
  endfacet
  facet normal -0.812855 0.582467 0
    outer loop
      vertex -21.7068 14.504 0
      vertex -20.7117 15.8927 4.1
      vertex -20.7117 15.8927 0
    endloop
  endfacet
  facet normal -0.812855 0.582467 0
    outer loop
      vertex -20.7117 15.8927 4.1
      vertex -21.7068 14.504 0
      vertex -21.7068 14.504 4.1
    endloop
  endfacet
  facet normal -0.290279 0.956942 0
    outer loop
      vertex -6.75687 25.217 0
      vertex -8.39167 24.7211 4.1
      vertex -6.75687 25.217 4.1
    endloop
  endfacet
  facet normal -0.290279 0.956942 0
    outer loop
      vertex -8.39167 24.7211 4.1
      vertex -6.75687 25.217 0
      vertex -8.39167 24.7211 0
    endloop
  endfacet
  facet normal 0.772984 0.634426 0
    outer loop
      vertex 20.7117 15.8927 4.1
      vertex 19.6279 17.2132 0
      vertex 19.6279 17.2132 4.1
    endloop
  endfacet
  facet normal 0.772984 0.634426 0
    outer loop
      vertex 19.6279 17.2132 0
      vertex 20.7117 15.8927 4.1
      vertex 20.7117 15.8927 0
    endloop
  endfacet
  facet normal 0.471375 -0.881933 0
    outer loop
      vertex 11.5466 -23.4142 0
      vertex 13.0533 -22.6089 4.1
      vertex 11.5466 -23.4142 4.1
    endloop
  endfacet
  facet normal 0.471375 -0.881933 0
    outer loop
      vertex 13.0533 -22.6089 4.1
      vertex 11.5466 -23.4142 0
      vertex 13.0533 -22.6089 0
    endloop
  endfacet
  facet normal -0.995188 -0.0979886 0
    outer loop
      vertex -25.8832 -3.40759 0
      vertex -26.0506 -1.70745 4.1
      vertex -26.0506 -1.70745 0
    endloop
  endfacet
  facet normal -0.995188 -0.0979886 0
    outer loop
      vertex -26.0506 -1.70745 4.1
      vertex -25.8832 -3.40759 0
      vertex -25.8832 -3.40759 4.1
    endloop
  endfacet
  facet normal -0.0979886 -0.995188 0
    outer loop
      vertex -3.40759 -25.8832 0
      vertex -1.70745 -26.0506 4.1
      vertex -3.40759 -25.8832 4.1
    endloop
  endfacet
  facet normal -0.0979886 -0.995188 -0
    outer loop
      vertex -1.70745 -26.0506 4.1
      vertex -3.40759 -25.8832 0
      vertex -1.70745 -26.0506 0
    endloop
  endfacet
  facet normal -0.412735 0.910851 0
    outer loop
      vertex -9.99054 24.1193 0
      vertex -11.5466 23.4142 4.1
      vertex -9.99054 24.1193 4.1
    endloop
  endfacet
  facet normal -0.412735 0.910851 0
    outer loop
      vertex -11.5466 23.4142 4.1
      vertex -9.99054 24.1193 0
      vertex -11.5466 23.4142 0
    endloop
  endfacet
  facet normal -0.162905 -0.986642 0
    outer loop
      vertex -5.09313 -25.6049 0
      vertex -3.40759 -25.8832 4.1
      vertex -5.09313 -25.6049 4.1
    endloop
  endfacet
  facet normal -0.162905 -0.986642 -0
    outer loop
      vertex -3.40759 -25.8832 4.1
      vertex -5.09313 -25.6049 0
      vertex -3.40759 -25.8832 0
    endloop
  endfacet
  facet normal -0.772984 0.634426 0
    outer loop
      vertex -20.7117 15.8927 0
      vertex -19.6279 17.2132 4.1
      vertex -19.6279 17.2132 0
    endloop
  endfacet
  facet normal -0.772984 0.634426 0
    outer loop
      vertex -19.6279 17.2132 4.1
      vertex -20.7117 15.8927 0
      vertex -20.7117 15.8927 4.1
    endloop
  endfacet
  facet normal -0.412735 -0.910851 0
    outer loop
      vertex -11.5466 -23.4142 0
      vertex -9.99054 -24.1193 4.1
      vertex -11.5466 -23.4142 4.1
    endloop
  endfacet
  facet normal -0.412735 -0.910851 -0
    outer loop
      vertex -9.99054 -24.1193 4.1
      vertex -11.5466 -23.4142 0
      vertex -9.99054 -24.1193 0
    endloop
  endfacet
  facet normal -0.22706 0.973881 0
    outer loop
      vertex -5.09313 25.6049 0
      vertex -6.75687 25.217 4.1
      vertex -5.09313 25.6049 4.1
    endloop
  endfacet
  facet normal -0.22706 0.973881 0
    outer loop
      vertex -6.75687 25.217 4.1
      vertex -5.09313 25.6049 0
      vertex -6.75687 25.217 0
    endloop
  endfacet
  facet normal -0.290279 -0.956942 0
    outer loop
      vertex -8.39167 -24.7211 0
      vertex -6.75687 -25.217 4.1
      vertex -8.39167 -24.7211 4.1
    endloop
  endfacet
  facet normal -0.290279 -0.956942 -0
    outer loop
      vertex -6.75687 -25.217 4.1
      vertex -8.39167 -24.7211 0
      vertex -6.75687 -25.217 0
    endloop
  endfacet
  facet normal -0.910851 -0.412735 0
    outer loop
      vertex -23.4142 -11.5466 0
      vertex -24.1193 -9.99054 4.1
      vertex -24.1193 -9.99054 0
    endloop
  endfacet
  facet normal -0.910851 -0.412735 0
    outer loop
      vertex -24.1193 -9.99054 4.1
      vertex -23.4142 -11.5466 0
      vertex -23.4142 -11.5466 4.1
    endloop
  endfacet
  facet normal -0.986642 0.162905 0
    outer loop
      vertex -25.8832 3.40759 0
      vertex -25.6049 5.09313 4.1
      vertex -25.6049 5.09313 0
    endloop
  endfacet
  facet normal -0.986642 0.162905 0
    outer loop
      vertex -25.6049 5.09313 4.1
      vertex -25.8832 3.40759 0
      vertex -25.8832 3.40759 4.1
    endloop
  endfacet
  facet normal -0.995188 0.0979886 0
    outer loop
      vertex -26.0506 1.70745 0
      vertex -25.8832 3.40759 4.1
      vertex -25.8832 3.40759 0
    endloop
  endfacet
  facet normal -0.995188 0.0979886 0
    outer loop
      vertex -25.8832 3.40759 4.1
      vertex -26.0506 1.70745 0
      vertex -26.0506 1.70745 4.1
    endloop
  endfacet
  facet normal 0.290279 -0.956942 0
    outer loop
      vertex 6.75687 -25.217 0
      vertex 8.39167 -24.7211 4.1
      vertex 6.75687 -25.217 4.1
    endloop
  endfacet
  facet normal 0.290279 -0.956942 0
    outer loop
      vertex 8.39167 -24.7211 4.1
      vertex 6.75687 -25.217 0
      vertex 8.39167 -24.7211 0
    endloop
  endfacet
  facet normal -0.582467 -0.812855 0
    outer loop
      vertex -15.8927 -20.7117 0
      vertex -14.504 -21.7068 4.1
      vertex -15.8927 -20.7117 4.1
    endloop
  endfacet
  facet normal -0.582467 -0.812855 -0
    outer loop
      vertex -14.504 -21.7068 4.1
      vertex -15.8927 -20.7117 0
      vertex -14.504 -21.7068 0
    endloop
  endfacet
  facet normal -0.956942 -0.290279 0
    outer loop
      vertex -24.7211 -8.39167 0
      vertex -25.217 -6.75687 4.1
      vertex -25.217 -6.75687 0
    endloop
  endfacet
  facet normal -0.956942 -0.290279 0
    outer loop
      vertex -25.217 -6.75687 4.1
      vertex -24.7211 -8.39167 0
      vertex -24.7211 -8.39167 4.1
    endloop
  endfacet
  facet normal -0.973881 -0.22706 0
    outer loop
      vertex -25.217 -6.75687 0
      vertex -25.6049 -5.09313 4.1
      vertex -25.6049 -5.09313 0
    endloop
  endfacet
  facet normal -0.973881 -0.22706 0
    outer loop
      vertex -25.6049 -5.09313 4.1
      vertex -25.217 -6.75687 0
      vertex -25.217 -6.75687 4.1
    endloop
  endfacet
  facet normal 0 0 -1
    outer loop
      vertex 23.9065 0 0
      vertex 26.1065 0 0
      vertex 26.0506 -1.70745 0
    endloop
  endfacet
  facet normal 0 0 -1
    outer loop
      vertex 23.8554 -1.56356 0
      vertex 26.0506 -1.70745 0
      vertex 25.8832 -3.40759 0
    endloop
  endfacet
  facet normal 0 0 -1
    outer loop
      vertex 26.1065 0 0
      vertex 23.9065 0 0
      vertex 26.0506 1.70745 0
    endloop
  endfacet
  facet normal 0 0 -1
    outer loop
      vertex 23.702 -3.12043 0
      vertex 25.8832 -3.40759 0
      vertex 25.6049 -5.09313 0
    endloop
  endfacet
  facet normal 0 0 -1
    outer loop
      vertex 23.8554 1.56356 0
      vertex 26.0506 1.70745 0
      vertex 23.9065 0 0
    endloop
  endfacet
  facet normal 0 0 -1
    outer loop
      vertex 23.4472 -4.66393 0
      vertex 25.6049 -5.09313 0
      vertex 25.217 -6.75687 0
    endloop
  endfacet
  facet normal -0 0 -1
    outer loop
      vertex 26.0506 1.70745 0
      vertex 23.8554 1.56356 0
      vertex 25.8832 3.40759 0
    endloop
  endfacet
  facet normal 0 0 -1
    outer loop
      vertex 23.0919 -6.18747 0
      vertex 25.217 -6.75687 0
      vertex 24.7211 -8.39167 0
    endloop
  endfacet
  facet normal 0 0 -1
    outer loop
      vertex 23.702 3.12043 0
      vertex 25.8832 3.40759 0
      vertex 23.8554 1.56356 0
    endloop
  endfacet
  facet normal 0 0 -1
    outer loop
      vertex 22.6378 -7.6845 0
      vertex 24.7211 -8.39167 0
      vertex 24.1193 -9.99054 0
    endloop
  endfacet
  facet normal -0 0 -1
    outer loop
      vertex 25.8832 3.40759 0
      vertex 23.702 3.12043 0
      vertex 25.6049 5.09313 0
    endloop
  endfacet
  facet normal 0 0 -1
    outer loop
      vertex 23.4472 4.66393 0
      vertex 25.6049 5.09313 0
      vertex 23.702 3.12043 0
    endloop
  endfacet
  facet normal 0 0 -1
    outer loop
      vertex 26.0506 -1.70745 0
      vertex 23.8554 -1.56356 0
      vertex 23.9065 0 0
    endloop
  endfacet
  facet normal 0 0 -1
    outer loop
      vertex 25.8832 -3.40759 0
      vertex 23.702 -3.12043 0
      vertex 23.8554 -1.56356 0
    endloop
  endfacet
  facet normal 0 0 -1
    outer loop
      vertex 25.6049 -5.09313 0
      vertex 23.4472 -4.66393 0
      vertex 23.702 -3.12043 0
    endloop
  endfacet
  facet normal 0 0 -1
    outer loop
      vertex 22.0868 -9.14864 0
      vertex 24.1193 -9.99054 0
      vertex 23.4142 -11.5466 0
    endloop
  endfacet
  facet normal 0 0 -1
    outer loop
      vertex 25.217 -6.75687 0
      vertex 23.0919 -6.18747 0
      vertex 23.4472 -4.66393 0
    endloop
  endfacet
  facet normal 0 0 -1
    outer loop
      vertex 24.7211 -8.39167 0
      vertex 22.6378 -7.6845 0
      vertex 23.0919 -6.18747 0
    endloop
  endfacet
  facet normal 0 0 -1
    outer loop
      vertex 21.4411 -10.5736 0
      vertex 23.4142 -11.5466 0
      vertex 22.6089 -13.0533 0
    endloop
  endfacet
  facet normal 0 0 -1
    outer loop
      vertex 24.1193 -9.99054 0
      vertex 22.0868 -9.14864 0
      vertex 22.6378 -7.6845 0
    endloop
  endfacet
  facet normal 0 0 -1
    outer loop
      vertex 20.7037 -11.9533 0
      vertex 22.6089 -13.0533 0
      vertex 21.7068 -14.504 0
    endloop
  endfacet
  facet normal 0 0 -1
    outer loop
      vertex 23.4142 -11.5466 0
      vertex 21.4411 -10.5736 0
      vertex 22.0868 -9.14864 0
    endloop
  endfacet
  facet normal 0 0 -1
    outer loop
      vertex 19.8776 -13.2818 0
      vertex 21.7068 -14.504 0
      vertex 20.7117 -15.8927 0
    endloop
  endfacet
  facet normal 0 0 -1
    outer loop
      vertex 22.6089 -13.0533 0
      vertex 20.7037 -11.9533 0
      vertex 21.4411 -10.5736 0
    endloop
  endfacet
  facet normal 0 0 -1
    outer loop
      vertex 21.7068 -14.504 0
      vertex 19.8776 -13.2818 0
      vertex 20.7037 -11.9533 0
    endloop
  endfacet
  facet normal 0 0 -1
    outer loop
      vertex 18.9663 -14.5534 0
      vertex 20.7117 -15.8927 0
      vertex 19.6279 -17.2132 0
    endloop
  endfacet
  facet normal 0 0 -1
    outer loop
      vertex 20.7117 -15.8927 0
      vertex 18.9663 -14.5534 0
      vertex 19.8776 -13.2818 0
    endloop
  endfacet
  facet normal 0 0 -1
    outer loop
      vertex 17.9739 -15.7627 0
      vertex 19.6279 -17.2132 0
      vertex 18.4601 -18.4601 0
    endloop
  endfacet
  facet normal 0 0 -1
    outer loop
      vertex 19.6279 -17.2132 0
      vertex 17.9739 -15.7627 0
      vertex 18.9663 -14.5534 0
    endloop
  endfacet
  facet normal 0 0 -1
    outer loop
      vertex 16.9045 -16.9045 0
      vertex 18.4601 -18.4601 0
      vertex 17.2132 -19.6279 0
    endloop
  endfacet
  facet normal 0 0 -1
    outer loop
      vertex 18.4601 -18.4601 0
      vertex 16.9045 -16.9045 0
      vertex 17.9739 -15.7627 0
    endloop
  endfacet
  facet normal 0 0 -1
    outer loop
      vertex 15.7627 -17.9739 0
      vertex 17.2132 -19.6279 0
      vertex 15.8927 -20.7117 0
    endloop
  endfacet
  facet normal 0 0 -1
    outer loop
      vertex 17.2132 -19.6279 0
      vertex 15.7627 -17.9739 0
      vertex 16.9045 -16.9045 0
    endloop
  endfacet
  facet normal 0 0 -1
    outer loop
      vertex 15.8927 -20.7117 0
      vertex 14.5534 -18.9663 0
      vertex 15.7627 -17.9739 0
    endloop
  endfacet
  facet normal 0 0 -1
    outer loop
      vertex 14.504 -21.7068 0
      vertex 14.5534 -18.9663 0
      vertex 15.8927 -20.7117 0
    endloop
  endfacet
  facet normal 0 0 -1
    outer loop
      vertex 14.504 -21.7068 0
      vertex 13.2818 -19.8776 0
      vertex 14.5534 -18.9663 0
    endloop
  endfacet
  facet normal 0 0 -1
    outer loop
      vertex 13.0533 -22.6089 0
      vertex 13.2818 -19.8776 0
      vertex 14.504 -21.7068 0
    endloop
  endfacet
  facet normal 0 0 -1
    outer loop
      vertex 13.0533 -22.6089 0
      vertex 11.9533 -20.7037 0
      vertex 13.2818 -19.8776 0
    endloop
  endfacet
  facet normal 0 0 -1
    outer loop
      vertex 11.5466 -23.4142 0
      vertex 11.9533 -20.7037 0
      vertex 13.0533 -22.6089 0
    endloop
  endfacet
  facet normal 0 0 -1
    outer loop
      vertex 11.5466 -23.4142 0
      vertex 10.5736 -21.4411 0
      vertex 11.9533 -20.7037 0
    endloop
  endfacet
  facet normal 0 0 -1
    outer loop
      vertex 9.99054 -24.1193 0
      vertex 10.5736 -21.4411 0
      vertex 11.5466 -23.4142 0
    endloop
  endfacet
  facet normal 0 0 -1
    outer loop
      vertex 9.99054 -24.1193 0
      vertex 9.14864 -22.0868 0
      vertex 10.5736 -21.4411 0
    endloop
  endfacet
  facet normal 0 0 -1
    outer loop
      vertex 8.39167 -24.7211 0
      vertex 9.14864 -22.0868 0
      vertex 9.99054 -24.1193 0
    endloop
  endfacet
  facet normal 0 0 -1
    outer loop
      vertex 8.39167 -24.7211 0
      vertex 7.6845 -22.6378 0
      vertex 9.14864 -22.0868 0
    endloop
  endfacet
  facet normal 0 0 -1
    outer loop
      vertex 6.75687 -25.217 0
      vertex 7.6845 -22.6378 0
      vertex 8.39167 -24.7211 0
    endloop
  endfacet
  facet normal 0 0 -1
    outer loop
      vertex 6.75687 -25.217 0
      vertex 6.18747 -23.0919 0
      vertex 7.6845 -22.6378 0
    endloop
  endfacet
  facet normal 0 0 -1
    outer loop
      vertex 5.09313 -25.6049 0
      vertex 6.18747 -23.0919 0
      vertex 6.75687 -25.217 0
    endloop
  endfacet
  facet normal 0 0 -1
    outer loop
      vertex 5.09313 -25.6049 0
      vertex 4.66393 -23.4472 0
      vertex 6.18747 -23.0919 0
    endloop
  endfacet
  facet normal 0 0 -1
    outer loop
      vertex 3.40759 -25.8832 0
      vertex 4.66393 -23.4472 0
      vertex 5.09313 -25.6049 0
    endloop
  endfacet
  facet normal 0 0 -1
    outer loop
      vertex 3.40759 -25.8832 0
      vertex 3.12043 -23.702 0
      vertex 4.66393 -23.4472 0
    endloop
  endfacet
  facet normal 0 0 -1
    outer loop
      vertex 1.70745 -26.0506 0
      vertex 3.12043 -23.702 0
      vertex 3.40759 -25.8832 0
    endloop
  endfacet
  facet normal 0 0 -1
    outer loop
      vertex 1.70745 -26.0506 0
      vertex 1.56356 -23.8554 0
      vertex 3.12043 -23.702 0
    endloop
  endfacet
  facet normal 0 0 -1
    outer loop
      vertex 0 -26.1065 0
      vertex 1.56356 -23.8554 0
      vertex 1.70745 -26.0506 0
    endloop
  endfacet
  facet normal 0 0 -1
    outer loop
      vertex 0 -26.1065 0
      vertex 0 -23.9065 0
      vertex 1.56356 -23.8554 0
    endloop
  endfacet
  facet normal 0 0 -1
    outer loop
      vertex 0 -26.1065 0
      vertex -1.56356 -23.8554 0
      vertex 0 -23.9065 0
    endloop
  endfacet
  facet normal 0 0 -1
    outer loop
      vertex -1.70745 -26.0506 0
      vertex -1.56356 -23.8554 0
      vertex 0 -26.1065 0
    endloop
  endfacet
  facet normal 0 0 -1
    outer loop
      vertex -1.70745 -26.0506 0
      vertex -3.12043 -23.702 0
      vertex -1.56356 -23.8554 0
    endloop
  endfacet
  facet normal 0 0 -1
    outer loop
      vertex -3.40759 -25.8832 0
      vertex -3.12043 -23.702 0
      vertex -1.70745 -26.0506 0
    endloop
  endfacet
  facet normal 0 0 -1
    outer loop
      vertex -3.40759 -25.8832 0
      vertex -4.66393 -23.4472 0
      vertex -3.12043 -23.702 0
    endloop
  endfacet
  facet normal 0 0 -1
    outer loop
      vertex -5.09313 -25.6049 0
      vertex -4.66393 -23.4472 0
      vertex -3.40759 -25.8832 0
    endloop
  endfacet
  facet normal 0 0 -1
    outer loop
      vertex -5.09313 -25.6049 0
      vertex -6.18747 -23.0919 0
      vertex -4.66393 -23.4472 0
    endloop
  endfacet
  facet normal 0 0 -1
    outer loop
      vertex -6.75687 -25.217 0
      vertex -6.18747 -23.0919 0
      vertex -5.09313 -25.6049 0
    endloop
  endfacet
  facet normal 0 0 -1
    outer loop
      vertex -6.75687 -25.217 0
      vertex -7.6845 -22.6378 0
      vertex -6.18747 -23.0919 0
    endloop
  endfacet
  facet normal 0 0 -1
    outer loop
      vertex -8.39167 -24.7211 0
      vertex -7.6845 -22.6378 0
      vertex -6.75687 -25.217 0
    endloop
  endfacet
  facet normal 0 0 -1
    outer loop
      vertex -8.39167 -24.7211 0
      vertex -9.14864 -22.0868 0
      vertex -7.6845 -22.6378 0
    endloop
  endfacet
  facet normal 0 0 -1
    outer loop
      vertex -9.99054 -24.1193 0
      vertex -9.14864 -22.0868 0
      vertex -8.39167 -24.7211 0
    endloop
  endfacet
  facet normal 0 0 -1
    outer loop
      vertex -9.99054 -24.1193 0
      vertex -10.5736 -21.4411 0
      vertex -9.14864 -22.0868 0
    endloop
  endfacet
  facet normal 0 0 -1
    outer loop
      vertex -11.5466 -23.4142 0
      vertex -10.5736 -21.4411 0
      vertex -9.99054 -24.1193 0
    endloop
  endfacet
  facet normal 0 0 -1
    outer loop
      vertex -11.5466 -23.4142 0
      vertex -11.9533 -20.7037 0
      vertex -10.5736 -21.4411 0
    endloop
  endfacet
  facet normal 0 0 -1
    outer loop
      vertex -13.0533 -22.6089 0
      vertex -11.9533 -20.7037 0
      vertex -11.5466 -23.4142 0
    endloop
  endfacet
  facet normal 0 0 -1
    outer loop
      vertex -13.0533 -22.6089 0
      vertex -13.2818 -19.8776 0
      vertex -11.9533 -20.7037 0
    endloop
  endfacet
  facet normal 0 0 -1
    outer loop
      vertex -14.504 -21.7068 0
      vertex -13.2818 -19.8776 0
      vertex -13.0533 -22.6089 0
    endloop
  endfacet
  facet normal 0 0 -1
    outer loop
      vertex -14.504 -21.7068 0
      vertex -14.5534 -18.9663 0
      vertex -13.2818 -19.8776 0
    endloop
  endfacet
  facet normal 0 0 -1
    outer loop
      vertex -15.8927 -20.7117 0
      vertex -14.5534 -18.9663 0
      vertex -14.504 -21.7068 0
    endloop
  endfacet
  facet normal -0 0 -1
    outer loop
      vertex -14.5534 -18.9663 0
      vertex -15.8927 -20.7117 0
      vertex -15.7627 -17.9739 0
    endloop
  endfacet
  facet normal 0 0 -1
    outer loop
      vertex -17.2132 -19.6279 0
      vertex -15.7627 -17.9739 0
      vertex -15.8927 -20.7117 0
    endloop
  endfacet
  facet normal -0 0 -1
    outer loop
      vertex -15.7627 -17.9739 0
      vertex -17.2132 -19.6279 0
      vertex -16.9045 -16.9045 0
    endloop
  endfacet
  facet normal 0 0 -1
    outer loop
      vertex -18.4601 -18.4601 0
      vertex -16.9045 -16.9045 0
      vertex -17.2132 -19.6279 0
    endloop
  endfacet
  facet normal -0 0 -1
    outer loop
      vertex -16.9045 -16.9045 0
      vertex -18.4601 -18.4601 0
      vertex -17.9739 -15.7627 0
    endloop
  endfacet
  facet normal 0 0 -1
    outer loop
      vertex -19.6279 -17.2132 0
      vertex -17.9739 -15.7627 0
      vertex -18.4601 -18.4601 0
    endloop
  endfacet
  facet normal -0 0 -1
    outer loop
      vertex -17.9739 -15.7627 0
      vertex -19.6279 -17.2132 0
      vertex -18.9663 -14.5534 0
    endloop
  endfacet
  facet normal 0 0 -1
    outer loop
      vertex -20.7117 -15.8927 0
      vertex -18.9663 -14.5534 0
      vertex -19.6279 -17.2132 0
    endloop
  endfacet
  facet normal -0 0 -1
    outer loop
      vertex -18.9663 -14.5534 0
      vertex -20.7117 -15.8927 0
      vertex -19.8776 -13.2818 0
    endloop
  endfacet
  facet normal 0 0 -1
    outer loop
      vertex -21.7068 -14.504 0
      vertex -19.8776 -13.2818 0
      vertex -20.7117 -15.8927 0
    endloop
  endfacet
  facet normal -0 0 -1
    outer loop
      vertex -19.8776 -13.2818 0
      vertex -21.7068 -14.504 0
      vertex -20.7037 -11.9533 0
    endloop
  endfacet
  facet normal 0 0 -1
    outer loop
      vertex -22.6089 -13.0533 0
      vertex -20.7037 -11.9533 0
      vertex -21.7068 -14.504 0
    endloop
  endfacet
  facet normal -0 0 -1
    outer loop
      vertex -20.7037 -11.9533 0
      vertex -22.6089 -13.0533 0
      vertex -21.4411 -10.5736 0
    endloop
  endfacet
  facet normal 0 0 -1
    outer loop
      vertex -23.4142 -11.5466 0
      vertex -21.4411 -10.5736 0
      vertex -22.6089 -13.0533 0
    endloop
  endfacet
  facet normal -0 0 -1
    outer loop
      vertex -21.4411 -10.5736 0
      vertex -23.4142 -11.5466 0
      vertex -22.0868 -9.14864 0
    endloop
  endfacet
  facet normal 0 0 -1
    outer loop
      vertex -24.1193 -9.99054 0
      vertex -22.0868 -9.14864 0
      vertex -23.4142 -11.5466 0
    endloop
  endfacet
  facet normal -0 0 -1
    outer loop
      vertex -22.0868 -9.14864 0
      vertex -24.1193 -9.99054 0
      vertex -22.6378 -7.6845 0
    endloop
  endfacet
  facet normal 0 0 -1
    outer loop
      vertex -24.7211 -8.39167 0
      vertex -22.6378 -7.6845 0
      vertex -24.1193 -9.99054 0
    endloop
  endfacet
  facet normal -0 0 -1
    outer loop
      vertex -22.6378 -7.6845 0
      vertex -24.7211 -8.39167 0
      vertex -23.0919 -6.18747 0
    endloop
  endfacet
  facet normal 0 0 -1
    outer loop
      vertex -25.217 -6.75687 0
      vertex -23.0919 -6.18747 0
      vertex -24.7211 -8.39167 0
    endloop
  endfacet
  facet normal 0 0 -1
    outer loop
      vertex -25.6049 -5.09313 0
      vertex -23.4472 -4.66393 0
      vertex -25.217 -6.75687 0
    endloop
  endfacet
  facet normal -0 0 -1
    outer loop
      vertex -23.0919 -6.18747 0
      vertex -25.217 -6.75687 0
      vertex -23.4472 -4.66393 0
    endloop
  endfacet
  facet normal -0 0 -1
    outer loop
      vertex 25.6049 5.09313 0
      vertex 23.4472 4.66393 0
      vertex 25.217 6.75687 0
    endloop
  endfacet
  facet normal 0 0 -1
    outer loop
      vertex 23.0919 6.18747 0
      vertex 25.217 6.75687 0
      vertex 23.4472 4.66393 0
    endloop
  endfacet
  facet normal -0 0 -1
    outer loop
      vertex 25.217 6.75687 0
      vertex 23.0919 6.18747 0
      vertex 24.7211 8.39167 0
    endloop
  endfacet
  facet normal 0 0 -1
    outer loop
      vertex 22.6378 7.6845 0
      vertex 24.7211 8.39167 0
      vertex 23.0919 6.18747 0
    endloop
  endfacet
  facet normal -0 0 -1
    outer loop
      vertex 24.7211 8.39167 0
      vertex 22.6378 7.6845 0
      vertex 24.1193 9.99054 0
    endloop
  endfacet
  facet normal 0 0 -1
    outer loop
      vertex 22.0868 9.14864 0
      vertex 24.1193 9.99054 0
      vertex 22.6378 7.6845 0
    endloop
  endfacet
  facet normal -0 0 -1
    outer loop
      vertex 24.1193 9.99054 0
      vertex 22.0868 9.14864 0
      vertex 23.4142 11.5466 0
    endloop
  endfacet
  facet normal 0 0 -1
    outer loop
      vertex 21.4411 10.5736 0
      vertex 23.4142 11.5466 0
      vertex 22.0868 9.14864 0
    endloop
  endfacet
  facet normal -0 0 -1
    outer loop
      vertex 23.4142 11.5466 0
      vertex 21.4411 10.5736 0
      vertex 22.6089 13.0533 0
    endloop
  endfacet
  facet normal 0 0 -1
    outer loop
      vertex 20.7037 11.9533 0
      vertex 22.6089 13.0533 0
      vertex 21.4411 10.5736 0
    endloop
  endfacet
  facet normal -0 0 -1
    outer loop
      vertex 22.6089 13.0533 0
      vertex 20.7037 11.9533 0
      vertex 21.7068 14.504 0
    endloop
  endfacet
  facet normal 0 0 -1
    outer loop
      vertex 19.8776 13.2818 0
      vertex 21.7068 14.504 0
      vertex 20.7037 11.9533 0
    endloop
  endfacet
  facet normal -0 0 -1
    outer loop
      vertex 21.7068 14.504 0
      vertex 19.8776 13.2818 0
      vertex 20.7117 15.8927 0
    endloop
  endfacet
  facet normal 0 0 -1
    outer loop
      vertex 18.9663 14.5534 0
      vertex 20.7117 15.8927 0
      vertex 19.8776 13.2818 0
    endloop
  endfacet
  facet normal -0 0 -1
    outer loop
      vertex 20.7117 15.8927 0
      vertex 18.9663 14.5534 0
      vertex 19.6279 17.2132 0
    endloop
  endfacet
  facet normal 0 0 -1
    outer loop
      vertex 17.9739 15.7627 0
      vertex 19.6279 17.2132 0
      vertex 18.9663 14.5534 0
    endloop
  endfacet
  facet normal -0 0 -1
    outer loop
      vertex 19.6279 17.2132 0
      vertex 17.9739 15.7627 0
      vertex 18.4601 18.4601 0
    endloop
  endfacet
  facet normal 0 0 -1
    outer loop
      vertex 16.9045 16.9045 0
      vertex 18.4601 18.4601 0
      vertex 17.9739 15.7627 0
    endloop
  endfacet
  facet normal -0 0 -1
    outer loop
      vertex 18.4601 18.4601 0
      vertex 16.9045 16.9045 0
      vertex 17.2132 19.6279 0
    endloop
  endfacet
  facet normal 0 0 -1
    outer loop
      vertex 15.7627 17.9739 0
      vertex 17.2132 19.6279 0
      vertex 16.9045 16.9045 0
    endloop
  endfacet
  facet normal -0 0 -1
    outer loop
      vertex 17.2132 19.6279 0
      vertex 15.7627 17.9739 0
      vertex 15.8927 20.7117 0
    endloop
  endfacet
  facet normal 0 0 -1
    outer loop
      vertex 14.5534 18.9663 0
      vertex 15.8927 20.7117 0
      vertex 15.7627 17.9739 0
    endloop
  endfacet
  facet normal 0 0 -1
    outer loop
      vertex 14.5534 18.9663 0
      vertex 14.504 21.7068 0
      vertex 15.8927 20.7117 0
    endloop
  endfacet
  facet normal 0 0 -1
    outer loop
      vertex 13.2818 19.8776 0
      vertex 14.504 21.7068 0
      vertex 14.5534 18.9663 0
    endloop
  endfacet
  facet normal 0 0 -1
    outer loop
      vertex 13.2818 19.8776 0
      vertex 13.0533 22.6089 0
      vertex 14.504 21.7068 0
    endloop
  endfacet
  facet normal 0 0 -1
    outer loop
      vertex 11.9533 20.7037 0
      vertex 13.0533 22.6089 0
      vertex 13.2818 19.8776 0
    endloop
  endfacet
  facet normal 0 0 -1
    outer loop
      vertex 11.9533 20.7037 0
      vertex 11.5466 23.4142 0
      vertex 13.0533 22.6089 0
    endloop
  endfacet
  facet normal 0 0 -1
    outer loop
      vertex 10.5736 21.4411 0
      vertex 11.5466 23.4142 0
      vertex 11.9533 20.7037 0
    endloop
  endfacet
  facet normal 0 0 -1
    outer loop
      vertex 10.5736 21.4411 0
      vertex 9.99054 24.1193 0
      vertex 11.5466 23.4142 0
    endloop
  endfacet
  facet normal 0 0 -1
    outer loop
      vertex 9.14864 22.0868 0
      vertex 9.99054 24.1193 0
      vertex 10.5736 21.4411 0
    endloop
  endfacet
  facet normal 0 0 -1
    outer loop
      vertex 9.14864 22.0868 0
      vertex 8.39167 24.7211 0
      vertex 9.99054 24.1193 0
    endloop
  endfacet
  facet normal 0 0 -1
    outer loop
      vertex 7.6845 22.6378 0
      vertex 8.39167 24.7211 0
      vertex 9.14864 22.0868 0
    endloop
  endfacet
  facet normal 0 0 -1
    outer loop
      vertex 7.6845 22.6378 0
      vertex 6.75687 25.217 0
      vertex 8.39167 24.7211 0
    endloop
  endfacet
  facet normal 0 0 -1
    outer loop
      vertex 6.18747 23.0919 0
      vertex 6.75687 25.217 0
      vertex 7.6845 22.6378 0
    endloop
  endfacet
  facet normal 0 0 -1
    outer loop
      vertex 6.18747 23.0919 0
      vertex 5.09313 25.6049 0
      vertex 6.75687 25.217 0
    endloop
  endfacet
  facet normal 0 0 -1
    outer loop
      vertex 4.66393 23.4472 0
      vertex 5.09313 25.6049 0
      vertex 6.18747 23.0919 0
    endloop
  endfacet
  facet normal 0 0 -1
    outer loop
      vertex 4.66393 23.4472 0
      vertex 3.40759 25.8832 0
      vertex 5.09313 25.6049 0
    endloop
  endfacet
  facet normal 0 0 -1
    outer loop
      vertex 3.12043 23.702 0
      vertex 3.40759 25.8832 0
      vertex 4.66393 23.4472 0
    endloop
  endfacet
  facet normal 0 0 -1
    outer loop
      vertex 3.12043 23.702 0
      vertex 1.70745 26.0506 0
      vertex 3.40759 25.8832 0
    endloop
  endfacet
  facet normal 0 0 -1
    outer loop
      vertex 1.56356 23.8554 0
      vertex 1.70745 26.0506 0
      vertex 3.12043 23.702 0
    endloop
  endfacet
  facet normal 0 0 -1
    outer loop
      vertex 0 23.9065 0
      vertex 1.70745 26.0506 0
      vertex 1.56356 23.8554 0
    endloop
  endfacet
  facet normal 0 0 -1
    outer loop
      vertex 0 23.9065 0
      vertex 0 26.1065 0
      vertex 1.70745 26.0506 0
    endloop
  endfacet
  facet normal 0 0 -1
    outer loop
      vertex -1.56356 23.8554 0
      vertex 0 26.1065 0
      vertex 0 23.9065 0
    endloop
  endfacet
  facet normal 0 0 -1
    outer loop
      vertex -1.56356 23.8554 0
      vertex -1.70745 26.0506 0
      vertex 0 26.1065 0
    endloop
  endfacet
  facet normal 0 0 -1
    outer loop
      vertex -3.12043 23.702 0
      vertex -1.70745 26.0506 0
      vertex -1.56356 23.8554 0
    endloop
  endfacet
  facet normal 0 0 -1
    outer loop
      vertex -3.12043 23.702 0
      vertex -3.40759 25.8832 0
      vertex -1.70745 26.0506 0
    endloop
  endfacet
  facet normal 0 0 -1
    outer loop
      vertex -4.66393 23.4472 0
      vertex -3.40759 25.8832 0
      vertex -3.12043 23.702 0
    endloop
  endfacet
  facet normal 0 0 -1
    outer loop
      vertex -4.66393 23.4472 0
      vertex -5.09313 25.6049 0
      vertex -3.40759 25.8832 0
    endloop
  endfacet
  facet normal 0 0 -1
    outer loop
      vertex -6.18747 23.0919 0
      vertex -5.09313 25.6049 0
      vertex -4.66393 23.4472 0
    endloop
  endfacet
  facet normal 0 0 -1
    outer loop
      vertex -6.18747 23.0919 0
      vertex -6.75687 25.217 0
      vertex -5.09313 25.6049 0
    endloop
  endfacet
  facet normal 0 0 -1
    outer loop
      vertex -7.6845 22.6378 0
      vertex -6.75687 25.217 0
      vertex -6.18747 23.0919 0
    endloop
  endfacet
  facet normal 0 0 -1
    outer loop
      vertex -7.6845 22.6378 0
      vertex -8.39167 24.7211 0
      vertex -6.75687 25.217 0
    endloop
  endfacet
  facet normal 0 0 -1
    outer loop
      vertex -9.14864 22.0868 0
      vertex -8.39167 24.7211 0
      vertex -7.6845 22.6378 0
    endloop
  endfacet
  facet normal 0 0 -1
    outer loop
      vertex -9.14864 22.0868 0
      vertex -9.99054 24.1193 0
      vertex -8.39167 24.7211 0
    endloop
  endfacet
  facet normal 0 0 -1
    outer loop
      vertex -10.5736 21.4411 0
      vertex -9.99054 24.1193 0
      vertex -9.14864 22.0868 0
    endloop
  endfacet
  facet normal 0 0 -1
    outer loop
      vertex -10.5736 21.4411 0
      vertex -11.5466 23.4142 0
      vertex -9.99054 24.1193 0
    endloop
  endfacet
  facet normal 0 0 -1
    outer loop
      vertex -11.9533 20.7037 0
      vertex -11.5466 23.4142 0
      vertex -10.5736 21.4411 0
    endloop
  endfacet
  facet normal 0 0 -1
    outer loop
      vertex -11.9533 20.7037 0
      vertex -13.0533 22.6089 0
      vertex -11.5466 23.4142 0
    endloop
  endfacet
  facet normal 0 0 -1
    outer loop
      vertex -13.2818 19.8776 0
      vertex -13.0533 22.6089 0
      vertex -11.9533 20.7037 0
    endloop
  endfacet
  facet normal 0 0 -1
    outer loop
      vertex -13.2818 19.8776 0
      vertex -14.504 21.7068 0
      vertex -13.0533 22.6089 0
    endloop
  endfacet
  facet normal 0 0 -1
    outer loop
      vertex -14.5534 18.9663 0
      vertex -14.504 21.7068 0
      vertex -13.2818 19.8776 0
    endloop
  endfacet
  facet normal 0 0 -1
    outer loop
      vertex -15.8927 20.7117 0
      vertex -14.5534 18.9663 0
      vertex -15.7627 17.9739 0
    endloop
  endfacet
  facet normal 0 0 -1
    outer loop
      vertex -14.5534 18.9663 0
      vertex -15.8927 20.7117 0
      vertex -14.504 21.7068 0
    endloop
  endfacet
  facet normal 0 0 -1
    outer loop
      vertex -17.2132 19.6279 0
      vertex -15.7627 17.9739 0
      vertex -16.9045 16.9045 0
    endloop
  endfacet
  facet normal 0 0 -1
    outer loop
      vertex -15.7627 17.9739 0
      vertex -17.2132 19.6279 0
      vertex -15.8927 20.7117 0
    endloop
  endfacet
  facet normal 0 0 -1
    outer loop
      vertex -18.4601 18.4601 0
      vertex -16.9045 16.9045 0
      vertex -17.9739 15.7627 0
    endloop
  endfacet
  facet normal 0 0 -1
    outer loop
      vertex -16.9045 16.9045 0
      vertex -18.4601 18.4601 0
      vertex -17.2132 19.6279 0
    endloop
  endfacet
  facet normal 0 0 -1
    outer loop
      vertex -19.6279 17.2132 0
      vertex -17.9739 15.7627 0
      vertex -18.9663 14.5534 0
    endloop
  endfacet
  facet normal 0 0 -1
    outer loop
      vertex -17.9739 15.7627 0
      vertex -19.6279 17.2132 0
      vertex -18.4601 18.4601 0
    endloop
  endfacet
  facet normal 0 0 -1
    outer loop
      vertex -20.7117 15.8927 0
      vertex -18.9663 14.5534 0
      vertex -19.8776 13.2818 0
    endloop
  endfacet
  facet normal 0 0 -1
    outer loop
      vertex -21.7068 14.504 0
      vertex -19.8776 13.2818 0
      vertex -20.7037 11.9533 0
    endloop
  endfacet
  facet normal 0 0 -1
    outer loop
      vertex -18.9663 14.5534 0
      vertex -20.7117 15.8927 0
      vertex -19.6279 17.2132 0
    endloop
  endfacet
  facet normal 0 0 -1
    outer loop
      vertex -22.6089 13.0533 0
      vertex -20.7037 11.9533 0
      vertex -21.4411 10.5736 0
    endloop
  endfacet
  facet normal 0 0 -1
    outer loop
      vertex -19.8776 13.2818 0
      vertex -21.7068 14.504 0
      vertex -20.7117 15.8927 0
    endloop
  endfacet
  facet normal 0 0 -1
    outer loop
      vertex -23.4142 11.5466 0
      vertex -21.4411 10.5736 0
      vertex -22.0868 9.14864 0
    endloop
  endfacet
  facet normal 0 0 -1
    outer loop
      vertex -20.7037 11.9533 0
      vertex -22.6089 13.0533 0
      vertex -21.7068 14.504 0
    endloop
  endfacet
  facet normal 0 0 -1
    outer loop
      vertex -24.1193 9.99054 0
      vertex -22.0868 9.14864 0
      vertex -22.6378 7.6845 0
    endloop
  endfacet
  facet normal 0 0 -1
    outer loop
      vertex -24.7211 8.39167 0
      vertex -22.6378 7.6845 0
      vertex -23.0919 6.18747 0
    endloop
  endfacet
  facet normal 0 0 -1
    outer loop
      vertex -21.4411 10.5736 0
      vertex -23.4142 11.5466 0
      vertex -22.6089 13.0533 0
    endloop
  endfacet
  facet normal 0 0 -1
    outer loop
      vertex -25.217 6.75687 0
      vertex -23.0919 6.18747 0
      vertex -23.4472 4.66393 0
    endloop
  endfacet
  facet normal 0 0 -1
    outer loop
      vertex -25.6049 5.09313 0
      vertex -23.4472 4.66393 0
      vertex -23.702 3.12043 0
    endloop
  endfacet
  facet normal 0 0 -1
    outer loop
      vertex -25.8832 3.40759 0
      vertex -23.702 3.12043 0
      vertex -23.8554 1.56356 0
    endloop
  endfacet
  facet normal 0 0 -1
    outer loop
      vertex -22.0868 9.14864 0
      vertex -24.1193 9.99054 0
      vertex -23.4142 11.5466 0
    endloop
  endfacet
  facet normal 0 0 -1
    outer loop
      vertex -26.0506 1.70745 0
      vertex -23.8554 1.56356 0
      vertex -23.9065 0 0
    endloop
  endfacet
  facet normal -0 0 -1
    outer loop
      vertex -23.4472 -4.66393 0
      vertex -25.6049 -5.09313 0
      vertex -23.702 -3.12043 0
    endloop
  endfacet
  facet normal 0 0 -1
    outer loop
      vertex -25.8832 -3.40759 0
      vertex -23.702 -3.12043 0
      vertex -25.6049 -5.09313 0
    endloop
  endfacet
  facet normal 0 0 -1
    outer loop
      vertex -22.6378 7.6845 0
      vertex -24.7211 8.39167 0
      vertex -24.1193 9.99054 0
    endloop
  endfacet
  facet normal -0 0 -1
    outer loop
      vertex -23.702 -3.12043 0
      vertex -25.8832 -3.40759 0
      vertex -23.8554 -1.56356 0
    endloop
  endfacet
  facet normal 0 0 -1
    outer loop
      vertex -23.0919 6.18747 0
      vertex -25.217 6.75687 0
      vertex -24.7211 8.39167 0
    endloop
  endfacet
  facet normal 0 0 -1
    outer loop
      vertex -26.0506 -1.70745 0
      vertex -23.8554 -1.56356 0
      vertex -25.8832 -3.40759 0
    endloop
  endfacet
  facet normal 0 0 -1
    outer loop
      vertex -23.4472 4.66393 0
      vertex -25.6049 5.09313 0
      vertex -25.217 6.75687 0
    endloop
  endfacet
  facet normal -0 0 -1
    outer loop
      vertex -23.8554 -1.56356 0
      vertex -26.0506 -1.70745 0
      vertex -23.9065 0 0
    endloop
  endfacet
  facet normal 0 0 -1
    outer loop
      vertex -23.702 3.12043 0
      vertex -25.8832 3.40759 0
      vertex -25.6049 5.09313 0
    endloop
  endfacet
  facet normal 0 0 -1
    outer loop
      vertex -26.1065 0 0
      vertex -23.9065 0 0
      vertex -26.0506 -1.70745 0
    endloop
  endfacet
  facet normal 0 0 -1
    outer loop
      vertex -23.8554 1.56356 0
      vertex -26.0506 1.70745 0
      vertex -25.8832 3.40759 0
    endloop
  endfacet
  facet normal 0 0 -1
    outer loop
      vertex -23.9065 0 0
      vertex -26.1065 0 0
      vertex -26.0506 1.70745 0
    endloop
  endfacet
  facet normal -0.22706 -0.973881 0
    outer loop
      vertex -6.75687 -25.217 0
      vertex -5.09313 -25.6049 4.1
      vertex -6.75687 -25.217 4.1
    endloop
  endfacet
  facet normal -0.22706 -0.973881 -0
    outer loop
      vertex -5.09313 -25.6049 4.1
      vertex -6.75687 -25.217 0
      vertex -5.09313 -25.6049 0
    endloop
  endfacet
  facet normal -0.471375 0.881933 0
    outer loop
      vertex -11.5466 23.4142 0
      vertex -13.0533 22.6089 4.1
      vertex -11.5466 23.4142 4.1
    endloop
  endfacet
  facet normal -0.471375 0.881933 0
    outer loop
      vertex -13.0533 22.6089 4.1
      vertex -11.5466 23.4142 0
      vertex -13.0533 22.6089 0
    endloop
  endfacet
  facet normal -0.881933 -0.471375 0
    outer loop
      vertex -22.6089 -13.0533 0
      vertex -23.4142 -11.5466 4.1
      vertex -23.4142 -11.5466 0
    endloop
  endfacet
  facet normal -0.881933 -0.471375 0
    outer loop
      vertex -23.4142 -11.5466 4.1
      vertex -22.6089 -13.0533 0
      vertex -22.6089 -13.0533 4.1
    endloop
  endfacet
  facet normal 0.995181 0.0980562 0
    outer loop
      vertex 23.8554 1.56356 0
      vertex 23.702 3.12043 -1.2
      vertex 23.702 3.12043 0
    endloop
  endfacet
  facet normal 0.995181 0.0980562 0
    outer loop
      vertex 23.702 3.12043 -1.2
      vertex 23.8554 1.56356 0
      vertex 23.8554 1.56356 -1.2
    endloop
  endfacet
  facet normal 0.412738 0.91085 -0
    outer loop
      vertex 10.5736 21.4411 -1.2
      vertex 9.14864 22.0868 0
      vertex 10.5736 21.4411 0
    endloop
  endfacet
  facet normal 0.412738 0.91085 0
    outer loop
      vertex 9.14864 22.0868 0
      vertex 10.5736 21.4411 -1.2
      vertex 9.14864 22.0868 -1.2
    endloop
  endfacet
  facet normal -0.683588 -0.729868 0
    outer loop
      vertex -16.9045 -16.9045 -1.2
      vertex -15.7627 -17.9739 0
      vertex -16.9045 -16.9045 0
    endloop
  endfacet
  facet normal -0.683588 -0.729868 -0
    outer loop
      vertex -15.7627 -17.9739 0
      vertex -16.9045 -16.9045 -1.2
      vertex -15.7627 -17.9739 -1.2
    endloop
  endfacet
  facet normal -0.412738 0.91085 0
    outer loop
      vertex -9.14864 22.0868 -1.2
      vertex -10.5736 21.4411 0
      vertex -9.14864 22.0868 0
    endloop
  endfacet
  facet normal -0.412738 0.91085 0
    outer loop
      vertex -10.5736 21.4411 0
      vertex -9.14864 22.0868 -1.2
      vertex -10.5736 21.4411 -1.2
    endloop
  endfacet
  facet normal 0.582513 -0.812821 0
    outer loop
      vertex 13.2818 -19.8776 -1.2
      vertex 14.5534 -18.9663 0
      vertex 13.2818 -19.8776 0
    endloop
  endfacet
  facet normal 0.582513 -0.812821 0
    outer loop
      vertex 14.5534 -18.9663 0
      vertex 13.2818 -19.8776 -1.2
      vertex 14.5534 -18.9663 -1.2
    endloop
  endfacet
  facet normal -0.0326644 -0.999466 0
    outer loop
      vertex -1.56356 -23.8554 -1.2
      vertex 0 -23.9065 0
      vertex -1.56356 -23.8554 0
    endloop
  endfacet
  facet normal -0.0326644 -0.999466 -0
    outer loop
      vertex 0 -23.9065 0
      vertex -1.56356 -23.8554 -1.2
      vertex 0 -23.9065 -1.2
    endloop
  endfacet
  facet normal -0.986647 -0.162875 0
    outer loop
      vertex -23.4472 -4.66393 -1.2
      vertex -23.702 -3.12043 0
      vertex -23.702 -3.12043 -1.2
    endloop
  endfacet
  facet normal -0.986647 -0.162875 0
    outer loop
      vertex -23.702 -3.12043 0
      vertex -23.4472 -4.66393 -1.2
      vertex -23.4472 -4.66393 0
    endloop
  endfacet
  facet normal -0.227113 0.973868 0
    outer loop
      vertex -4.66393 23.4472 -1.2
      vertex -6.18747 23.0919 0
      vertex -4.66393 23.4472 0
    endloop
  endfacet
  facet normal -0.227113 0.973868 0
    outer loop
      vertex -6.18747 23.0919 0
      vertex -4.66393 23.4472 -1.2
      vertex -6.18747 23.0919 -1.2
    endloop
  endfacet
  facet normal -0.812821 0.582513 0
    outer loop
      vertex -19.8776 13.2818 -1.2
      vertex -18.9663 14.5534 0
      vertex -18.9663 14.5534 -1.2
    endloop
  endfacet
  facet normal -0.812821 0.582513 0
    outer loop
      vertex -18.9663 14.5534 0
      vertex -19.8776 13.2818 -1.2
      vertex -19.8776 13.2818 0
    endloop
  endfacet
  facet normal 0.849206 -0.528061 0
    outer loop
      vertex 19.8776 -13.2818 0
      vertex 20.7037 -11.9533 -1.2
      vertex 20.7037 -11.9533 0
    endloop
  endfacet
  facet normal 0.849206 -0.528061 0
    outer loop
      vertex 20.7037 -11.9533 -1.2
      vertex 19.8776 -13.2818 0
      vertex 19.8776 -13.2818 -1.2
    endloop
  endfacet
  facet normal 0.999466 -0.0326644 0
    outer loop
      vertex 23.8554 -1.56356 0
      vertex 23.9065 0 -1.2
      vertex 23.9065 0 0
    endloop
  endfacet
  facet normal 0.999466 -0.0326644 0
    outer loop
      vertex 23.9065 0 -1.2
      vertex 23.8554 -1.56356 0
      vertex 23.8554 -1.56356 -1.2
    endloop
  endfacet
  facet normal 0.0980562 0.995181 -0
    outer loop
      vertex 3.12043 23.702 -1.2
      vertex 1.56356 23.8554 0
      vertex 3.12043 23.702 0
    endloop
  endfacet
  facet normal 0.0980562 0.995181 0
    outer loop
      vertex 1.56356 23.8554 0
      vertex 3.12043 23.702 -1.2
      vertex 1.56356 23.8554 -1.2
    endloop
  endfacet
  facet normal -0.773025 -0.634375 0
    outer loop
      vertex -17.9739 -15.7627 -1.2
      vertex -18.9663 -14.5534 0
      vertex -18.9663 -14.5534 -1.2
    endloop
  endfacet
  facet normal -0.773025 -0.634375 0
    outer loop
      vertex -18.9663 -14.5534 0
      vertex -17.9739 -15.7627 -1.2
      vertex -17.9739 -15.7627 0
    endloop
  endfacet
  facet normal 0.986647 0.162875 0
    outer loop
      vertex 23.702 3.12043 0
      vertex 23.4472 4.66393 -1.2
      vertex 23.4472 4.66393 0
    endloop
  endfacet
  facet normal 0.986647 0.162875 0
    outer loop
      vertex 23.4472 4.66393 -1.2
      vertex 23.702 3.12043 0
      vertex 23.702 3.12043 -1.2
    endloop
  endfacet
  facet normal -0.634375 -0.773025 0
    outer loop
      vertex -15.7627 -17.9739 -1.2
      vertex -14.5534 -18.9663 0
      vertex -15.7627 -17.9739 0
    endloop
  endfacet
  facet normal -0.634375 -0.773025 -0
    outer loop
      vertex -14.5534 -18.9663 0
      vertex -15.7627 -17.9739 -1.2
      vertex -14.5534 -18.9663 -1.2
    endloop
  endfacet
  facet normal 0.227113 0.973868 -0
    outer loop
      vertex 6.18747 23.0919 -1.2
      vertex 4.66393 23.4472 0
      vertex 6.18747 23.0919 0
    endloop
  endfacet
  facet normal 0.227113 0.973868 0
    outer loop
      vertex 4.66393 23.4472 0
      vertex 6.18747 23.0919 -1.2
      vertex 4.66393 23.4472 -1.2
    endloop
  endfacet
  facet normal 0.773025 0.634375 0
    outer loop
      vertex 18.9663 14.5534 0
      vertex 17.9739 15.7627 -1.2
      vertex 17.9739 15.7627 0
    endloop
  endfacet
  facet normal 0.773025 0.634375 0
    outer loop
      vertex 17.9739 15.7627 -1.2
      vertex 18.9663 14.5534 0
      vertex 18.9663 14.5534 -1.2
    endloop
  endfacet
  facet normal 0.634375 -0.773025 0
    outer loop
      vertex 14.5534 -18.9663 -1.2
      vertex 15.7627 -17.9739 0
      vertex 14.5534 -18.9663 0
    endloop
  endfacet
  facet normal 0.634375 -0.773025 0
    outer loop
      vertex 15.7627 -17.9739 0
      vertex 14.5534 -18.9663 -1.2
      vertex 15.7627 -17.9739 -1.2
    endloop
  endfacet
  facet normal -0.999466 -0.0326644 0
    outer loop
      vertex -23.8554 -1.56356 -1.2
      vertex -23.9065 0 0
      vertex -23.9065 0 -1.2
    endloop
  endfacet
  facet normal -0.999466 -0.0326644 0
    outer loop
      vertex -23.9065 0 0
      vertex -23.8554 -1.56356 -1.2
      vertex -23.8554 -1.56356 0
    endloop
  endfacet
  facet normal -0.881939 -0.471364 0
    outer loop
      vertex -20.7037 -11.9533 -1.2
      vertex -21.4411 -10.5736 0
      vertex -21.4411 -10.5736 -1.2
    endloop
  endfacet
  facet normal -0.881939 -0.471364 0
    outer loop
      vertex -21.4411 -10.5736 0
      vertex -20.7037 -11.9533 -1.2
      vertex -20.7037 -11.9533 0
    endloop
  endfacet
  facet normal 0.956944 0.290274 0
    outer loop
      vertex 23.0919 6.18747 0
      vertex 22.6378 7.6845 -1.2
      vertex 22.6378 7.6845 0
    endloop
  endfacet
  facet normal 0.956944 0.290274 0
    outer loop
      vertex 22.6378 7.6845 -1.2
      vertex 23.0919 6.18747 0
      vertex 23.0919 6.18747 -1.2
    endloop
  endfacet
  facet normal -0.995181 -0.0980562 0
    outer loop
      vertex -23.702 -3.12043 -1.2
      vertex -23.8554 -1.56356 0
      vertex -23.8554 -1.56356 -1.2
    endloop
  endfacet
  facet normal -0.995181 -0.0980562 0
    outer loop
      vertex -23.8554 -1.56356 0
      vertex -23.702 -3.12043 -1.2
      vertex -23.702 -3.12043 0
    endloop
  endfacet
  facet normal -0.729868 0.683588 0
    outer loop
      vertex -17.9739 15.7627 -1.2
      vertex -16.9045 16.9045 0
      vertex -16.9045 16.9045 -1.2
    endloop
  endfacet
  facet normal -0.729868 0.683588 0
    outer loop
      vertex -16.9045 16.9045 0
      vertex -17.9739 15.7627 -1.2
      vertex -17.9739 15.7627 0
    endloop
  endfacet
  facet normal -0.162875 0.986647 0
    outer loop
      vertex -3.12043 23.702 -1.2
      vertex -4.66393 23.4472 0
      vertex -3.12043 23.702 0
    endloop
  endfacet
  facet normal -0.162875 0.986647 0
    outer loop
      vertex -4.66393 23.4472 0
      vertex -3.12043 23.702 -1.2
      vertex -4.66393 23.4472 -1.2
    endloop
  endfacet
  facet normal -0.849206 0.528061 0
    outer loop
      vertex -20.7037 11.9533 -1.2
      vertex -19.8776 13.2818 0
      vertex -19.8776 13.2818 -1.2
    endloop
  endfacet
  facet normal -0.849206 0.528061 0
    outer loop
      vertex -19.8776 13.2818 0
      vertex -20.7037 11.9533 -1.2
      vertex -20.7037 11.9533 0
    endloop
  endfacet
  facet normal 0.471364 0.881939 -0
    outer loop
      vertex 11.9533 20.7037 -1.2
      vertex 10.5736 21.4411 0
      vertex 11.9533 20.7037 0
    endloop
  endfacet
  facet normal 0.471364 0.881939 0
    outer loop
      vertex 10.5736 21.4411 0
      vertex 11.9533 20.7037 -1.2
      vertex 10.5736 21.4411 -1.2
    endloop
  endfacet
  facet normal 0.412738 -0.91085 0
    outer loop
      vertex 9.14864 -22.0868 -1.2
      vertex 10.5736 -21.4411 0
      vertex 9.14864 -22.0868 0
    endloop
  endfacet
  facet normal 0.412738 -0.91085 0
    outer loop
      vertex 10.5736 -21.4411 0
      vertex 9.14864 -22.0868 -1.2
      vertex 10.5736 -21.4411 -1.2
    endloop
  endfacet
  facet normal -0.471364 0.881939 0
    outer loop
      vertex -10.5736 21.4411 -1.2
      vertex -11.9533 20.7037 0
      vertex -10.5736 21.4411 0
    endloop
  endfacet
  facet normal -0.471364 0.881939 0
    outer loop
      vertex -11.9533 20.7037 0
      vertex -10.5736 21.4411 -1.2
      vertex -11.9533 20.7037 -1.2
    endloop
  endfacet
  facet normal 0.881939 -0.471364 0
    outer loop
      vertex 20.7037 -11.9533 0
      vertex 21.4411 -10.5736 -1.2
      vertex 21.4411 -10.5736 0
    endloop
  endfacet
  facet normal 0.881939 -0.471364 0
    outer loop
      vertex 21.4411 -10.5736 -1.2
      vertex 20.7037 -11.9533 0
      vertex 20.7037 -11.9533 -1.2
    endloop
  endfacet
  facet normal 0.995181 -0.0980562 0
    outer loop
      vertex 23.702 -3.12043 0
      vertex 23.8554 -1.56356 -1.2
      vertex 23.8554 -1.56356 0
    endloop
  endfacet
  facet normal 0.995181 -0.0980562 0
    outer loop
      vertex 23.8554 -1.56356 -1.2
      vertex 23.702 -3.12043 0
      vertex 23.702 -3.12043 -1.2
    endloop
  endfacet
  facet normal -0.290274 0.956944 0
    outer loop
      vertex -6.18747 23.0919 -1.2
      vertex -7.6845 22.6378 0
      vertex -6.18747 23.0919 0
    endloop
  endfacet
  facet normal -0.290274 0.956944 0
    outer loop
      vertex -7.6845 22.6378 0
      vertex -6.18747 23.0919 -1.2
      vertex -7.6845 22.6378 -1.2
    endloop
  endfacet
  facet normal 0.973868 0.227113 0
    outer loop
      vertex 23.4472 4.66393 0
      vertex 23.0919 6.18747 -1.2
      vertex 23.0919 6.18747 0
    endloop
  endfacet
  facet normal 0.973868 0.227113 0
    outer loop
      vertex 23.0919 6.18747 -1.2
      vertex 23.4472 4.66393 0
      vertex 23.4472 4.66393 -1.2
    endloop
  endfacet
  facet normal 0.773025 -0.634375 0
    outer loop
      vertex 17.9739 -15.7627 0
      vertex 18.9663 -14.5534 -1.2
      vertex 18.9663 -14.5534 0
    endloop
  endfacet
  facet normal 0.773025 -0.634375 0
    outer loop
      vertex 18.9663 -14.5534 -1.2
      vertex 17.9739 -15.7627 0
      vertex 17.9739 -15.7627 -1.2
    endloop
  endfacet
  facet normal -0.0980562 0.995181 0
    outer loop
      vertex -1.56356 23.8554 -1.2
      vertex -3.12043 23.702 0
      vertex -1.56356 23.8554 0
    endloop
  endfacet
  facet normal -0.0980562 0.995181 0
    outer loop
      vertex -3.12043 23.702 0
      vertex -1.56356 23.8554 -1.2
      vertex -3.12043 23.702 -1.2
    endloop
  endfacet
  facet normal 0.881939 0.471364 0
    outer loop
      vertex 21.4411 10.5736 0
      vertex 20.7037 11.9533 -1.2
      vertex 20.7037 11.9533 0
    endloop
  endfacet
  facet normal 0.881939 0.471364 0
    outer loop
      vertex 20.7037 11.9533 -1.2
      vertex 21.4411 10.5736 0
      vertex 21.4411 10.5736 -1.2
    endloop
  endfacet
  facet normal 0.999466 0.0326644 0
    outer loop
      vertex 23.9065 0 0
      vertex 23.8554 1.56356 -1.2
      vertex 23.8554 1.56356 0
    endloop
  endfacet
  facet normal 0.999466 0.0326644 0
    outer loop
      vertex 23.8554 1.56356 -1.2
      vertex 23.9065 0 0
      vertex 23.9065 0 -1.2
    endloop
  endfacet
  facet normal 0.352215 -0.935919 0
    outer loop
      vertex 7.6845 -22.6378 -1.2
      vertex 9.14864 -22.0868 0
      vertex 7.6845 -22.6378 0
    endloop
  endfacet
  facet normal 0.352215 -0.935919 0
    outer loop
      vertex 9.14864 -22.0868 0
      vertex 7.6845 -22.6378 -1.2
      vertex 9.14864 -22.0868 -1.2
    endloop
  endfacet
  facet normal -0.0326644 0.999466 0
    outer loop
      vertex 0 23.9065 -1.2
      vertex -1.56356 23.8554 0
      vertex 0 23.9065 0
    endloop
  endfacet
  facet normal -0.0326644 0.999466 0
    outer loop
      vertex -1.56356 23.8554 0
      vertex 0 23.9065 -1.2
      vertex -1.56356 23.8554 -1.2
    endloop
  endfacet
  facet normal 0.0980562 -0.995181 0
    outer loop
      vertex 1.56356 -23.8554 -1.2
      vertex 3.12043 -23.702 0
      vertex 1.56356 -23.8554 0
    endloop
  endfacet
  facet normal 0.0980562 -0.995181 0
    outer loop
      vertex 3.12043 -23.702 0
      vertex 1.56356 -23.8554 -1.2
      vertex 3.12043 -23.702 -1.2
    endloop
  endfacet
  facet normal -0.935919 -0.352215 0
    outer loop
      vertex -22.0868 -9.14864 -1.2
      vertex -22.6378 -7.6845 0
      vertex -22.6378 -7.6845 -1.2
    endloop
  endfacet
  facet normal -0.935919 -0.352215 0
    outer loop
      vertex -22.6378 -7.6845 0
      vertex -22.0868 -9.14864 -1.2
      vertex -22.0868 -9.14864 0
    endloop
  endfacet
  facet normal -0.227113 -0.973868 0
    outer loop
      vertex -6.18747 -23.0919 -1.2
      vertex -4.66393 -23.4472 0
      vertex -6.18747 -23.0919 0
    endloop
  endfacet
  facet normal -0.227113 -0.973868 -0
    outer loop
      vertex -4.66393 -23.4472 0
      vertex -6.18747 -23.0919 -1.2
      vertex -4.66393 -23.4472 -1.2
    endloop
  endfacet
  facet normal -0.412738 -0.91085 0
    outer loop
      vertex -10.5736 -21.4411 -1.2
      vertex -9.14864 -22.0868 0
      vertex -10.5736 -21.4411 0
    endloop
  endfacet
  facet normal -0.412738 -0.91085 -0
    outer loop
      vertex -9.14864 -22.0868 0
      vertex -10.5736 -21.4411 -1.2
      vertex -9.14864 -22.0868 -1.2
    endloop
  endfacet
  facet normal 0.986647 -0.162875 0
    outer loop
      vertex 23.4472 -4.66393 0
      vertex 23.702 -3.12043 -1.2
      vertex 23.702 -3.12043 0
    endloop
  endfacet
  facet normal 0.986647 -0.162875 0
    outer loop
      vertex 23.702 -3.12043 -1.2
      vertex 23.4472 -4.66393 0
      vertex 23.4472 -4.66393 -1.2
    endloop
  endfacet
  facet normal 0.812821 0.582513 0
    outer loop
      vertex 19.8776 13.2818 0
      vertex 18.9663 14.5534 -1.2
      vertex 18.9663 14.5534 0
    endloop
  endfacet
  facet normal 0.812821 0.582513 0
    outer loop
      vertex 18.9663 14.5534 -1.2
      vertex 19.8776 13.2818 0
      vertex 19.8776 13.2818 -1.2
    endloop
  endfacet
  facet normal 0.0326644 0.999466 -0
    outer loop
      vertex 1.56356 23.8554 -1.2
      vertex 0 23.9065 0
      vertex 1.56356 23.8554 0
    endloop
  endfacet
  facet normal 0.0326644 0.999466 0
    outer loop
      vertex 0 23.9065 0
      vertex 1.56356 23.8554 -1.2
      vertex 0 23.9065 -1.2
    endloop
  endfacet
  facet normal 0.471364 -0.881939 0
    outer loop
      vertex 10.5736 -21.4411 -1.2
      vertex 11.9533 -20.7037 0
      vertex 10.5736 -21.4411 0
    endloop
  endfacet
  facet normal 0.471364 -0.881939 0
    outer loop
      vertex 11.9533 -20.7037 0
      vertex 10.5736 -21.4411 -1.2
      vertex 11.9533 -20.7037 -1.2
    endloop
  endfacet
  facet normal 0.91085 -0.412738 0
    outer loop
      vertex 21.4411 -10.5736 0
      vertex 22.0868 -9.14864 -1.2
      vertex 22.0868 -9.14864 0
    endloop
  endfacet
  facet normal 0.91085 -0.412738 0
    outer loop
      vertex 22.0868 -9.14864 -1.2
      vertex 21.4411 -10.5736 0
      vertex 21.4411 -10.5736 -1.2
    endloop
  endfacet
  facet normal 0.812821 -0.582513 0
    outer loop
      vertex 18.9663 -14.5534 0
      vertex 19.8776 -13.2818 -1.2
      vertex 19.8776 -13.2818 0
    endloop
  endfacet
  facet normal 0.812821 -0.582513 0
    outer loop
      vertex 19.8776 -13.2818 -1.2
      vertex 18.9663 -14.5534 0
      vertex 18.9663 -14.5534 -1.2
    endloop
  endfacet
  facet normal -0.683588 0.729868 0
    outer loop
      vertex -15.7627 17.9739 -1.2
      vertex -16.9045 16.9045 0
      vertex -15.7627 17.9739 0
    endloop
  endfacet
  facet normal -0.683588 0.729868 0
    outer loop
      vertex -16.9045 16.9045 0
      vertex -15.7627 17.9739 -1.2
      vertex -16.9045 16.9045 -1.2
    endloop
  endfacet
  facet normal -0.162875 -0.986647 0
    outer loop
      vertex -4.66393 -23.4472 -1.2
      vertex -3.12043 -23.702 0
      vertex -4.66393 -23.4472 0
    endloop
  endfacet
  facet normal -0.162875 -0.986647 -0
    outer loop
      vertex -3.12043 -23.702 0
      vertex -4.66393 -23.4472 -1.2
      vertex -3.12043 -23.702 -1.2
    endloop
  endfacet
  facet normal -0.528061 -0.849206 0
    outer loop
      vertex -13.2818 -19.8776 -1.2
      vertex -11.9533 -20.7037 0
      vertex -13.2818 -19.8776 0
    endloop
  endfacet
  facet normal -0.528061 -0.849206 -0
    outer loop
      vertex -11.9533 -20.7037 0
      vertex -13.2818 -19.8776 -1.2
      vertex -11.9533 -20.7037 -1.2
    endloop
  endfacet
  facet normal -0.812821 -0.582513 0
    outer loop
      vertex -18.9663 -14.5534 -1.2
      vertex -19.8776 -13.2818 0
      vertex -19.8776 -13.2818 -1.2
    endloop
  endfacet
  facet normal -0.812821 -0.582513 0
    outer loop
      vertex -19.8776 -13.2818 0
      vertex -18.9663 -14.5534 -1.2
      vertex -18.9663 -14.5534 0
    endloop
  endfacet
  facet normal -0.973868 0.227113 0
    outer loop
      vertex -23.4472 4.66393 -1.2
      vertex -23.0919 6.18747 0
      vertex -23.0919 6.18747 -1.2
    endloop
  endfacet
  facet normal -0.973868 0.227113 0
    outer loop
      vertex -23.0919 6.18747 0
      vertex -23.4472 4.66393 -1.2
      vertex -23.4472 4.66393 0
    endloop
  endfacet
  facet normal -0.634375 0.773025 0
    outer loop
      vertex -14.5534 18.9663 -1.2
      vertex -15.7627 17.9739 0
      vertex -14.5534 18.9663 0
    endloop
  endfacet
  facet normal -0.634375 0.773025 0
    outer loop
      vertex -15.7627 17.9739 0
      vertex -14.5534 18.9663 -1.2
      vertex -15.7627 17.9739 -1.2
    endloop
  endfacet
  facet normal 0.528061 0.849206 -0
    outer loop
      vertex 13.2818 19.8776 -1.2
      vertex 11.9533 20.7037 0
      vertex 13.2818 19.8776 0
    endloop
  endfacet
  facet normal 0.528061 0.849206 0
    outer loop
      vertex 11.9533 20.7037 0
      vertex 13.2818 19.8776 -1.2
      vertex 11.9533 20.7037 -1.2
    endloop
  endfacet
  facet normal -0.956944 -0.290274 0
    outer loop
      vertex -22.6378 -7.6845 -1.2
      vertex -23.0919 -6.18747 0
      vertex -23.0919 -6.18747 -1.2
    endloop
  endfacet
  facet normal -0.956944 -0.290274 0
    outer loop
      vertex -23.0919 -6.18747 0
      vertex -22.6378 -7.6845 -1.2
      vertex -22.6378 -7.6845 0
    endloop
  endfacet
  facet normal 0.973868 -0.227113 0
    outer loop
      vertex 23.0919 -6.18747 0
      vertex 23.4472 -4.66393 -1.2
      vertex 23.4472 -4.66393 0
    endloop
  endfacet
  facet normal 0.973868 -0.227113 0
    outer loop
      vertex 23.4472 -4.66393 -1.2
      vertex 23.0919 -6.18747 0
      vertex 23.0919 -6.18747 -1.2
    endloop
  endfacet
  facet normal -0.999466 0.0326644 0
    outer loop
      vertex -23.9065 0 -1.2
      vertex -23.8554 1.56356 0
      vertex -23.8554 1.56356 -1.2
    endloop
  endfacet
  facet normal -0.999466 0.0326644 0
    outer loop
      vertex -23.8554 1.56356 0
      vertex -23.9065 0 -1.2
      vertex -23.9065 0 0
    endloop
  endfacet
  facet normal -0.973868 -0.227113 0
    outer loop
      vertex -23.0919 -6.18747 -1.2
      vertex -23.4472 -4.66393 0
      vertex -23.4472 -4.66393 -1.2
    endloop
  endfacet
  facet normal -0.973868 -0.227113 0
    outer loop
      vertex -23.4472 -4.66393 0
      vertex -23.0919 -6.18747 -1.2
      vertex -23.0919 -6.18747 0
    endloop
  endfacet
  facet normal 0.352215 0.935919 -0
    outer loop
      vertex 9.14864 22.0868 -1.2
      vertex 7.6845 22.6378 0
      vertex 9.14864 22.0868 0
    endloop
  endfacet
  facet normal 0.352215 0.935919 0
    outer loop
      vertex 7.6845 22.6378 0
      vertex 9.14864 22.0868 -1.2
      vertex 7.6845 22.6378 -1.2
    endloop
  endfacet
  facet normal 0.729868 0.683588 0
    outer loop
      vertex 17.9739 15.7627 0
      vertex 16.9045 16.9045 -1.2
      vertex 16.9045 16.9045 0
    endloop
  endfacet
  facet normal 0.729868 0.683588 0
    outer loop
      vertex 16.9045 16.9045 -1.2
      vertex 17.9739 15.7627 0
      vertex 17.9739 15.7627 -1.2
    endloop
  endfacet
  facet normal -0.582513 0.812821 0
    outer loop
      vertex -13.2818 19.8776 -1.2
      vertex -14.5534 18.9663 0
      vertex -13.2818 19.8776 0
    endloop
  endfacet
  facet normal -0.582513 0.812821 0
    outer loop
      vertex -14.5534 18.9663 0
      vertex -13.2818 19.8776 -1.2
      vertex -14.5534 18.9663 -1.2
    endloop
  endfacet
  facet normal 0.582513 0.812821 -0
    outer loop
      vertex 14.5534 18.9663 -1.2
      vertex 13.2818 19.8776 0
      vertex 14.5534 18.9663 0
    endloop
  endfacet
  facet normal 0.582513 0.812821 0
    outer loop
      vertex 13.2818 19.8776 0
      vertex 14.5534 18.9663 -1.2
      vertex 13.2818 19.8776 -1.2
    endloop
  endfacet
  facet normal -0.352215 -0.935919 0
    outer loop
      vertex -9.14864 -22.0868 -1.2
      vertex -7.6845 -22.6378 0
      vertex -9.14864 -22.0868 0
    endloop
  endfacet
  facet normal -0.352215 -0.935919 -0
    outer loop
      vertex -7.6845 -22.6378 0
      vertex -9.14864 -22.0868 -1.2
      vertex -7.6845 -22.6378 -1.2
    endloop
  endfacet
  facet normal 0.729868 -0.683588 0
    outer loop
      vertex 16.9045 -16.9045 0
      vertex 17.9739 -15.7627 -1.2
      vertex 17.9739 -15.7627 0
    endloop
  endfacet
  facet normal 0.729868 -0.683588 0
    outer loop
      vertex 17.9739 -15.7627 -1.2
      vertex 16.9045 -16.9045 0
      vertex 16.9045 -16.9045 -1.2
    endloop
  endfacet
  facet normal 0.683588 -0.729868 0
    outer loop
      vertex 15.7627 -17.9739 -1.2
      vertex 16.9045 -16.9045 0
      vertex 15.7627 -17.9739 0
    endloop
  endfacet
  facet normal 0.683588 -0.729868 0
    outer loop
      vertex 16.9045 -16.9045 0
      vertex 15.7627 -17.9739 -1.2
      vertex 16.9045 -16.9045 -1.2
    endloop
  endfacet
  facet normal 0.634375 0.773025 -0
    outer loop
      vertex 15.7627 17.9739 -1.2
      vertex 14.5534 18.9663 0
      vertex 15.7627 17.9739 0
    endloop
  endfacet
  facet normal 0.634375 0.773025 0
    outer loop
      vertex 14.5534 18.9663 0
      vertex 15.7627 17.9739 -1.2
      vertex 14.5534 18.9663 -1.2
    endloop
  endfacet
  facet normal 0.162875 -0.986647 0
    outer loop
      vertex 3.12043 -23.702 -1.2
      vertex 4.66393 -23.4472 0
      vertex 3.12043 -23.702 0
    endloop
  endfacet
  facet normal 0.162875 -0.986647 0
    outer loop
      vertex 4.66393 -23.4472 0
      vertex 3.12043 -23.702 -1.2
      vertex 4.66393 -23.4472 -1.2
    endloop
  endfacet
  facet normal 0.162875 0.986647 -0
    outer loop
      vertex 4.66393 23.4472 -1.2
      vertex 3.12043 23.702 0
      vertex 4.66393 23.4472 0
    endloop
  endfacet
  facet normal 0.162875 0.986647 0
    outer loop
      vertex 3.12043 23.702 0
      vertex 4.66393 23.4472 -1.2
      vertex 3.12043 23.702 -1.2
    endloop
  endfacet
  facet normal -0.956944 0.290274 0
    outer loop
      vertex -23.0919 6.18747 -1.2
      vertex -22.6378 7.6845 0
      vertex -22.6378 7.6845 -1.2
    endloop
  endfacet
  facet normal -0.956944 0.290274 0
    outer loop
      vertex -22.6378 7.6845 0
      vertex -23.0919 6.18747 -1.2
      vertex -23.0919 6.18747 0
    endloop
  endfacet
  facet normal -0.352215 0.935919 0
    outer loop
      vertex -7.6845 22.6378 -1.2
      vertex -9.14864 22.0868 0
      vertex -7.6845 22.6378 0
    endloop
  endfacet
  facet normal -0.352215 0.935919 0
    outer loop
      vertex -9.14864 22.0868 0
      vertex -7.6845 22.6378 -1.2
      vertex -9.14864 22.0868 -1.2
    endloop
  endfacet
  facet normal 0.849206 0.528061 0
    outer loop
      vertex 20.7037 11.9533 0
      vertex 19.8776 13.2818 -1.2
      vertex 19.8776 13.2818 0
    endloop
  endfacet
  facet normal 0.849206 0.528061 0
    outer loop
      vertex 19.8776 13.2818 -1.2
      vertex 20.7037 11.9533 0
      vertex 20.7037 11.9533 -1.2
    endloop
  endfacet
  facet normal -0.773025 0.634375 0
    outer loop
      vertex -18.9663 14.5534 -1.2
      vertex -17.9739 15.7627 0
      vertex -17.9739 15.7627 -1.2
    endloop
  endfacet
  facet normal -0.773025 0.634375 0
    outer loop
      vertex -17.9739 15.7627 0
      vertex -18.9663 14.5534 -1.2
      vertex -18.9663 14.5534 0
    endloop
  endfacet
  facet normal 0.290274 -0.956944 0
    outer loop
      vertex 6.18747 -23.0919 -1.2
      vertex 7.6845 -22.6378 0
      vertex 6.18747 -23.0919 0
    endloop
  endfacet
  facet normal 0.290274 -0.956944 0
    outer loop
      vertex 7.6845 -22.6378 0
      vertex 6.18747 -23.0919 -1.2
      vertex 7.6845 -22.6378 -1.2
    endloop
  endfacet
  facet normal -0.935919 0.352215 0
    outer loop
      vertex -22.6378 7.6845 -1.2
      vertex -22.0868 9.14864 0
      vertex -22.0868 9.14864 -1.2
    endloop
  endfacet
  facet normal -0.935919 0.352215 0
    outer loop
      vertex -22.0868 9.14864 0
      vertex -22.6378 7.6845 -1.2
      vertex -22.6378 7.6845 0
    endloop
  endfacet
  facet normal -0.881939 0.471364 0
    outer loop
      vertex -21.4411 10.5736 -1.2
      vertex -20.7037 11.9533 0
      vertex -20.7037 11.9533 -1.2
    endloop
  endfacet
  facet normal -0.881939 0.471364 0
    outer loop
      vertex -20.7037 11.9533 0
      vertex -21.4411 10.5736 -1.2
      vertex -21.4411 10.5736 0
    endloop
  endfacet
  facet normal 0 0 -1
    outer loop
      vertex 23.8554 -1.56356 -1.2
      vertex 23.8554 1.56356 -1.2
      vertex 23.9065 0 -1.2
    endloop
  endfacet
  facet normal 0 0 -1
    outer loop
      vertex 23.702 -3.12043 -1.2
      vertex 23.8554 1.56356 -1.2
      vertex 23.8554 -1.56356 -1.2
    endloop
  endfacet
  facet normal 0 0 -1
    outer loop
      vertex 23.702 -3.12043 -1.2
      vertex 23.702 3.12043 -1.2
      vertex 23.8554 1.56356 -1.2
    endloop
  endfacet
  facet normal 0 0 -1
    outer loop
      vertex 23.4472 -4.66393 -1.2
      vertex 23.702 3.12043 -1.2
      vertex 23.702 -3.12043 -1.2
    endloop
  endfacet
  facet normal 0 0 -1
    outer loop
      vertex 23.4472 -4.66393 -1.2
      vertex 23.4472 4.66393 -1.2
      vertex 23.702 3.12043 -1.2
    endloop
  endfacet
  facet normal 0 0 -1
    outer loop
      vertex 23.0919 -6.18747 -1.2
      vertex 23.4472 4.66393 -1.2
      vertex 23.4472 -4.66393 -1.2
    endloop
  endfacet
  facet normal 0 0 -1
    outer loop
      vertex 23.0919 -6.18747 -1.2
      vertex 23.0919 6.18747 -1.2
      vertex 23.4472 4.66393 -1.2
    endloop
  endfacet
  facet normal 0 0 -1
    outer loop
      vertex 22.6378 -7.6845 -1.2
      vertex 23.0919 6.18747 -1.2
      vertex 23.0919 -6.18747 -1.2
    endloop
  endfacet
  facet normal 0 0 -1
    outer loop
      vertex 22.6378 -7.6845 -1.2
      vertex 22.6378 7.6845 -1.2
      vertex 23.0919 6.18747 -1.2
    endloop
  endfacet
  facet normal 0 0 -1
    outer loop
      vertex 22.0868 -9.14864 -1.2
      vertex 22.6378 7.6845 -1.2
      vertex 22.6378 -7.6845 -1.2
    endloop
  endfacet
  facet normal 0 0 -1
    outer loop
      vertex 22.0868 -9.14864 -1.2
      vertex 22.0868 9.14864 -1.2
      vertex 22.6378 7.6845 -1.2
    endloop
  endfacet
  facet normal 0 0 -1
    outer loop
      vertex 21.4411 -10.5736 -1.2
      vertex 22.0868 9.14864 -1.2
      vertex 22.0868 -9.14864 -1.2
    endloop
  endfacet
  facet normal 0 0 -1
    outer loop
      vertex 21.4411 -10.5736 -1.2
      vertex 21.4411 10.5736 -1.2
      vertex 22.0868 9.14864 -1.2
    endloop
  endfacet
  facet normal 0 0 -1
    outer loop
      vertex 20.7037 -11.9533 -1.2
      vertex 21.4411 10.5736 -1.2
      vertex 21.4411 -10.5736 -1.2
    endloop
  endfacet
  facet normal 0 0 -1
    outer loop
      vertex 20.7037 -11.9533 -1.2
      vertex 20.7037 11.9533 -1.2
      vertex 21.4411 10.5736 -1.2
    endloop
  endfacet
  facet normal 0 0 -1
    outer loop
      vertex 19.8776 -13.2818 -1.2
      vertex 20.7037 11.9533 -1.2
      vertex 20.7037 -11.9533 -1.2
    endloop
  endfacet
  facet normal 0 0 -1
    outer loop
      vertex 19.8776 -13.2818 -1.2
      vertex 19.8776 13.2818 -1.2
      vertex 20.7037 11.9533 -1.2
    endloop
  endfacet
  facet normal 0 0 -1
    outer loop
      vertex 18.9663 -14.5534 -1.2
      vertex 19.8776 13.2818 -1.2
      vertex 19.8776 -13.2818 -1.2
    endloop
  endfacet
  facet normal 0 0 -1
    outer loop
      vertex 18.9663 -14.5534 -1.2
      vertex 18.9663 14.5534 -1.2
      vertex 19.8776 13.2818 -1.2
    endloop
  endfacet
  facet normal 0 0 -1
    outer loop
      vertex 17.9739 -15.7627 -1.2
      vertex 18.9663 14.5534 -1.2
      vertex 18.9663 -14.5534 -1.2
    endloop
  endfacet
  facet normal 0 0 -1
    outer loop
      vertex 17.9739 -15.7627 -1.2
      vertex 17.9739 15.7627 -1.2
      vertex 18.9663 14.5534 -1.2
    endloop
  endfacet
  facet normal 0 0 -1
    outer loop
      vertex 16.9045 -16.9045 -1.2
      vertex 17.9739 15.7627 -1.2
      vertex 17.9739 -15.7627 -1.2
    endloop
  endfacet
  facet normal 0 0 -1
    outer loop
      vertex 16.9045 -16.9045 -1.2
      vertex 16.9045 16.9045 -1.2
      vertex 17.9739 15.7627 -1.2
    endloop
  endfacet
  facet normal 0 0 -1
    outer loop
      vertex 15.7627 -17.9739 -1.2
      vertex 16.9045 16.9045 -1.2
      vertex 16.9045 -16.9045 -1.2
    endloop
  endfacet
  facet normal 0 0 -1
    outer loop
      vertex 15.7627 -17.9739 -1.2
      vertex 15.7627 17.9739 -1.2
      vertex 16.9045 16.9045 -1.2
    endloop
  endfacet
  facet normal 0 0 -1
    outer loop
      vertex 14.5534 -18.9663 -1.2
      vertex 15.7627 17.9739 -1.2
      vertex 15.7627 -17.9739 -1.2
    endloop
  endfacet
  facet normal 0 0 -1
    outer loop
      vertex 14.5534 -18.9663 -1.2
      vertex 14.5534 18.9663 -1.2
      vertex 15.7627 17.9739 -1.2
    endloop
  endfacet
  facet normal 0 0 -1
    outer loop
      vertex 13.2818 -19.8776 -1.2
      vertex 14.5534 18.9663 -1.2
      vertex 14.5534 -18.9663 -1.2
    endloop
  endfacet
  facet normal 0 0 -1
    outer loop
      vertex 13.2818 -19.8776 -1.2
      vertex 13.2818 19.8776 -1.2
      vertex 14.5534 18.9663 -1.2
    endloop
  endfacet
  facet normal 0 0 -1
    outer loop
      vertex 11.9533 -20.7037 -1.2
      vertex 13.2818 19.8776 -1.2
      vertex 13.2818 -19.8776 -1.2
    endloop
  endfacet
  facet normal 0 0 -1
    outer loop
      vertex 11.9533 -20.7037 -1.2
      vertex 11.9533 20.7037 -1.2
      vertex 13.2818 19.8776 -1.2
    endloop
  endfacet
  facet normal 0 0 -1
    outer loop
      vertex 10.5736 -21.4411 -1.2
      vertex 11.9533 20.7037 -1.2
      vertex 11.9533 -20.7037 -1.2
    endloop
  endfacet
  facet normal 0 0 -1
    outer loop
      vertex 10.5736 -21.4411 -1.2
      vertex 10.5736 21.4411 -1.2
      vertex 11.9533 20.7037 -1.2
    endloop
  endfacet
  facet normal 0 0 -1
    outer loop
      vertex 9.14864 -22.0868 -1.2
      vertex 10.5736 21.4411 -1.2
      vertex 10.5736 -21.4411 -1.2
    endloop
  endfacet
  facet normal 0 0 -1
    outer loop
      vertex 9.14864 -22.0868 -1.2
      vertex 9.14864 22.0868 -1.2
      vertex 10.5736 21.4411 -1.2
    endloop
  endfacet
  facet normal 0 0 -1
    outer loop
      vertex 7.6845 -22.6378 -1.2
      vertex 9.14864 22.0868 -1.2
      vertex 9.14864 -22.0868 -1.2
    endloop
  endfacet
  facet normal 0 0 -1
    outer loop
      vertex 7.6845 -22.6378 -1.2
      vertex 7.6845 22.6378 -1.2
      vertex 9.14864 22.0868 -1.2
    endloop
  endfacet
  facet normal 0 0 -1
    outer loop
      vertex 6.18747 -23.0919 -1.2
      vertex 7.6845 22.6378 -1.2
      vertex 7.6845 -22.6378 -1.2
    endloop
  endfacet
  facet normal 0 0 -1
    outer loop
      vertex 6.18747 -23.0919 -1.2
      vertex 6.18747 23.0919 -1.2
      vertex 7.6845 22.6378 -1.2
    endloop
  endfacet
  facet normal 0 0 -1
    outer loop
      vertex 4.66393 -23.4472 -1.2
      vertex 6.18747 23.0919 -1.2
      vertex 6.18747 -23.0919 -1.2
    endloop
  endfacet
  facet normal 0 0 -1
    outer loop
      vertex 4.66393 -23.4472 -1.2
      vertex 4.66393 23.4472 -1.2
      vertex 6.18747 23.0919 -1.2
    endloop
  endfacet
  facet normal 0 0 -1
    outer loop
      vertex 3.12043 -23.702 -1.2
      vertex 4.66393 23.4472 -1.2
      vertex 4.66393 -23.4472 -1.2
    endloop
  endfacet
  facet normal 0 0 -1
    outer loop
      vertex 3.12043 -23.702 -1.2
      vertex 3.12043 23.702 -1.2
      vertex 4.66393 23.4472 -1.2
    endloop
  endfacet
  facet normal 0 0 -1
    outer loop
      vertex 1.56356 -23.8554 -1.2
      vertex 3.12043 23.702 -1.2
      vertex 3.12043 -23.702 -1.2
    endloop
  endfacet
  facet normal 0 0 -1
    outer loop
      vertex 1.56356 -23.8554 -1.2
      vertex 1.56356 23.8554 -1.2
      vertex 3.12043 23.702 -1.2
    endloop
  endfacet
  facet normal 0 0 -1
    outer loop
      vertex 0 -23.9065 -1.2
      vertex 1.56356 23.8554 -1.2
      vertex 1.56356 -23.8554 -1.2
    endloop
  endfacet
  facet normal 0 0 -1
    outer loop
      vertex 0 -23.9065 -1.2
      vertex 0 23.9065 -1.2
      vertex 1.56356 23.8554 -1.2
    endloop
  endfacet
  facet normal 0 0 -1
    outer loop
      vertex -1.56356 -23.8554 -1.2
      vertex 0 23.9065 -1.2
      vertex 0 -23.9065 -1.2
    endloop
  endfacet
  facet normal 0 0 -1
    outer loop
      vertex -1.56356 -23.8554 -1.2
      vertex -1.56356 23.8554 -1.2
      vertex 0 23.9065 -1.2
    endloop
  endfacet
  facet normal 0 0 -1
    outer loop
      vertex -3.12043 -23.702 -1.2
      vertex -1.56356 23.8554 -1.2
      vertex -1.56356 -23.8554 -1.2
    endloop
  endfacet
  facet normal 0 0 -1
    outer loop
      vertex -3.12043 -23.702 -1.2
      vertex -3.12043 23.702 -1.2
      vertex -1.56356 23.8554 -1.2
    endloop
  endfacet
  facet normal 0 0 -1
    outer loop
      vertex -4.66393 -23.4472 -1.2
      vertex -3.12043 23.702 -1.2
      vertex -3.12043 -23.702 -1.2
    endloop
  endfacet
  facet normal 0 0 -1
    outer loop
      vertex -4.66393 -23.4472 -1.2
      vertex -4.66393 23.4472 -1.2
      vertex -3.12043 23.702 -1.2
    endloop
  endfacet
  facet normal 0 0 -1
    outer loop
      vertex -6.18747 -23.0919 -1.2
      vertex -4.66393 23.4472 -1.2
      vertex -4.66393 -23.4472 -1.2
    endloop
  endfacet
  facet normal 0 0 -1
    outer loop
      vertex -6.18747 -23.0919 -1.2
      vertex -6.18747 23.0919 -1.2
      vertex -4.66393 23.4472 -1.2
    endloop
  endfacet
  facet normal 0 0 -1
    outer loop
      vertex -7.6845 -22.6378 -1.2
      vertex -6.18747 23.0919 -1.2
      vertex -6.18747 -23.0919 -1.2
    endloop
  endfacet
  facet normal 0 0 -1
    outer loop
      vertex -7.6845 -22.6378 -1.2
      vertex -7.6845 22.6378 -1.2
      vertex -6.18747 23.0919 -1.2
    endloop
  endfacet
  facet normal 0 0 -1
    outer loop
      vertex -9.14864 -22.0868 -1.2
      vertex -7.6845 22.6378 -1.2
      vertex -7.6845 -22.6378 -1.2
    endloop
  endfacet
  facet normal 0 0 -1
    outer loop
      vertex -9.14864 -22.0868 -1.2
      vertex -9.14864 22.0868 -1.2
      vertex -7.6845 22.6378 -1.2
    endloop
  endfacet
  facet normal 0 0 -1
    outer loop
      vertex -10.5736 -21.4411 -1.2
      vertex -9.14864 22.0868 -1.2
      vertex -9.14864 -22.0868 -1.2
    endloop
  endfacet
  facet normal 0 0 -1
    outer loop
      vertex -10.5736 -21.4411 -1.2
      vertex -10.5736 21.4411 -1.2
      vertex -9.14864 22.0868 -1.2
    endloop
  endfacet
  facet normal 0 0 -1
    outer loop
      vertex -11.9533 -20.7037 -1.2
      vertex -10.5736 21.4411 -1.2
      vertex -10.5736 -21.4411 -1.2
    endloop
  endfacet
  facet normal 0 0 -1
    outer loop
      vertex -11.9533 -20.7037 -1.2
      vertex -11.9533 20.7037 -1.2
      vertex -10.5736 21.4411 -1.2
    endloop
  endfacet
  facet normal 0 0 -1
    outer loop
      vertex -13.2818 -19.8776 -1.2
      vertex -11.9533 20.7037 -1.2
      vertex -11.9533 -20.7037 -1.2
    endloop
  endfacet
  facet normal 0 0 -1
    outer loop
      vertex -13.2818 -19.8776 -1.2
      vertex -13.2818 19.8776 -1.2
      vertex -11.9533 20.7037 -1.2
    endloop
  endfacet
  facet normal 0 0 -1
    outer loop
      vertex -14.5534 -18.9663 -1.2
      vertex -13.2818 19.8776 -1.2
      vertex -13.2818 -19.8776 -1.2
    endloop
  endfacet
  facet normal 0 0 -1
    outer loop
      vertex -14.5534 -18.9663 -1.2
      vertex -14.5534 18.9663 -1.2
      vertex -13.2818 19.8776 -1.2
    endloop
  endfacet
  facet normal 0 0 -1
    outer loop
      vertex -15.7627 -17.9739 -1.2
      vertex -14.5534 18.9663 -1.2
      vertex -14.5534 -18.9663 -1.2
    endloop
  endfacet
  facet normal 0 0 -1
    outer loop
      vertex -15.7627 -17.9739 -1.2
      vertex -15.7627 17.9739 -1.2
      vertex -14.5534 18.9663 -1.2
    endloop
  endfacet
  facet normal 0 0 -1
    outer loop
      vertex -16.9045 -16.9045 -1.2
      vertex -15.7627 17.9739 -1.2
      vertex -15.7627 -17.9739 -1.2
    endloop
  endfacet
  facet normal 0 0 -1
    outer loop
      vertex -16.9045 -16.9045 -1.2
      vertex -16.9045 16.9045 -1.2
      vertex -15.7627 17.9739 -1.2
    endloop
  endfacet
  facet normal 0 0 -1
    outer loop
      vertex -17.9739 -15.7627 -1.2
      vertex -16.9045 16.9045 -1.2
      vertex -16.9045 -16.9045 -1.2
    endloop
  endfacet
  facet normal 0 0 -1
    outer loop
      vertex -17.9739 -15.7627 -1.2
      vertex -17.9739 15.7627 -1.2
      vertex -16.9045 16.9045 -1.2
    endloop
  endfacet
  facet normal 0 0 -1
    outer loop
      vertex -18.9663 -14.5534 -1.2
      vertex -17.9739 15.7627 -1.2
      vertex -17.9739 -15.7627 -1.2
    endloop
  endfacet
  facet normal 0 0 -1
    outer loop
      vertex -18.9663 -14.5534 -1.2
      vertex -18.9663 14.5534 -1.2
      vertex -17.9739 15.7627 -1.2
    endloop
  endfacet
  facet normal 0 0 -1
    outer loop
      vertex -19.8776 -13.2818 -1.2
      vertex -18.9663 14.5534 -1.2
      vertex -18.9663 -14.5534 -1.2
    endloop
  endfacet
  facet normal 0 0 -1
    outer loop
      vertex -19.8776 -13.2818 -1.2
      vertex -19.8776 13.2818 -1.2
      vertex -18.9663 14.5534 -1.2
    endloop
  endfacet
  facet normal 0 0 -1
    outer loop
      vertex -20.7037 -11.9533 -1.2
      vertex -19.8776 13.2818 -1.2
      vertex -19.8776 -13.2818 -1.2
    endloop
  endfacet
  facet normal 0 0 -1
    outer loop
      vertex -20.7037 -11.9533 -1.2
      vertex -20.7037 11.9533 -1.2
      vertex -19.8776 13.2818 -1.2
    endloop
  endfacet
  facet normal 0 0 -1
    outer loop
      vertex -21.4411 -10.5736 -1.2
      vertex -20.7037 11.9533 -1.2
      vertex -20.7037 -11.9533 -1.2
    endloop
  endfacet
  facet normal 0 0 -1
    outer loop
      vertex -21.4411 -10.5736 -1.2
      vertex -21.4411 10.5736 -1.2
      vertex -20.7037 11.9533 -1.2
    endloop
  endfacet
  facet normal 0 0 -1
    outer loop
      vertex -22.0868 -9.14864 -1.2
      vertex -21.4411 10.5736 -1.2
      vertex -21.4411 -10.5736 -1.2
    endloop
  endfacet
  facet normal 0 0 -1
    outer loop
      vertex -22.0868 -9.14864 -1.2
      vertex -22.0868 9.14864 -1.2
      vertex -21.4411 10.5736 -1.2
    endloop
  endfacet
  facet normal 0 0 -1
    outer loop
      vertex -22.6378 -7.6845 -1.2
      vertex -22.0868 9.14864 -1.2
      vertex -22.0868 -9.14864 -1.2
    endloop
  endfacet
  facet normal 0 0 -1
    outer loop
      vertex -22.6378 -7.6845 -1.2
      vertex -22.6378 7.6845 -1.2
      vertex -22.0868 9.14864 -1.2
    endloop
  endfacet
  facet normal 0 0 -1
    outer loop
      vertex -23.0919 -6.18747 -1.2
      vertex -22.6378 7.6845 -1.2
      vertex -22.6378 -7.6845 -1.2
    endloop
  endfacet
  facet normal 0 0 -1
    outer loop
      vertex -23.0919 -6.18747 -1.2
      vertex -23.0919 6.18747 -1.2
      vertex -22.6378 7.6845 -1.2
    endloop
  endfacet
  facet normal 0 0 -1
    outer loop
      vertex -23.4472 -4.66393 -1.2
      vertex -23.0919 6.18747 -1.2
      vertex -23.0919 -6.18747 -1.2
    endloop
  endfacet
  facet normal 0 0 -1
    outer loop
      vertex -23.4472 -4.66393 -1.2
      vertex -23.4472 4.66393 -1.2
      vertex -23.0919 6.18747 -1.2
    endloop
  endfacet
  facet normal 0 0 -1
    outer loop
      vertex -23.702 -3.12043 -1.2
      vertex -23.4472 4.66393 -1.2
      vertex -23.4472 -4.66393 -1.2
    endloop
  endfacet
  facet normal 0 0 -1
    outer loop
      vertex -23.702 -3.12043 -1.2
      vertex -23.702 3.12043 -1.2
      vertex -23.4472 4.66393 -1.2
    endloop
  endfacet
  facet normal 0 0 -1
    outer loop
      vertex -23.8554 -1.56356 -1.2
      vertex -23.702 3.12043 -1.2
      vertex -23.702 -3.12043 -1.2
    endloop
  endfacet
  facet normal 0 0 -1
    outer loop
      vertex -23.8554 -1.56356 -1.2
      vertex -23.8554 1.56356 -1.2
      vertex -23.702 3.12043 -1.2
    endloop
  endfacet
  facet normal 0 -0 -1
    outer loop
      vertex -23.8554 1.56356 -1.2
      vertex -23.8554 -1.56356 -1.2
      vertex -23.9065 0 -1.2
    endloop
  endfacet
  facet normal 0.91085 0.412738 0
    outer loop
      vertex 22.0868 9.14864 0
      vertex 21.4411 10.5736 -1.2
      vertex 21.4411 10.5736 0
    endloop
  endfacet
  facet normal 0.91085 0.412738 0
    outer loop
      vertex 21.4411 10.5736 -1.2
      vertex 22.0868 9.14864 0
      vertex 22.0868 9.14864 -1.2
    endloop
  endfacet
  facet normal 0.0326644 -0.999466 0
    outer loop
      vertex 0 -23.9065 -1.2
      vertex 1.56356 -23.8554 0
      vertex 0 -23.9065 0
    endloop
  endfacet
  facet normal 0.0326644 -0.999466 0
    outer loop
      vertex 1.56356 -23.8554 0
      vertex 0 -23.9065 -1.2
      vertex 1.56356 -23.8554 -1.2
    endloop
  endfacet
  facet normal -0.471364 -0.881939 0
    outer loop
      vertex -11.9533 -20.7037 -1.2
      vertex -10.5736 -21.4411 0
      vertex -11.9533 -20.7037 0
    endloop
  endfacet
  facet normal -0.471364 -0.881939 -0
    outer loop
      vertex -10.5736 -21.4411 0
      vertex -11.9533 -20.7037 -1.2
      vertex -10.5736 -21.4411 -1.2
    endloop
  endfacet
  facet normal -0.91085 -0.412738 0
    outer loop
      vertex -21.4411 -10.5736 -1.2
      vertex -22.0868 -9.14864 0
      vertex -22.0868 -9.14864 -1.2
    endloop
  endfacet
  facet normal -0.91085 -0.412738 0
    outer loop
      vertex -22.0868 -9.14864 0
      vertex -21.4411 -10.5736 -1.2
      vertex -21.4411 -10.5736 0
    endloop
  endfacet
  facet normal 0.956944 -0.290274 0
    outer loop
      vertex 22.6378 -7.6845 0
      vertex 23.0919 -6.18747 -1.2
      vertex 23.0919 -6.18747 0
    endloop
  endfacet
  facet normal 0.956944 -0.290274 0
    outer loop
      vertex 23.0919 -6.18747 -1.2
      vertex 22.6378 -7.6845 0
      vertex 22.6378 -7.6845 -1.2
    endloop
  endfacet
  facet normal 0.935919 -0.352215 0
    outer loop
      vertex 22.0868 -9.14864 0
      vertex 22.6378 -7.6845 -1.2
      vertex 22.6378 -7.6845 0
    endloop
  endfacet
  facet normal 0.935919 -0.352215 0
    outer loop
      vertex 22.6378 -7.6845 -1.2
      vertex 22.0868 -9.14864 0
      vertex 22.0868 -9.14864 -1.2
    endloop
  endfacet
  facet normal 0.528061 -0.849206 0
    outer loop
      vertex 11.9533 -20.7037 -1.2
      vertex 13.2818 -19.8776 0
      vertex 11.9533 -20.7037 0
    endloop
  endfacet
  facet normal 0.528061 -0.849206 0
    outer loop
      vertex 13.2818 -19.8776 0
      vertex 11.9533 -20.7037 -1.2
      vertex 13.2818 -19.8776 -1.2
    endloop
  endfacet
  facet normal -0.528061 0.849206 0
    outer loop
      vertex -11.9533 20.7037 -1.2
      vertex -13.2818 19.8776 0
      vertex -11.9533 20.7037 0
    endloop
  endfacet
  facet normal -0.528061 0.849206 0
    outer loop
      vertex -13.2818 19.8776 0
      vertex -11.9533 20.7037 -1.2
      vertex -13.2818 19.8776 -1.2
    endloop
  endfacet
  facet normal 0.227113 -0.973868 0
    outer loop
      vertex 4.66393 -23.4472 -1.2
      vertex 6.18747 -23.0919 0
      vertex 4.66393 -23.4472 0
    endloop
  endfacet
  facet normal 0.227113 -0.973868 0
    outer loop
      vertex 6.18747 -23.0919 0
      vertex 4.66393 -23.4472 -1.2
      vertex 6.18747 -23.0919 -1.2
    endloop
  endfacet
  facet normal 0.683588 0.729868 -0
    outer loop
      vertex 16.9045 16.9045 -1.2
      vertex 15.7627 17.9739 0
      vertex 16.9045 16.9045 0
    endloop
  endfacet
  facet normal 0.683588 0.729868 0
    outer loop
      vertex 15.7627 17.9739 0
      vertex 16.9045 16.9045 -1.2
      vertex 15.7627 17.9739 -1.2
    endloop
  endfacet
  facet normal 0.935919 0.352215 0
    outer loop
      vertex 22.6378 7.6845 0
      vertex 22.0868 9.14864 -1.2
      vertex 22.0868 9.14864 0
    endloop
  endfacet
  facet normal 0.935919 0.352215 0
    outer loop
      vertex 22.0868 9.14864 -1.2
      vertex 22.6378 7.6845 0
      vertex 22.6378 7.6845 -1.2
    endloop
  endfacet
  facet normal -0.729868 -0.683588 0
    outer loop
      vertex -16.9045 -16.9045 -1.2
      vertex -17.9739 -15.7627 0
      vertex -17.9739 -15.7627 -1.2
    endloop
  endfacet
  facet normal -0.729868 -0.683588 0
    outer loop
      vertex -17.9739 -15.7627 0
      vertex -16.9045 -16.9045 -1.2
      vertex -16.9045 -16.9045 0
    endloop
  endfacet
  facet normal -0.986647 0.162875 0
    outer loop
      vertex -23.702 3.12043 -1.2
      vertex -23.4472 4.66393 0
      vertex -23.4472 4.66393 -1.2
    endloop
  endfacet
  facet normal -0.986647 0.162875 0
    outer loop
      vertex -23.4472 4.66393 0
      vertex -23.702 3.12043 -1.2
      vertex -23.702 3.12043 0
    endloop
  endfacet
  facet normal -0.995181 0.0980562 0
    outer loop
      vertex -23.8554 1.56356 -1.2
      vertex -23.702 3.12043 0
      vertex -23.702 3.12043 -1.2
    endloop
  endfacet
  facet normal -0.995181 0.0980562 0
    outer loop
      vertex -23.702 3.12043 0
      vertex -23.8554 1.56356 -1.2
      vertex -23.8554 1.56356 0
    endloop
  endfacet
  facet normal 0.290274 0.956944 -0
    outer loop
      vertex 7.6845 22.6378 -1.2
      vertex 6.18747 23.0919 0
      vertex 7.6845 22.6378 0
    endloop
  endfacet
  facet normal 0.290274 0.956944 0
    outer loop
      vertex 6.18747 23.0919 0
      vertex 7.6845 22.6378 -1.2
      vertex 6.18747 23.0919 -1.2
    endloop
  endfacet
  facet normal -0.0980562 -0.995181 0
    outer loop
      vertex -3.12043 -23.702 -1.2
      vertex -1.56356 -23.8554 0
      vertex -3.12043 -23.702 0
    endloop
  endfacet
  facet normal -0.0980562 -0.995181 -0
    outer loop
      vertex -1.56356 -23.8554 0
      vertex -3.12043 -23.702 -1.2
      vertex -1.56356 -23.8554 -1.2
    endloop
  endfacet
  facet normal -0.91085 0.412738 0
    outer loop
      vertex -22.0868 9.14864 -1.2
      vertex -21.4411 10.5736 0
      vertex -21.4411 10.5736 -1.2
    endloop
  endfacet
  facet normal -0.91085 0.412738 0
    outer loop
      vertex -21.4411 10.5736 0
      vertex -22.0868 9.14864 -1.2
      vertex -22.0868 9.14864 0
    endloop
  endfacet
  facet normal -0.849206 -0.528061 0
    outer loop
      vertex -19.8776 -13.2818 -1.2
      vertex -20.7037 -11.9533 0
      vertex -20.7037 -11.9533 -1.2
    endloop
  endfacet
  facet normal -0.849206 -0.528061 0
    outer loop
      vertex -20.7037 -11.9533 0
      vertex -19.8776 -13.2818 -1.2
      vertex -19.8776 -13.2818 0
    endloop
  endfacet
  facet normal -0.582513 -0.812821 0
    outer loop
      vertex -14.5534 -18.9663 -1.2
      vertex -13.2818 -19.8776 0
      vertex -14.5534 -18.9663 0
    endloop
  endfacet
  facet normal -0.582513 -0.812821 -0
    outer loop
      vertex -13.2818 -19.8776 0
      vertex -14.5534 -18.9663 -1.2
      vertex -13.2818 -19.8776 -1.2
    endloop
  endfacet
  facet normal -0.290274 -0.956944 0
    outer loop
      vertex -7.6845 -22.6378 -1.2
      vertex -6.18747 -23.0919 0
      vertex -7.6845 -22.6378 0
    endloop
  endfacet
  facet normal -0.290274 -0.956944 -0
    outer loop
      vertex -6.18747 -23.0919 0
      vertex -7.6845 -22.6378 -1.2
      vertex -6.18747 -23.0919 -1.2
    endloop
  endfacet
  facet normal 0.471378 -0.881931 0
    outer loop
      vertex -8.1 14.0296 -1
      vertex -7.16508 14.5293 1.5
      vertex -8.1 14.0296 1.5
    endloop
  endfacet
  facet normal 0.471378 -0.881931 0
    outer loop
      vertex -7.16508 14.5293 1.5
      vertex -8.1 14.0296 -1
      vertex -7.16508 14.5293 -1
    endloop
  endfacet
  facet normal -0.995185 -0.0980102 0
    outer loop
      vertex 16.1653 1.05953 -1
      vertex 16.0614 2.11452 1.5
      vertex 16.0614 2.11452 -1
    endloop
  endfacet
  facet normal -0.995185 -0.0980102 0
    outer loop
      vertex 16.0614 2.11452 1.5
      vertex 16.1653 1.05953 -1
      vertex 16.1653 1.05953 1.5
    endloop
  endfacet
  facet normal -0.999464 -0.0327328 0
    outer loop
      vertex 16.2 0 -1
      vertex 16.1653 1.05953 1.5
      vertex 16.1653 1.05953 -1
    endloop
  endfacet
  facet normal -0.999464 -0.0327328 0
    outer loop
      vertex 16.1653 1.05953 1.5
      vertex 16.2 0 -1
      vertex 16.2 0 1.5
    endloop
  endfacet
  facet normal -0.986641 -0.162909 0
    outer loop
      vertex 16.0614 2.11452 -1
      vertex 15.8887 3.16046 1.5
      vertex 15.8887 3.16046 -1
    endloop
  endfacet
  facet normal -0.986641 -0.162909 0
    outer loop
      vertex 15.8887 3.16046 1.5
      vertex 16.0614 2.11452 -1
      vertex 16.0614 2.11452 1.5
    endloop
  endfacet
  facet normal 0.0327328 -0.999464 0
    outer loop
      vertex -1.05953 16.1653 -1
      vertex 0 16.2 1.5
      vertex -1.05953 16.1653 1.5
    endloop
  endfacet
  facet normal 0.0327328 -0.999464 0
    outer loop
      vertex 0 16.2 1.5
      vertex -1.05953 16.1653 -1
      vertex 0 16.2 -1
    endloop
  endfacet
  facet normal 0.352317 0.935881 -0
    outer loop
      vertex -5.20732 -15.3403 -1
      vertex -6.19947 -14.9668 1.5
      vertex -5.20732 -15.3403 1.5
    endloop
  endfacet
  facet normal 0.352317 0.935881 0
    outer loop
      vertex -6.19947 -14.9668 1.5
      vertex -5.20732 -15.3403 -1
      vertex -6.19947 -14.9668 -1
    endloop
  endfacet
  facet normal -0.881931 -0.471378 0
    outer loop
      vertex 14.5293 7.16508 -1
      vertex 14.0296 8.1 1.5
      vertex 14.0296 8.1 -1
    endloop
  endfacet
  facet normal -0.881931 -0.471378 0
    outer loop
      vertex 14.0296 8.1 1.5
      vertex 14.5293 7.16508 -1
      vertex 14.5293 7.16508 1.5
    endloop
  endfacet
  facet normal -0.0327328 0.999464 0
    outer loop
      vertex 1.05953 -16.1653 -1
      vertex 0 -16.2 1.5
      vertex 1.05953 -16.1653 1.5
    endloop
  endfacet
  facet normal -0.0327328 0.999464 0
    outer loop
      vertex 0 -16.2 1.5
      vertex 1.05953 -16.1653 -1
      vertex 0 -16.2 -1
    endloop
  endfacet
  facet normal 0.634381 0.77302 -0
    outer loop
      vertex -9.86193 -12.8523 -1
      vertex -10.6814 -12.1798 1.5
      vertex -9.86193 -12.8523 1.5
    endloop
  endfacet
  facet normal 0.634381 0.77302 0
    outer loop
      vertex -10.6814 -12.1798 1.5
      vertex -9.86193 -12.8523 -1
      vertex -10.6814 -12.1798 -1
    endloop
  endfacet
  facet normal -0.935881 0.352317 0
    outer loop
      vertex 14.9668 -6.19947 -1
      vertex 15.3403 -5.20732 1.5
      vertex 15.3403 -5.20732 -1
    endloop
  endfacet
  facet normal -0.935881 0.352317 0
    outer loop
      vertex 15.3403 -5.20732 1.5
      vertex 14.9668 -6.19947 -1
      vertex 14.9668 -6.19947 1.5
    endloop
  endfacet
  facet normal 0.999464 -0.0327328 0
    outer loop
      vertex -16.2 0 1.5
      vertex -16.1653 1.05953 -1
      vertex -16.1653 1.05953 1.5
    endloop
  endfacet
  facet normal 0.999464 -0.0327328 0
    outer loop
      vertex -16.1653 1.05953 -1
      vertex -16.2 0 1.5
      vertex -16.2 0 -1
    endloop
  endfacet
  facet normal 0.162909 -0.986641 0
    outer loop
      vertex -3.16046 15.8887 -1
      vertex -2.11452 16.0614 1.5
      vertex -3.16046 15.8887 1.5
    endloop
  endfacet
  facet normal 0.162909 -0.986641 0
    outer loop
      vertex -2.11452 16.0614 1.5
      vertex -3.16046 15.8887 -1
      vertex -2.11452 16.0614 -1
    endloop
  endfacet
  facet normal -0.935881 -0.352317 0
    outer loop
      vertex 15.3403 5.20732 -1
      vertex 14.9668 6.19947 1.5
      vertex 14.9668 6.19947 -1
    endloop
  endfacet
  facet normal -0.935881 -0.352317 0
    outer loop
      vertex 14.9668 6.19947 1.5
      vertex 15.3403 5.20732 -1
      vertex 15.3403 5.20732 1.5
    endloop
  endfacet
  facet normal -0.352317 0.935881 0
    outer loop
      vertex 6.19947 -14.9668 -1
      vertex 5.20732 -15.3403 1.5
      vertex 6.19947 -14.9668 1.5
    endloop
  endfacet
  facet normal -0.352317 0.935881 0
    outer loop
      vertex 5.20732 -15.3403 1.5
      vertex 6.19947 -14.9668 -1
      vertex 5.20732 -15.3403 -1
    endloop
  endfacet
  facet normal -0.162909 0.986641 0
    outer loop
      vertex 3.16046 -15.8887 -1
      vertex 2.11452 -16.0614 1.5
      vertex 3.16046 -15.8887 1.5
    endloop
  endfacet
  facet normal -0.162909 0.986641 0
    outer loop
      vertex 2.11452 -16.0614 1.5
      vertex 3.16046 -15.8887 -1
      vertex 2.11452 -16.0614 -1
    endloop
  endfacet
  facet normal -0.227055 0.973882 0
    outer loop
      vertex 4.19287 -15.648 -1
      vertex 3.16046 -15.8887 1.5
      vertex 4.19287 -15.648 1.5
    endloop
  endfacet
  facet normal -0.227055 0.973882 0
    outer loop
      vertex 3.16046 -15.8887 1.5
      vertex 4.19287 -15.648 -1
      vertex 3.16046 -15.8887 -1
    endloop
  endfacet
  facet normal 0.72984 -0.683618 0
    outer loop
      vertex -12.1798 10.6814 1.5
      vertex -11.4551 11.4551 -1
      vertex -11.4551 11.4551 1.5
    endloop
  endfacet
  facet normal 0.72984 -0.683618 0
    outer loop
      vertex -11.4551 11.4551 -1
      vertex -12.1798 10.6814 1.5
      vertex -12.1798 10.6814 -1
    endloop
  endfacet
  facet normal -0.849204 0.528064 0
    outer loop
      vertex 13.4698 -9.00024 -1
      vertex 14.0296 -8.1 1.5
      vertex 14.0296 -8.1 -1
    endloop
  endfacet
  facet normal -0.849204 0.528064 0
    outer loop
      vertex 14.0296 -8.1 1.5
      vertex 13.4698 -9.00024 -1
      vertex 13.4698 -9.00024 1.5
    endloop
  endfacet
  facet normal 0.910868 0.412697 0
    outer loop
      vertex -14.5293 -7.16508 1.5
      vertex -14.9668 -6.19947 -1
      vertex -14.9668 -6.19947 1.5
    endloop
  endfacet
  facet normal 0.910868 0.412697 0
    outer loop
      vertex -14.9668 -6.19947 -1
      vertex -14.5293 -7.16508 1.5
      vertex -14.5293 -7.16508 -1
    endloop
  endfacet
  facet normal 0.528064 -0.849204 0
    outer loop
      vertex -9.00024 13.4698 -1
      vertex -8.1 14.0296 1.5
      vertex -9.00024 13.4698 1.5
    endloop
  endfacet
  facet normal 0.528064 -0.849204 0
    outer loop
      vertex -8.1 14.0296 1.5
      vertex -9.00024 13.4698 -1
      vertex -8.1 14.0296 -1
    endloop
  endfacet
  facet normal -0.227055 -0.973882 0
    outer loop
      vertex 3.16046 15.8887 -1
      vertex 4.19287 15.648 1.5
      vertex 3.16046 15.8887 1.5
    endloop
  endfacet
  facet normal -0.227055 -0.973882 -0
    outer loop
      vertex 4.19287 15.648 1.5
      vertex 3.16046 15.8887 -1
      vertex 4.19287 15.648 -1
    endloop
  endfacet
  facet normal -0.72984 0.683618 0
    outer loop
      vertex 11.4551 -11.4551 -1
      vertex 12.1798 -10.6814 1.5
      vertex 12.1798 -10.6814 -1
    endloop
  endfacet
  facet normal -0.72984 0.683618 0
    outer loop
      vertex 12.1798 -10.6814 1.5
      vertex 11.4551 -11.4551 -1
      vertex 11.4551 -11.4551 1.5
    endloop
  endfacet
  facet normal -0.973882 -0.227055 0
    outer loop
      vertex 15.8887 3.16046 -1
      vertex 15.648 4.19287 1.5
      vertex 15.648 4.19287 -1
    endloop
  endfacet
  facet normal -0.973882 -0.227055 0
    outer loop
      vertex 15.648 4.19287 1.5
      vertex 15.8887 3.16046 -1
      vertex 15.8887 3.16046 1.5
    endloop
  endfacet
  facet normal 0.290259 -0.956948 0
    outer loop
      vertex -5.20732 15.3403 -1
      vertex -4.19287 15.648 1.5
      vertex -5.20732 15.3403 1.5
    endloop
  endfacet
  facet normal 0.290259 -0.956948 0
    outer loop
      vertex -4.19287 15.648 1.5
      vertex -5.20732 15.3403 -1
      vertex -4.19287 15.648 -1
    endloop
  endfacet
  facet normal 0.683618 -0.72984 0
    outer loop
      vertex -11.4551 11.4551 -1
      vertex -10.6814 12.1798 1.5
      vertex -11.4551 11.4551 1.5
    endloop
  endfacet
  facet normal 0.683618 -0.72984 0
    outer loop
      vertex -10.6814 12.1798 1.5
      vertex -11.4551 11.4551 -1
      vertex -10.6814 12.1798 -1
    endloop
  endfacet
  facet normal 0.352317 -0.935881 0
    outer loop
      vertex -6.19947 14.9668 -1
      vertex -5.20732 15.3403 1.5
      vertex -6.19947 14.9668 1.5
    endloop
  endfacet
  facet normal 0.352317 -0.935881 0
    outer loop
      vertex -5.20732 15.3403 1.5
      vertex -6.19947 14.9668 -1
      vertex -5.20732 15.3403 -1
    endloop
  endfacet
  facet normal -0.986641 0.162909 0
    outer loop
      vertex 15.8887 -3.16046 -1
      vertex 16.0614 -2.11452 1.5
      vertex 16.0614 -2.11452 -1
    endloop
  endfacet
  facet normal -0.986641 0.162909 0
    outer loop
      vertex 16.0614 -2.11452 1.5
      vertex 15.8887 -3.16046 -1
      vertex 15.8887 -3.16046 1.5
    endloop
  endfacet
  facet normal -0.956948 -0.290259 0
    outer loop
      vertex 15.648 4.19287 -1
      vertex 15.3403 5.20732 1.5
      vertex 15.3403 5.20732 -1
    endloop
  endfacet
  facet normal -0.956948 -0.290259 0
    outer loop
      vertex 15.3403 5.20732 1.5
      vertex 15.648 4.19287 -1
      vertex 15.648 4.19287 1.5
    endloop
  endfacet
  facet normal 0.935881 -0.352317 0
    outer loop
      vertex -15.3403 5.20732 1.5
      vertex -14.9668 6.19947 -1
      vertex -14.9668 6.19947 1.5
    endloop
  endfacet
  facet normal 0.935881 -0.352317 0
    outer loop
      vertex -14.9668 6.19947 -1
      vertex -15.3403 5.20732 1.5
      vertex -15.3403 5.20732 -1
    endloop
  endfacet
  facet normal -0.471378 0.881931 0
    outer loop
      vertex 8.1 -14.0296 -1
      vertex 7.16508 -14.5293 1.5
      vertex 8.1 -14.0296 1.5
    endloop
  endfacet
  facet normal -0.471378 0.881931 0
    outer loop
      vertex 7.16508 -14.5293 1.5
      vertex 8.1 -14.0296 -1
      vertex 7.16508 -14.5293 -1
    endloop
  endfacet
  facet normal -0.995185 0.0980102 0
    outer loop
      vertex 16.0614 -2.11452 -1
      vertex 16.1653 -1.05953 1.5
      vertex 16.1653 -1.05953 -1
    endloop
  endfacet
  facet normal -0.995185 0.0980102 0
    outer loop
      vertex 16.1653 -1.05953 1.5
      vertex 16.0614 -2.11452 -1
      vertex 16.0614 -2.11452 1.5
    endloop
  endfacet
  facet normal -0.0980102 0.995185 0
    outer loop
      vertex 2.11452 -16.0614 -1
      vertex 1.05953 -16.1653 1.5
      vertex 2.11452 -16.0614 1.5
    endloop
  endfacet
  facet normal -0.0980102 0.995185 0
    outer loop
      vertex 1.05953 -16.1653 1.5
      vertex 2.11452 -16.0614 -1
      vertex 1.05953 -16.1653 -1
    endloop
  endfacet
  facet normal -0.77302 0.634381 0
    outer loop
      vertex 12.1798 -10.6814 -1
      vertex 12.8523 -9.86193 1.5
      vertex 12.8523 -9.86193 -1
    endloop
  endfacet
  facet normal -0.77302 0.634381 0
    outer loop
      vertex 12.8523 -9.86193 1.5
      vertex 12.1798 -10.6814 -1
      vertex 12.1798 -10.6814 1.5
    endloop
  endfacet
  facet normal 0.973882 -0.227055 0
    outer loop
      vertex -15.8887 3.16046 1.5
      vertex -15.648 4.19287 -1
      vertex -15.648 4.19287 1.5
    endloop
  endfacet
  facet normal 0.973882 -0.227055 0
    outer loop
      vertex -15.648 4.19287 -1
      vertex -15.8887 3.16046 1.5
      vertex -15.8887 3.16046 -1
    endloop
  endfacet
  facet normal -0.683618 -0.72984 0
    outer loop
      vertex 10.6814 12.1798 -1
      vertex 11.4551 11.4551 1.5
      vertex 10.6814 12.1798 1.5
    endloop
  endfacet
  facet normal -0.683618 -0.72984 -0
    outer loop
      vertex 11.4551 11.4551 1.5
      vertex 10.6814 12.1798 -1
      vertex 11.4551 11.4551 -1
    endloop
  endfacet
  facet normal 0.973882 0.227055 0
    outer loop
      vertex -15.648 -4.19287 1.5
      vertex -15.8887 -3.16046 -1
      vertex -15.8887 -3.16046 1.5
    endloop
  endfacet
  facet normal 0.973882 0.227055 0
    outer loop
      vertex -15.8887 -3.16046 -1
      vertex -15.648 -4.19287 1.5
      vertex -15.648 -4.19287 -1
    endloop
  endfacet
  facet normal 0.634381 -0.77302 0
    outer loop
      vertex -10.6814 12.1798 -1
      vertex -9.86193 12.8523 1.5
      vertex -10.6814 12.1798 1.5
    endloop
  endfacet
  facet normal 0.634381 -0.77302 0
    outer loop
      vertex -9.86193 12.8523 1.5
      vertex -10.6814 12.1798 -1
      vertex -9.86193 12.8523 -1
    endloop
  endfacet
  facet normal 0.471378 0.881931 -0
    outer loop
      vertex -7.16508 -14.5293 -1
      vertex -8.1 -14.0296 1.5
      vertex -7.16508 -14.5293 1.5
    endloop
  endfacet
  facet normal 0.471378 0.881931 0
    outer loop
      vertex -8.1 -14.0296 1.5
      vertex -7.16508 -14.5293 -1
      vertex -8.1 -14.0296 -1
    endloop
  endfacet
  facet normal -0.0327328 -0.999464 0
    outer loop
      vertex 0 16.2 -1
      vertex 1.05953 16.1653 1.5
      vertex 0 16.2 1.5
    endloop
  endfacet
  facet normal -0.0327328 -0.999464 -0
    outer loop
      vertex 1.05953 16.1653 1.5
      vertex 0 16.2 -1
      vertex 1.05953 16.1653 -1
    endloop
  endfacet
  facet normal 0.77302 0.634381 0
    outer loop
      vertex -12.1798 -10.6814 1.5
      vertex -12.8523 -9.86193 -1
      vertex -12.8523 -9.86193 1.5
    endloop
  endfacet
  facet normal 0.77302 0.634381 0
    outer loop
      vertex -12.8523 -9.86193 -1
      vertex -12.1798 -10.6814 1.5
      vertex -12.1798 -10.6814 -1
    endloop
  endfacet
  facet normal -0.973882 0.227055 0
    outer loop
      vertex 15.648 -4.19287 -1
      vertex 15.8887 -3.16046 1.5
      vertex 15.8887 -3.16046 -1
    endloop
  endfacet
  facet normal -0.973882 0.227055 0
    outer loop
      vertex 15.8887 -3.16046 1.5
      vertex 15.648 -4.19287 -1
      vertex 15.648 -4.19287 1.5
    endloop
  endfacet
  facet normal -0.849204 -0.528064 0
    outer loop
      vertex 14.0296 8.1 -1
      vertex 13.4698 9.00024 1.5
      vertex 13.4698 9.00024 -1
    endloop
  endfacet
  facet normal -0.849204 -0.528064 0
    outer loop
      vertex 13.4698 9.00024 1.5
      vertex 14.0296 8.1 -1
      vertex 14.0296 8.1 1.5
    endloop
  endfacet
  facet normal 0.72984 0.683618 0
    outer loop
      vertex -11.4551 -11.4551 1.5
      vertex -12.1798 -10.6814 -1
      vertex -12.1798 -10.6814 1.5
    endloop
  endfacet
  facet normal 0.72984 0.683618 0
    outer loop
      vertex -12.1798 -10.6814 -1
      vertex -11.4551 -11.4551 1.5
      vertex -11.4551 -11.4551 -1
    endloop
  endfacet
  facet normal 0.227055 -0.973882 0
    outer loop
      vertex -4.19287 15.648 -1
      vertex -3.16046 15.8887 1.5
      vertex -4.19287 15.648 1.5
    endloop
  endfacet
  facet normal 0.227055 -0.973882 0
    outer loop
      vertex -3.16046 15.8887 1.5
      vertex -4.19287 15.648 -1
      vertex -3.16046 15.8887 -1
    endloop
  endfacet
  facet normal 0.582491 -0.812837 0
    outer loop
      vertex -9.86193 12.8523 -1
      vertex -9.00024 13.4698 1.5
      vertex -9.86193 12.8523 1.5
    endloop
  endfacet
  facet normal 0.582491 -0.812837 0
    outer loop
      vertex -9.00024 13.4698 1.5
      vertex -9.86193 12.8523 -1
      vertex -9.00024 13.4698 -1
    endloop
  endfacet
  facet normal -0.956948 0.290259 0
    outer loop
      vertex 15.3403 -5.20732 -1
      vertex 15.648 -4.19287 1.5
      vertex 15.648 -4.19287 -1
    endloop
  endfacet
  facet normal -0.956948 0.290259 0
    outer loop
      vertex 15.648 -4.19287 1.5
      vertex 15.3403 -5.20732 -1
      vertex 15.3403 -5.20732 1.5
    endloop
  endfacet
  facet normal -0.412697 0.910868 0
    outer loop
      vertex 7.16508 -14.5293 -1
      vertex 6.19947 -14.9668 1.5
      vertex 7.16508 -14.5293 1.5
    endloop
  endfacet
  facet normal -0.412697 0.910868 0
    outer loop
      vertex 6.19947 -14.9668 1.5
      vertex 7.16508 -14.5293 -1
      vertex 6.19947 -14.9668 -1
    endloop
  endfacet
  facet normal -0.412697 -0.910868 0
    outer loop
      vertex 6.19947 14.9668 -1
      vertex 7.16508 14.5293 1.5
      vertex 6.19947 14.9668 1.5
    endloop
  endfacet
  facet normal -0.412697 -0.910868 -0
    outer loop
      vertex 7.16508 14.5293 1.5
      vertex 6.19947 14.9668 -1
      vertex 7.16508 14.5293 -1
    endloop
  endfacet
  facet normal -0.634381 0.77302 0
    outer loop
      vertex 10.6814 -12.1798 -1
      vertex 9.86193 -12.8523 1.5
      vertex 10.6814 -12.1798 1.5
    endloop
  endfacet
  facet normal -0.634381 0.77302 0
    outer loop
      vertex 9.86193 -12.8523 1.5
      vertex 10.6814 -12.1798 -1
      vertex 9.86193 -12.8523 -1
    endloop
  endfacet
  facet normal 0.986641 -0.162909 0
    outer loop
      vertex -16.0614 2.11452 1.5
      vertex -15.8887 3.16046 -1
      vertex -15.8887 3.16046 1.5
    endloop
  endfacet
  facet normal 0.986641 -0.162909 0
    outer loop
      vertex -15.8887 3.16046 -1
      vertex -16.0614 2.11452 1.5
      vertex -16.0614 2.11452 -1
    endloop
  endfacet
  facet normal -0.910868 -0.412697 0
    outer loop
      vertex 14.9668 6.19947 -1
      vertex 14.5293 7.16508 1.5
      vertex 14.5293 7.16508 -1
    endloop
  endfacet
  facet normal -0.910868 -0.412697 0
    outer loop
      vertex 14.5293 7.16508 1.5
      vertex 14.9668 6.19947 -1
      vertex 14.9668 6.19947 1.5
    endloop
  endfacet
  facet normal -0.162909 -0.986641 0
    outer loop
      vertex 2.11452 16.0614 -1
      vertex 3.16046 15.8887 1.5
      vertex 2.11452 16.0614 1.5
    endloop
  endfacet
  facet normal -0.162909 -0.986641 -0
    outer loop
      vertex 3.16046 15.8887 1.5
      vertex 2.11452 16.0614 -1
      vertex 3.16046 15.8887 -1
    endloop
  endfacet
  facet normal 0.935881 0.352317 0
    outer loop
      vertex -14.9668 -6.19947 1.5
      vertex -15.3403 -5.20732 -1
      vertex -15.3403 -5.20732 1.5
    endloop
  endfacet
  facet normal 0.935881 0.352317 0
    outer loop
      vertex -15.3403 -5.20732 -1
      vertex -14.9668 -6.19947 1.5
      vertex -14.9668 -6.19947 -1
    endloop
  endfacet
  facet normal 0.881931 -0.471378 0
    outer loop
      vertex -14.5293 7.16508 1.5
      vertex -14.0296 8.1 -1
      vertex -14.0296 8.1 1.5
    endloop
  endfacet
  facet normal 0.881931 -0.471378 0
    outer loop
      vertex -14.0296 8.1 -1
      vertex -14.5293 7.16508 1.5
      vertex -14.5293 7.16508 -1
    endloop
  endfacet
  facet normal 0.986641 0.162909 0
    outer loop
      vertex -15.8887 -3.16046 1.5
      vertex -16.0614 -2.11452 -1
      vertex -16.0614 -2.11452 1.5
    endloop
  endfacet
  facet normal 0.986641 0.162909 0
    outer loop
      vertex -16.0614 -2.11452 -1
      vertex -15.8887 -3.16046 1.5
      vertex -15.8887 -3.16046 -1
    endloop
  endfacet
  facet normal -0.683618 0.72984 0
    outer loop
      vertex 11.4551 -11.4551 -1
      vertex 10.6814 -12.1798 1.5
      vertex 11.4551 -11.4551 1.5
    endloop
  endfacet
  facet normal -0.683618 0.72984 0
    outer loop
      vertex 10.6814 -12.1798 1.5
      vertex 11.4551 -11.4551 -1
      vertex 10.6814 -12.1798 -1
    endloop
  endfacet
  facet normal -0.528064 0.849204 0
    outer loop
      vertex 9.00024 -13.4698 -1
      vertex 8.1 -14.0296 1.5
      vertex 9.00024 -13.4698 1.5
    endloop
  endfacet
  facet normal -0.528064 0.849204 0
    outer loop
      vertex 8.1 -14.0296 1.5
      vertex 9.00024 -13.4698 -1
      vertex 8.1 -14.0296 -1
    endloop
  endfacet
  facet normal -0.812837 -0.582491 0
    outer loop
      vertex 13.4698 9.00024 -1
      vertex 12.8523 9.86193 1.5
      vertex 12.8523 9.86193 -1
    endloop
  endfacet
  facet normal -0.812837 -0.582491 0
    outer loop
      vertex 12.8523 9.86193 1.5
      vertex 13.4698 9.00024 -1
      vertex 13.4698 9.00024 1.5
    endloop
  endfacet
  facet normal 0.910868 -0.412697 0
    outer loop
      vertex -14.9668 6.19947 1.5
      vertex -14.5293 7.16508 -1
      vertex -14.5293 7.16508 1.5
    endloop
  endfacet
  facet normal 0.910868 -0.412697 0
    outer loop
      vertex -14.5293 7.16508 -1
      vertex -14.9668 6.19947 1.5
      vertex -14.9668 6.19947 -1
    endloop
  endfacet
  facet normal -0.634381 -0.77302 0
    outer loop
      vertex 9.86193 12.8523 -1
      vertex 10.6814 12.1798 1.5
      vertex 9.86193 12.8523 1.5
    endloop
  endfacet
  facet normal -0.634381 -0.77302 -0
    outer loop
      vertex 10.6814 12.1798 1.5
      vertex 9.86193 12.8523 -1
      vertex 10.6814 12.1798 -1
    endloop
  endfacet
  facet normal -0.582491 -0.812837 0
    outer loop
      vertex 9.00024 13.4698 -1
      vertex 9.86193 12.8523 1.5
      vertex 9.00024 13.4698 1.5
    endloop
  endfacet
  facet normal -0.582491 -0.812837 -0
    outer loop
      vertex 9.86193 12.8523 1.5
      vertex 9.00024 13.4698 -1
      vertex 9.86193 12.8523 -1
    endloop
  endfacet
  facet normal 0.162909 0.986641 -0
    outer loop
      vertex -2.11452 -16.0614 -1
      vertex -3.16046 -15.8887 1.5
      vertex -2.11452 -16.0614 1.5
    endloop
  endfacet
  facet normal 0.162909 0.986641 0
    outer loop
      vertex -3.16046 -15.8887 1.5
      vertex -2.11452 -16.0614 -1
      vertex -3.16046 -15.8887 -1
    endloop
  endfacet
  facet normal -0.72984 -0.683618 0
    outer loop
      vertex 12.1798 10.6814 -1
      vertex 11.4551 11.4551 1.5
      vertex 11.4551 11.4551 -1
    endloop
  endfacet
  facet normal -0.72984 -0.683618 0
    outer loop
      vertex 11.4551 11.4551 1.5
      vertex 12.1798 10.6814 -1
      vertex 12.1798 10.6814 1.5
    endloop
  endfacet
  facet normal -0.910868 0.412697 0
    outer loop
      vertex 14.5293 -7.16508 -1
      vertex 14.9668 -6.19947 1.5
      vertex 14.9668 -6.19947 -1
    endloop
  endfacet
  facet normal -0.910868 0.412697 0
    outer loop
      vertex 14.9668 -6.19947 1.5
      vertex 14.5293 -7.16508 -1
      vertex 14.5293 -7.16508 1.5
    endloop
  endfacet
  facet normal 0.995185 -0.0980102 0
    outer loop
      vertex -16.1653 1.05953 1.5
      vertex -16.0614 2.11452 -1
      vertex -16.0614 2.11452 1.5
    endloop
  endfacet
  facet normal 0.995185 -0.0980102 0
    outer loop
      vertex -16.0614 2.11452 -1
      vertex -16.1653 1.05953 1.5
      vertex -16.1653 1.05953 -1
    endloop
  endfacet
  facet normal -0.881931 0.471378 0
    outer loop
      vertex 14.0296 -8.1 -1
      vertex 14.5293 -7.16508 1.5
      vertex 14.5293 -7.16508 -1
    endloop
  endfacet
  facet normal -0.881931 0.471378 0
    outer loop
      vertex 14.5293 -7.16508 1.5
      vertex 14.0296 -8.1 -1
      vertex 14.0296 -8.1 1.5
    endloop
  endfacet
  facet normal 0.956948 -0.290259 0
    outer loop
      vertex -15.648 4.19287 1.5
      vertex -15.3403 5.20732 -1
      vertex -15.3403 5.20732 1.5
    endloop
  endfacet
  facet normal 0.956948 -0.290259 0
    outer loop
      vertex -15.3403 5.20732 -1
      vertex -15.648 4.19287 1.5
      vertex -15.648 4.19287 -1
    endloop
  endfacet
  facet normal -0.290259 -0.956948 0
    outer loop
      vertex 4.19287 15.648 -1
      vertex 5.20732 15.3403 1.5
      vertex 4.19287 15.648 1.5
    endloop
  endfacet
  facet normal -0.290259 -0.956948 -0
    outer loop
      vertex 5.20732 15.3403 1.5
      vertex 4.19287 15.648 -1
      vertex 5.20732 15.3403 -1
    endloop
  endfacet
  facet normal 0.849204 0.528064 0
    outer loop
      vertex -13.4698 -9.00024 1.5
      vertex -14.0296 -8.1 -1
      vertex -14.0296 -8.1 1.5
    endloop
  endfacet
  facet normal 0.849204 0.528064 0
    outer loop
      vertex -14.0296 -8.1 -1
      vertex -13.4698 -9.00024 1.5
      vertex -13.4698 -9.00024 -1
    endloop
  endfacet
  facet normal -0.999464 0.0327328 0
    outer loop
      vertex 16.1653 -1.05953 -1
      vertex 16.2 0 1.5
      vertex 16.2 0 -1
    endloop
  endfacet
  facet normal -0.999464 0.0327328 0
    outer loop
      vertex 16.2 0 1.5
      vertex 16.1653 -1.05953 -1
      vertex 16.1653 -1.05953 1.5
    endloop
  endfacet
  facet normal 0.0980102 -0.995185 0
    outer loop
      vertex -2.11452 16.0614 -1
      vertex -1.05953 16.1653 1.5
      vertex -2.11452 16.0614 1.5
    endloop
  endfacet
  facet normal 0.0980102 -0.995185 0
    outer loop
      vertex -1.05953 16.1653 1.5
      vertex -2.11452 16.0614 -1
      vertex -1.05953 16.1653 -1
    endloop
  endfacet
  facet normal -0.582491 0.812837 0
    outer loop
      vertex 9.86193 -12.8523 -1
      vertex 9.00024 -13.4698 1.5
      vertex 9.86193 -12.8523 1.5
    endloop
  endfacet
  facet normal -0.582491 0.812837 0
    outer loop
      vertex 9.00024 -13.4698 1.5
      vertex 9.86193 -12.8523 -1
      vertex 9.00024 -13.4698 -1
    endloop
  endfacet
  facet normal 0.812837 0.582491 0
    outer loop
      vertex -12.8523 -9.86193 1.5
      vertex -13.4698 -9.00024 -1
      vertex -13.4698 -9.00024 1.5
    endloop
  endfacet
  facet normal 0.812837 0.582491 0
    outer loop
      vertex -13.4698 -9.00024 -1
      vertex -12.8523 -9.86193 1.5
      vertex -12.8523 -9.86193 -1
    endloop
  endfacet
  facet normal 0.412697 -0.910868 0
    outer loop
      vertex -7.16508 14.5293 -1
      vertex -6.19947 14.9668 1.5
      vertex -7.16508 14.5293 1.5
    endloop
  endfacet
  facet normal 0.412697 -0.910868 0
    outer loop
      vertex -6.19947 14.9668 1.5
      vertex -7.16508 14.5293 -1
      vertex -6.19947 14.9668 -1
    endloop
  endfacet
  facet normal 0.412697 0.910868 -0
    outer loop
      vertex -6.19947 -14.9668 -1
      vertex -7.16508 -14.5293 1.5
      vertex -6.19947 -14.9668 1.5
    endloop
  endfacet
  facet normal 0.412697 0.910868 0
    outer loop
      vertex -7.16508 -14.5293 1.5
      vertex -6.19947 -14.9668 -1
      vertex -7.16508 -14.5293 -1
    endloop
  endfacet
  facet normal 0.956948 0.290259 0
    outer loop
      vertex -15.3403 -5.20732 1.5
      vertex -15.648 -4.19287 -1
      vertex -15.648 -4.19287 1.5
    endloop
  endfacet
  facet normal 0.956948 0.290259 0
    outer loop
      vertex -15.648 -4.19287 -1
      vertex -15.3403 -5.20732 1.5
      vertex -15.3403 -5.20732 -1
    endloop
  endfacet
  facet normal 0.849204 -0.528064 0
    outer loop
      vertex -14.0296 8.1 1.5
      vertex -13.4698 9.00024 -1
      vertex -13.4698 9.00024 1.5
    endloop
  endfacet
  facet normal 0.849204 -0.528064 0
    outer loop
      vertex -13.4698 9.00024 -1
      vertex -14.0296 8.1 1.5
      vertex -14.0296 8.1 -1
    endloop
  endfacet
  facet normal -0.812837 0.582491 0
    outer loop
      vertex 12.8523 -9.86193 -1
      vertex 13.4698 -9.00024 1.5
      vertex 13.4698 -9.00024 -1
    endloop
  endfacet
  facet normal -0.812837 0.582491 0
    outer loop
      vertex 13.4698 -9.00024 1.5
      vertex 12.8523 -9.86193 -1
      vertex 12.8523 -9.86193 1.5
    endloop
  endfacet
  facet normal 0.812837 -0.582491 0
    outer loop
      vertex -13.4698 9.00024 1.5
      vertex -12.8523 9.86193 -1
      vertex -12.8523 9.86193 1.5
    endloop
  endfacet
  facet normal 0.812837 -0.582491 0
    outer loop
      vertex -12.8523 9.86193 -1
      vertex -13.4698 9.00024 1.5
      vertex -13.4698 9.00024 -1
    endloop
  endfacet
  facet normal 0.0980102 0.995185 -0
    outer loop
      vertex -1.05953 -16.1653 -1
      vertex -2.11452 -16.0614 1.5
      vertex -1.05953 -16.1653 1.5
    endloop
  endfacet
  facet normal 0.0980102 0.995185 0
    outer loop
      vertex -2.11452 -16.0614 1.5
      vertex -1.05953 -16.1653 -1
      vertex -2.11452 -16.0614 -1
    endloop
  endfacet
  facet normal 0.0327328 0.999464 -0
    outer loop
      vertex 0 -16.2 -1
      vertex -1.05953 -16.1653 1.5
      vertex 0 -16.2 1.5
    endloop
  endfacet
  facet normal 0.0327328 0.999464 0
    outer loop
      vertex -1.05953 -16.1653 1.5
      vertex 0 -16.2 -1
      vertex -1.05953 -16.1653 -1
    endloop
  endfacet
  facet normal 0.683618 0.72984 -0
    outer loop
      vertex -10.6814 -12.1798 -1
      vertex -11.4551 -11.4551 1.5
      vertex -10.6814 -12.1798 1.5
    endloop
  endfacet
  facet normal 0.683618 0.72984 0
    outer loop
      vertex -11.4551 -11.4551 1.5
      vertex -10.6814 -12.1798 -1
      vertex -11.4551 -11.4551 -1
    endloop
  endfacet
  facet normal 0.881931 0.471378 0
    outer loop
      vertex -14.0296 -8.1 1.5
      vertex -14.5293 -7.16508 -1
      vertex -14.5293 -7.16508 1.5
    endloop
  endfacet
  facet normal 0.881931 0.471378 0
    outer loop
      vertex -14.5293 -7.16508 -1
      vertex -14.0296 -8.1 1.5
      vertex -14.0296 -8.1 -1
    endloop
  endfacet
  facet normal 0.77302 -0.634381 0
    outer loop
      vertex -12.8523 9.86193 1.5
      vertex -12.1798 10.6814 -1
      vertex -12.1798 10.6814 1.5
    endloop
  endfacet
  facet normal 0.77302 -0.634381 0
    outer loop
      vertex -12.1798 10.6814 -1
      vertex -12.8523 9.86193 1.5
      vertex -12.8523 9.86193 -1
    endloop
  endfacet
  facet normal 0.999464 0.0327328 0
    outer loop
      vertex -16.1653 -1.05953 1.5
      vertex -16.2 0 -1
      vertex -16.2 0 1.5
    endloop
  endfacet
  facet normal 0.999464 0.0327328 0
    outer loop
      vertex -16.2 0 -1
      vertex -16.1653 -1.05953 1.5
      vertex -16.1653 -1.05953 -1
    endloop
  endfacet
  facet normal 0.227055 0.973882 -0
    outer loop
      vertex -3.16046 -15.8887 -1
      vertex -4.19287 -15.648 1.5
      vertex -3.16046 -15.8887 1.5
    endloop
  endfacet
  facet normal 0.227055 0.973882 0
    outer loop
      vertex -4.19287 -15.648 1.5
      vertex -3.16046 -15.8887 -1
      vertex -4.19287 -15.648 -1
    endloop
  endfacet
  facet normal 0.995185 0.0980102 0
    outer loop
      vertex -16.0614 -2.11452 1.5
      vertex -16.1653 -1.05953 -1
      vertex -16.1653 -1.05953 1.5
    endloop
  endfacet
  facet normal 0.995185 0.0980102 0
    outer loop
      vertex -16.1653 -1.05953 -1
      vertex -16.0614 -2.11452 1.5
      vertex -16.0614 -2.11452 -1
    endloop
  endfacet
  facet normal 0.290259 0.956948 -0
    outer loop
      vertex -4.19287 -15.648 -1
      vertex -5.20732 -15.3403 1.5
      vertex -4.19287 -15.648 1.5
    endloop
  endfacet
  facet normal 0.290259 0.956948 0
    outer loop
      vertex -5.20732 -15.3403 1.5
      vertex -4.19287 -15.648 -1
      vertex -5.20732 -15.3403 -1
    endloop
  endfacet
  facet normal -0.0980102 -0.995185 0
    outer loop
      vertex 1.05953 16.1653 -1
      vertex 2.11452 16.0614 1.5
      vertex 1.05953 16.1653 1.5
    endloop
  endfacet
  facet normal -0.0980102 -0.995185 -0
    outer loop
      vertex 2.11452 16.0614 1.5
      vertex 1.05953 16.1653 -1
      vertex 2.11452 16.0614 -1
    endloop
  endfacet
  facet normal 0.528064 0.849204 -0
    outer loop
      vertex -8.1 -14.0296 -1
      vertex -9.00024 -13.4698 1.5
      vertex -8.1 -14.0296 1.5
    endloop
  endfacet
  facet normal 0.528064 0.849204 0
    outer loop
      vertex -9.00024 -13.4698 1.5
      vertex -8.1 -14.0296 -1
      vertex -9.00024 -13.4698 -1
    endloop
  endfacet
  facet normal -0.77302 -0.634381 0
    outer loop
      vertex 12.8523 9.86193 -1
      vertex 12.1798 10.6814 1.5
      vertex 12.1798 10.6814 -1
    endloop
  endfacet
  facet normal -0.77302 -0.634381 0
    outer loop
      vertex 12.1798 10.6814 1.5
      vertex 12.8523 9.86193 -1
      vertex 12.8523 9.86193 1.5
    endloop
  endfacet
  facet normal -0.290259 0.956948 0
    outer loop
      vertex 5.20732 -15.3403 -1
      vertex 4.19287 -15.648 1.5
      vertex 5.20732 -15.3403 1.5
    endloop
  endfacet
  facet normal -0.290259 0.956948 0
    outer loop
      vertex 4.19287 -15.648 1.5
      vertex 5.20732 -15.3403 -1
      vertex 4.19287 -15.648 -1
    endloop
  endfacet
  facet normal -0.528064 -0.849204 0
    outer loop
      vertex 8.1 14.0296 -1
      vertex 9.00024 13.4698 1.5
      vertex 8.1 14.0296 1.5
    endloop
  endfacet
  facet normal -0.528064 -0.849204 -0
    outer loop
      vertex 9.00024 13.4698 1.5
      vertex 8.1 14.0296 -1
      vertex 9.00024 13.4698 -1
    endloop
  endfacet
  facet normal -0.471378 -0.881931 0
    outer loop
      vertex 7.16508 14.5293 -1
      vertex 8.1 14.0296 1.5
      vertex 7.16508 14.5293 1.5
    endloop
  endfacet
  facet normal -0.471378 -0.881931 -0
    outer loop
      vertex 8.1 14.0296 1.5
      vertex 7.16508 14.5293 -1
      vertex 8.1 14.0296 -1
    endloop
  endfacet
  facet normal 0.582491 0.812837 -0
    outer loop
      vertex -9.00024 -13.4698 -1
      vertex -9.86193 -12.8523 1.5
      vertex -9.00024 -13.4698 1.5
    endloop
  endfacet
  facet normal 0.582491 0.812837 0
    outer loop
      vertex -9.86193 -12.8523 1.5
      vertex -9.00024 -13.4698 -1
      vertex -9.86193 -12.8523 -1
    endloop
  endfacet
  facet normal -0.352317 -0.935881 0
    outer loop
      vertex 5.20732 15.3403 -1
      vertex 6.19947 14.9668 1.5
      vertex 5.20732 15.3403 1.5
    endloop
  endfacet
  facet normal -0.352317 -0.935881 -0
    outer loop
      vertex 6.19947 14.9668 1.5
      vertex 5.20732 15.3403 -1
      vertex 6.19947 14.9668 -1
    endloop
  endfacet
  facet normal 0 0 1
    outer loop
      vertex 16.1653 1.05953 -1
      vertex 16.1653 -1.05953 -1
      vertex 16.2 0 -1
    endloop
  endfacet
  facet normal 0 0 1
    outer loop
      vertex 16.0614 2.11452 -1
      vertex 16.1653 -1.05953 -1
      vertex 16.1653 1.05953 -1
    endloop
  endfacet
  facet normal 0 0 1
    outer loop
      vertex 16.0614 2.11452 -1
      vertex 16.0614 -2.11452 -1
      vertex 16.1653 -1.05953 -1
    endloop
  endfacet
  facet normal 0 0 1
    outer loop
      vertex 15.8887 3.16046 -1
      vertex 16.0614 -2.11452 -1
      vertex 16.0614 2.11452 -1
    endloop
  endfacet
  facet normal 0 0 1
    outer loop
      vertex 15.8887 3.16046 -1
      vertex 15.8887 -3.16046 -1
      vertex 16.0614 -2.11452 -1
    endloop
  endfacet
  facet normal 0 0 1
    outer loop
      vertex 15.648 4.19287 -1
      vertex 15.8887 -3.16046 -1
      vertex 15.8887 3.16046 -1
    endloop
  endfacet
  facet normal 0 0 1
    outer loop
      vertex 15.648 4.19287 -1
      vertex 15.648 -4.19287 -1
      vertex 15.8887 -3.16046 -1
    endloop
  endfacet
  facet normal 0 0 1
    outer loop
      vertex 15.3403 5.20732 -1
      vertex 15.648 -4.19287 -1
      vertex 15.648 4.19287 -1
    endloop
  endfacet
  facet normal 0 0 1
    outer loop
      vertex 15.3403 5.20732 -1
      vertex 15.3403 -5.20732 -1
      vertex 15.648 -4.19287 -1
    endloop
  endfacet
  facet normal 0 0 1
    outer loop
      vertex 14.9668 6.19947 -1
      vertex 15.3403 -5.20732 -1
      vertex 15.3403 5.20732 -1
    endloop
  endfacet
  facet normal 0 0 1
    outer loop
      vertex 14.9668 6.19947 -1
      vertex 14.9668 -6.19947 -1
      vertex 15.3403 -5.20732 -1
    endloop
  endfacet
  facet normal 0 0 1
    outer loop
      vertex 14.5293 7.16508 -1
      vertex 14.9668 -6.19947 -1
      vertex 14.9668 6.19947 -1
    endloop
  endfacet
  facet normal 0 0 1
    outer loop
      vertex 14.5293 7.16508 -1
      vertex 14.5293 -7.16508 -1
      vertex 14.9668 -6.19947 -1
    endloop
  endfacet
  facet normal 0 0 1
    outer loop
      vertex 14.0296 8.1 -1
      vertex 14.5293 -7.16508 -1
      vertex 14.5293 7.16508 -1
    endloop
  endfacet
  facet normal 0 0 1
    outer loop
      vertex 14.0296 8.1 -1
      vertex 14.0296 -8.1 -1
      vertex 14.5293 -7.16508 -1
    endloop
  endfacet
  facet normal 0 0 1
    outer loop
      vertex 13.4698 9.00024 -1
      vertex 14.0296 -8.1 -1
      vertex 14.0296 8.1 -1
    endloop
  endfacet
  facet normal 0 0 1
    outer loop
      vertex 13.4698 9.00024 -1
      vertex 13.4698 -9.00024 -1
      vertex 14.0296 -8.1 -1
    endloop
  endfacet
  facet normal 0 0 1
    outer loop
      vertex 12.8523 9.86193 -1
      vertex 13.4698 -9.00024 -1
      vertex 13.4698 9.00024 -1
    endloop
  endfacet
  facet normal 0 0 1
    outer loop
      vertex 12.8523 9.86193 -1
      vertex 12.8523 -9.86193 -1
      vertex 13.4698 -9.00024 -1
    endloop
  endfacet
  facet normal 0 0 1
    outer loop
      vertex 12.1798 10.6814 -1
      vertex 12.8523 -9.86193 -1
      vertex 12.8523 9.86193 -1
    endloop
  endfacet
  facet normal 0 0 1
    outer loop
      vertex 12.1798 10.6814 -1
      vertex 12.1798 -10.6814 -1
      vertex 12.8523 -9.86193 -1
    endloop
  endfacet
  facet normal 0 0 1
    outer loop
      vertex 11.4551 11.4551 -1
      vertex 12.1798 -10.6814 -1
      vertex 12.1798 10.6814 -1
    endloop
  endfacet
  facet normal 0 0 1
    outer loop
      vertex 11.4551 11.4551 -1
      vertex 11.4551 -11.4551 -1
      vertex 12.1798 -10.6814 -1
    endloop
  endfacet
  facet normal 0 0 1
    outer loop
      vertex 10.6814 12.1798 -1
      vertex 11.4551 -11.4551 -1
      vertex 11.4551 11.4551 -1
    endloop
  endfacet
  facet normal 0 0 1
    outer loop
      vertex 10.6814 12.1798 -1
      vertex 10.6814 -12.1798 -1
      vertex 11.4551 -11.4551 -1
    endloop
  endfacet
  facet normal 0 0 1
    outer loop
      vertex 9.86193 12.8523 -1
      vertex 10.6814 -12.1798 -1
      vertex 10.6814 12.1798 -1
    endloop
  endfacet
  facet normal 0 0 1
    outer loop
      vertex 9.86193 12.8523 -1
      vertex 9.86193 -12.8523 -1
      vertex 10.6814 -12.1798 -1
    endloop
  endfacet
  facet normal 0 0 1
    outer loop
      vertex 9.00024 13.4698 -1
      vertex 9.86193 -12.8523 -1
      vertex 9.86193 12.8523 -1
    endloop
  endfacet
  facet normal 0 0 1
    outer loop
      vertex 9.00024 13.4698 -1
      vertex 9.00024 -13.4698 -1
      vertex 9.86193 -12.8523 -1
    endloop
  endfacet
  facet normal 0 0 1
    outer loop
      vertex 8.1 14.0296 -1
      vertex 9.00024 -13.4698 -1
      vertex 9.00024 13.4698 -1
    endloop
  endfacet
  facet normal 0 0 1
    outer loop
      vertex 8.1 14.0296 -1
      vertex 8.1 -14.0296 -1
      vertex 9.00024 -13.4698 -1
    endloop
  endfacet
  facet normal 0 0 1
    outer loop
      vertex 7.16508 14.5293 -1
      vertex 8.1 -14.0296 -1
      vertex 8.1 14.0296 -1
    endloop
  endfacet
  facet normal 0 0 1
    outer loop
      vertex 7.16508 14.5293 -1
      vertex 7.16508 -14.5293 -1
      vertex 8.1 -14.0296 -1
    endloop
  endfacet
  facet normal 0 0 1
    outer loop
      vertex 6.19947 14.9668 -1
      vertex 7.16508 -14.5293 -1
      vertex 7.16508 14.5293 -1
    endloop
  endfacet
  facet normal 0 0 1
    outer loop
      vertex 6.19947 14.9668 -1
      vertex 6.19947 -14.9668 -1
      vertex 7.16508 -14.5293 -1
    endloop
  endfacet
  facet normal 0 0 1
    outer loop
      vertex 5.20732 15.3403 -1
      vertex 6.19947 -14.9668 -1
      vertex 6.19947 14.9668 -1
    endloop
  endfacet
  facet normal 0 0 1
    outer loop
      vertex 5.20732 15.3403 -1
      vertex 5.20732 -15.3403 -1
      vertex 6.19947 -14.9668 -1
    endloop
  endfacet
  facet normal 0 0 1
    outer loop
      vertex 4.19287 15.648 -1
      vertex 5.20732 -15.3403 -1
      vertex 5.20732 15.3403 -1
    endloop
  endfacet
  facet normal 0 0 1
    outer loop
      vertex 4.19287 15.648 -1
      vertex 4.19287 -15.648 -1
      vertex 5.20732 -15.3403 -1
    endloop
  endfacet
  facet normal 0 0 1
    outer loop
      vertex 3.16046 15.8887 -1
      vertex 4.19287 -15.648 -1
      vertex 4.19287 15.648 -1
    endloop
  endfacet
  facet normal 0 0 1
    outer loop
      vertex 3.16046 15.8887 -1
      vertex 3.16046 -15.8887 -1
      vertex 4.19287 -15.648 -1
    endloop
  endfacet
  facet normal 0 0 1
    outer loop
      vertex 2.11452 16.0614 -1
      vertex 3.16046 -15.8887 -1
      vertex 3.16046 15.8887 -1
    endloop
  endfacet
  facet normal 0 0 1
    outer loop
      vertex 2.11452 16.0614 -1
      vertex 2.11452 -16.0614 -1
      vertex 3.16046 -15.8887 -1
    endloop
  endfacet
  facet normal 0 0 1
    outer loop
      vertex 1.05953 16.1653 -1
      vertex 2.11452 -16.0614 -1
      vertex 2.11452 16.0614 -1
    endloop
  endfacet
  facet normal 0 0 1
    outer loop
      vertex 1.05953 16.1653 -1
      vertex 1.05953 -16.1653 -1
      vertex 2.11452 -16.0614 -1
    endloop
  endfacet
  facet normal 0 0 1
    outer loop
      vertex 0 16.2 -1
      vertex 1.05953 -16.1653 -1
      vertex 1.05953 16.1653 -1
    endloop
  endfacet
  facet normal 0 0 1
    outer loop
      vertex 0 16.2 -1
      vertex 0 -16.2 -1
      vertex 1.05953 -16.1653 -1
    endloop
  endfacet
  facet normal -0 0 1
    outer loop
      vertex -1.05953 16.1653 -1
      vertex 0 -16.2 -1
      vertex 0 16.2 -1
    endloop
  endfacet
  facet normal 0 0 1
    outer loop
      vertex -1.05953 16.1653 -1
      vertex -1.05953 -16.1653 -1
      vertex 0 -16.2 -1
    endloop
  endfacet
  facet normal -0 0 1
    outer loop
      vertex -2.11452 16.0614 -1
      vertex -1.05953 -16.1653 -1
      vertex -1.05953 16.1653 -1
    endloop
  endfacet
  facet normal 0 0 1
    outer loop
      vertex -2.11452 16.0614 -1
      vertex -2.11452 -16.0614 -1
      vertex -1.05953 -16.1653 -1
    endloop
  endfacet
  facet normal -0 0 1
    outer loop
      vertex -3.16046 15.8887 -1
      vertex -2.11452 -16.0614 -1
      vertex -2.11452 16.0614 -1
    endloop
  endfacet
  facet normal 0 0 1
    outer loop
      vertex -3.16046 15.8887 -1
      vertex -3.16046 -15.8887 -1
      vertex -2.11452 -16.0614 -1
    endloop
  endfacet
  facet normal -0 0 1
    outer loop
      vertex -4.19287 15.648 -1
      vertex -3.16046 -15.8887 -1
      vertex -3.16046 15.8887 -1
    endloop
  endfacet
  facet normal 0 0 1
    outer loop
      vertex -4.19287 15.648 -1
      vertex -4.19287 -15.648 -1
      vertex -3.16046 -15.8887 -1
    endloop
  endfacet
  facet normal -0 0 1
    outer loop
      vertex -5.20732 15.3403 -1
      vertex -4.19287 -15.648 -1
      vertex -4.19287 15.648 -1
    endloop
  endfacet
  facet normal 0 0 1
    outer loop
      vertex -5.20732 15.3403 -1
      vertex -5.20732 -15.3403 -1
      vertex -4.19287 -15.648 -1
    endloop
  endfacet
  facet normal -0 0 1
    outer loop
      vertex -6.19947 14.9668 -1
      vertex -5.20732 -15.3403 -1
      vertex -5.20732 15.3403 -1
    endloop
  endfacet
  facet normal 0 0 1
    outer loop
      vertex -6.19947 14.9668 -1
      vertex -6.19947 -14.9668 -1
      vertex -5.20732 -15.3403 -1
    endloop
  endfacet
  facet normal -0 0 1
    outer loop
      vertex -7.16508 14.5293 -1
      vertex -6.19947 -14.9668 -1
      vertex -6.19947 14.9668 -1
    endloop
  endfacet
  facet normal 0 0 1
    outer loop
      vertex -7.16508 14.5293 -1
      vertex -7.16508 -14.5293 -1
      vertex -6.19947 -14.9668 -1
    endloop
  endfacet
  facet normal -0 0 1
    outer loop
      vertex -8.1 14.0296 -1
      vertex -7.16508 -14.5293 -1
      vertex -7.16508 14.5293 -1
    endloop
  endfacet
  facet normal 0 0 1
    outer loop
      vertex -8.1 14.0296 -1
      vertex -8.1 -14.0296 -1
      vertex -7.16508 -14.5293 -1
    endloop
  endfacet
  facet normal -0 0 1
    outer loop
      vertex -9.00024 13.4698 -1
      vertex -8.1 -14.0296 -1
      vertex -8.1 14.0296 -1
    endloop
  endfacet
  facet normal 0 0 1
    outer loop
      vertex -9.00024 13.4698 -1
      vertex -9.00024 -13.4698 -1
      vertex -8.1 -14.0296 -1
    endloop
  endfacet
  facet normal -0 0 1
    outer loop
      vertex -9.86193 12.8523 -1
      vertex -9.00024 -13.4698 -1
      vertex -9.00024 13.4698 -1
    endloop
  endfacet
  facet normal 0 0 1
    outer loop
      vertex -9.86193 12.8523 -1
      vertex -9.86193 -12.8523 -1
      vertex -9.00024 -13.4698 -1
    endloop
  endfacet
  facet normal -0 0 1
    outer loop
      vertex -10.6814 12.1798 -1
      vertex -9.86193 -12.8523 -1
      vertex -9.86193 12.8523 -1
    endloop
  endfacet
  facet normal 0 0 1
    outer loop
      vertex -10.6814 12.1798 -1
      vertex -10.6814 -12.1798 -1
      vertex -9.86193 -12.8523 -1
    endloop
  endfacet
  facet normal -0 0 1
    outer loop
      vertex -11.4551 11.4551 -1
      vertex -10.6814 -12.1798 -1
      vertex -10.6814 12.1798 -1
    endloop
  endfacet
  facet normal 0 0 1
    outer loop
      vertex -11.4551 11.4551 -1
      vertex -11.4551 -11.4551 -1
      vertex -10.6814 -12.1798 -1
    endloop
  endfacet
  facet normal -0 0 1
    outer loop
      vertex -12.1798 10.6814 -1
      vertex -11.4551 -11.4551 -1
      vertex -11.4551 11.4551 -1
    endloop
  endfacet
  facet normal 0 0 1
    outer loop
      vertex -12.1798 10.6814 -1
      vertex -12.1798 -10.6814 -1
      vertex -11.4551 -11.4551 -1
    endloop
  endfacet
  facet normal -0 0 1
    outer loop
      vertex -12.8523 9.86193 -1
      vertex -12.1798 -10.6814 -1
      vertex -12.1798 10.6814 -1
    endloop
  endfacet
  facet normal 0 0 1
    outer loop
      vertex -12.8523 9.86193 -1
      vertex -12.8523 -9.86193 -1
      vertex -12.1798 -10.6814 -1
    endloop
  endfacet
  facet normal -0 0 1
    outer loop
      vertex -13.4698 9.00024 -1
      vertex -12.8523 -9.86193 -1
      vertex -12.8523 9.86193 -1
    endloop
  endfacet
  facet normal 0 0 1
    outer loop
      vertex -13.4698 9.00024 -1
      vertex -13.4698 -9.00024 -1
      vertex -12.8523 -9.86193 -1
    endloop
  endfacet
  facet normal -0 0 1
    outer loop
      vertex -14.0296 8.1 -1
      vertex -13.4698 -9.00024 -1
      vertex -13.4698 9.00024 -1
    endloop
  endfacet
  facet normal 0 0 1
    outer loop
      vertex -14.0296 8.1 -1
      vertex -14.0296 -8.1 -1
      vertex -13.4698 -9.00024 -1
    endloop
  endfacet
  facet normal -0 0 1
    outer loop
      vertex -14.5293 7.16508 -1
      vertex -14.0296 -8.1 -1
      vertex -14.0296 8.1 -1
    endloop
  endfacet
  facet normal 0 0 1
    outer loop
      vertex -14.5293 7.16508 -1
      vertex -14.5293 -7.16508 -1
      vertex -14.0296 -8.1 -1
    endloop
  endfacet
  facet normal -0 0 1
    outer loop
      vertex -14.9668 6.19947 -1
      vertex -14.5293 -7.16508 -1
      vertex -14.5293 7.16508 -1
    endloop
  endfacet
  facet normal 0 0 1
    outer loop
      vertex -14.9668 6.19947 -1
      vertex -14.9668 -6.19947 -1
      vertex -14.5293 -7.16508 -1
    endloop
  endfacet
  facet normal -0 0 1
    outer loop
      vertex -15.3403 5.20732 -1
      vertex -14.9668 -6.19947 -1
      vertex -14.9668 6.19947 -1
    endloop
  endfacet
  facet normal 0 0 1
    outer loop
      vertex -15.3403 5.20732 -1
      vertex -15.3403 -5.20732 -1
      vertex -14.9668 -6.19947 -1
    endloop
  endfacet
  facet normal -0 0 1
    outer loop
      vertex -15.648 4.19287 -1
      vertex -15.3403 -5.20732 -1
      vertex -15.3403 5.20732 -1
    endloop
  endfacet
  facet normal 0 0 1
    outer loop
      vertex -15.648 4.19287 -1
      vertex -15.648 -4.19287 -1
      vertex -15.3403 -5.20732 -1
    endloop
  endfacet
  facet normal -0 0 1
    outer loop
      vertex -15.8887 3.16046 -1
      vertex -15.648 -4.19287 -1
      vertex -15.648 4.19287 -1
    endloop
  endfacet
  facet normal 0 0 1
    outer loop
      vertex -15.8887 3.16046 -1
      vertex -15.8887 -3.16046 -1
      vertex -15.648 -4.19287 -1
    endloop
  endfacet
  facet normal -0 0 1
    outer loop
      vertex -16.0614 2.11452 -1
      vertex -15.8887 -3.16046 -1
      vertex -15.8887 3.16046 -1
    endloop
  endfacet
  facet normal 0 0 1
    outer loop
      vertex -16.0614 2.11452 -1
      vertex -16.0614 -2.11452 -1
      vertex -15.8887 -3.16046 -1
    endloop
  endfacet
  facet normal -0 0 1
    outer loop
      vertex -16.1653 1.05953 -1
      vertex -16.0614 -2.11452 -1
      vertex -16.0614 2.11452 -1
    endloop
  endfacet
  facet normal 0 0 1
    outer loop
      vertex -16.1653 1.05953 -1
      vertex -16.1653 -1.05953 -1
      vertex -16.0614 -2.11452 -1
    endloop
  endfacet
  facet normal 0 -0 1
    outer loop
      vertex -16.1653 -1.05953 -1
      vertex -16.1653 1.05953 -1
      vertex -16.2 0 -1
    endloop
  endfacet
  facet normal 0.849215 0.528048 0
    outer loop
      vertex -19.2124 -12.8373 4.1
      vertex -20.0108 -11.5533 1.5
      vertex -20.0108 -11.5533 4.1
    endloop
  endfacet
  facet normal 0.849215 0.528048 0
    outer loop
      vertex -20.0108 -11.5533 1.5
      vertex -19.2124 -12.8373 4.1
      vertex -19.2124 -12.8373 1.5
    endloop
  endfacet
  facet normal 0.29027 -0.956945 0
    outer loop
      vertex -7.42735 21.8803 1.5
      vertex -5.98041 22.3192 4.1
      vertex -7.42735 21.8803 4.1
    endloop
  endfacet
  facet normal 0.29027 -0.956945 0
    outer loop
      vertex -5.98041 22.3192 4.1
      vertex -7.42735 21.8803 1.5
      vertex -5.98041 22.3192 1.5
    endloop
  endfacet
  facet normal -0.582495 -0.812834 0
    outer loop
      vertex 12.8373 19.2124 1.5
      vertex 14.0664 18.3316 4.1
      vertex 12.8373 19.2124 4.1
    endloop
  endfacet
  facet normal -0.582495 -0.812834 -0
    outer loop
      vertex 14.0664 18.3316 4.1
      vertex 12.8373 19.2124 1.5
      vertex 14.0664 18.3316 1.5
    endloop
  endfacet
  facet normal 0.29027 0.956945 -0
    outer loop
      vertex -5.98041 -22.3192 1.5
      vertex -7.42735 -21.8803 4.1
      vertex -5.98041 -22.3192 4.1
    endloop
  endfacet
  facet normal 0.29027 0.956945 0
    outer loop
      vertex -7.42735 -21.8803 4.1
      vertex -5.98041 -22.3192 1.5
      vertex -7.42735 -21.8803 1.5
    endloop
  endfacet
  facet normal -0.773013 0.63439 0
    outer loop
      vertex 17.3724 -15.2352 1.5
      vertex 18.3316 -14.0664 4.1
      vertex 18.3316 -14.0664 1.5
    endloop
  endfacet
  facet normal -0.773013 0.63439 0
    outer loop
      vertex 18.3316 -14.0664 4.1
      vertex 17.3724 -15.2352 1.5
      vertex 17.3724 -15.2352 4.1
    endloop
  endfacet
  facet normal -0.956945 -0.29027 0
    outer loop
      vertex 22.3192 5.98041 1.5
      vertex 21.8803 7.42735 4.1
      vertex 21.8803 7.42735 1.5
    endloop
  endfacet
  facet normal -0.956945 -0.29027 0
    outer loop
      vertex 21.8803 7.42735 4.1
      vertex 22.3192 5.98041 1.5
      vertex 22.3192 5.98041 4.1
    endloop
  endfacet
  facet normal 0.812834 0.582495 0
    outer loop
      vertex -18.3316 -14.0664 4.1
      vertex -19.2124 -12.8373 1.5
      vertex -19.2124 -12.8373 4.1
    endloop
  endfacet
  facet normal 0.812834 0.582495 0
    outer loop
      vertex -19.2124 -12.8373 1.5
      vertex -18.3316 -14.0664 4.1
      vertex -18.3316 -14.0664 1.5
    endloop
  endfacet
  facet normal -0.995185 0.0980126 0
    outer loop
      vertex 22.9089 -3.01601 1.5
      vertex 23.0571 -1.51124 4.1
      vertex 23.0571 -1.51124 1.5
    endloop
  endfacet
  facet normal -0.995185 0.0980126 0
    outer loop
      vertex 23.0571 -1.51124 4.1
      vertex 22.9089 -3.01601 1.5
      vertex 22.9089 -3.01601 4.1
    endloop
  endfacet
  facet normal -0.995185 -0.0980126 0
    outer loop
      vertex 23.0571 1.51124 1.5
      vertex 22.9089 3.01601 4.1
      vertex 22.9089 3.01601 1.5
    endloop
  endfacet
  facet normal -0.995185 -0.0980126 0
    outer loop
      vertex 22.9089 3.01601 4.1
      vertex 23.0571 1.51124 1.5
      vertex 23.0571 1.51124 4.1
    endloop
  endfacet
  facet normal 0.910852 0.412734 0
    outer loop
      vertex -20.7236 -10.2198 4.1
      vertex -21.3477 -8.84249 1.5
      vertex -21.3477 -8.84249 4.1
    endloop
  endfacet
  facet normal 0.910852 0.412734 0
    outer loop
      vertex -21.3477 -8.84249 1.5
      vertex -20.7236 -10.2198 4.1
      vertex -20.7236 -10.2198 1.5
    endloop
  endfacet
  facet normal -0.999466 -0.0326709 0
    outer loop
      vertex 23.1065 0 1.5
      vertex 23.0571 1.51124 4.1
      vertex 23.0571 1.51124 1.5
    endloop
  endfacet
  facet normal -0.999466 -0.0326709 0
    outer loop
      vertex 23.0571 1.51124 4.1
      vertex 23.1065 0 1.5
      vertex 23.1065 0 4.1
    endloop
  endfacet
  facet normal 0.986644 0.162892 0
    outer loop
      vertex -22.6626 -4.50786 4.1
      vertex -22.9089 -3.01601 1.5
      vertex -22.9089 -3.01601 4.1
    endloop
  endfacet
  facet normal 0.986644 0.162892 0
    outer loop
      vertex -22.9089 -3.01601 1.5
      vertex -22.6626 -4.50786 4.1
      vertex -22.6626 -4.50786 1.5
    endloop
  endfacet
  facet normal 0.528048 -0.849215 0
    outer loop
      vertex -12.8373 19.2124 1.5
      vertex -11.5533 20.0108 4.1
      vertex -12.8373 19.2124 4.1
    endloop
  endfacet
  facet normal 0.528048 -0.849215 0
    outer loop
      vertex -11.5533 20.0108 4.1
      vertex -12.8373 19.2124 1.5
      vertex -11.5533 20.0108 1.5
    endloop
  endfacet
  facet normal -0.352238 -0.935911 0
    outer loop
      vertex 7.42735 21.8803 1.5
      vertex 8.84249 21.3477 4.1
      vertex 7.42735 21.8803 4.1
    endloop
  endfacet
  facet normal -0.352238 -0.935911 -0
    outer loop
      vertex 8.84249 21.3477 4.1
      vertex 7.42735 21.8803 1.5
      vertex 8.84249 21.3477 1.5
    endloop
  endfacet
  facet normal 0.528048 0.849215 -0
    outer loop
      vertex -11.5533 -20.0108 1.5
      vertex -12.8373 -19.2124 4.1
      vertex -11.5533 -20.0108 4.1
    endloop
  endfacet
  facet normal 0.528048 0.849215 0
    outer loop
      vertex -12.8373 -19.2124 4.1
      vertex -11.5533 -20.0108 1.5
      vertex -12.8373 -19.2124 1.5
    endloop
  endfacet
  facet normal 0.0326709 0.999466 -0
    outer loop
      vertex 0 -23.1065 1.5
      vertex -1.51124 -23.0571 4.1
      vertex 0 -23.1065 4.1
    endloop
  endfacet
  facet normal 0.0326709 0.999466 0
    outer loop
      vertex -1.51124 -23.0571 4.1
      vertex 0 -23.1065 1.5
      vertex -1.51124 -23.0571 1.5
    endloop
  endfacet
  facet normal 0.995185 0.0980126 0
    outer loop
      vertex -22.9089 -3.01601 4.1
      vertex -23.0571 -1.51124 1.5
      vertex -23.0571 -1.51124 4.1
    endloop
  endfacet
  facet normal 0.995185 0.0980126 0
    outer loop
      vertex -23.0571 -1.51124 1.5
      vertex -22.9089 -3.01601 4.1
      vertex -22.9089 -3.01601 1.5
    endloop
  endfacet
  facet normal 0.471412 -0.881913 0
    outer loop
      vertex -11.5533 20.0108 1.5
      vertex -10.2198 20.7236 4.1
      vertex -11.5533 20.0108 4.1
    endloop
  endfacet
  facet normal 0.471412 -0.881913 0
    outer loop
      vertex -10.2198 20.7236 4.1
      vertex -11.5533 20.0108 1.5
      vertex -10.2198 20.7236 1.5
    endloop
  endfacet
  facet normal -0.910852 -0.412734 0
    outer loop
      vertex 21.3477 8.84249 1.5
      vertex 20.7236 10.2198 4.1
      vertex 20.7236 10.2198 1.5
    endloop
  endfacet
  facet normal -0.910852 -0.412734 0
    outer loop
      vertex 20.7236 10.2198 4.1
      vertex 21.3477 8.84249 1.5
      vertex 21.3477 8.84249 4.1
    endloop
  endfacet
  facet normal 0.0980126 -0.995185 0
    outer loop
      vertex -3.01601 22.9089 1.5
      vertex -1.51124 23.0571 4.1
      vertex -3.01601 22.9089 4.1
    endloop
  endfacet
  facet normal 0.0980126 -0.995185 0
    outer loop
      vertex -1.51124 23.0571 4.1
      vertex -3.01601 22.9089 1.5
      vertex -1.51124 23.0571 1.5
    endloop
  endfacet
  facet normal -0.956945 0.29027 0
    outer loop
      vertex 21.8803 -7.42735 1.5
      vertex 22.3192 -5.98041 4.1
      vertex 22.3192 -5.98041 1.5
    endloop
  endfacet
  facet normal -0.956945 0.29027 0
    outer loop
      vertex 22.3192 -5.98041 4.1
      vertex 21.8803 -7.42735 1.5
      vertex 21.8803 -7.42735 4.1
    endloop
  endfacet
  facet normal -0.999466 0.0326709 0
    outer loop
      vertex 23.0571 -1.51124 1.5
      vertex 23.1065 0 4.1
      vertex 23.1065 0 1.5
    endloop
  endfacet
  facet normal -0.999466 0.0326709 0
    outer loop
      vertex 23.1065 0 4.1
      vertex 23.0571 -1.51124 1.5
      vertex 23.0571 -1.51124 4.1
    endloop
  endfacet
  facet normal 0.849215 -0.528048 0
    outer loop
      vertex -20.0108 11.5533 4.1
      vertex -19.2124 12.8373 1.5
      vertex -19.2124 12.8373 4.1
    endloop
  endfacet
  facet normal 0.849215 -0.528048 0
    outer loop
      vertex -19.2124 12.8373 1.5
      vertex -20.0108 11.5533 4.1
      vertex -20.0108 11.5533 1.5
    endloop
  endfacet
  facet normal -0.582495 0.812834 0
    outer loop
      vertex 14.0664 -18.3316 1.5
      vertex 12.8373 -19.2124 4.1
      vertex 14.0664 -18.3316 4.1
    endloop
  endfacet
  facet normal -0.582495 0.812834 0
    outer loop
      vertex 12.8373 -19.2124 4.1
      vertex 14.0664 -18.3316 1.5
      vertex 12.8373 -19.2124 1.5
    endloop
  endfacet
  facet normal 0.935911 0.352238 0
    outer loop
      vertex -21.3477 -8.84249 4.1
      vertex -21.8803 -7.42735 1.5
      vertex -21.8803 -7.42735 4.1
    endloop
  endfacet
  facet normal 0.935911 0.352238 0
    outer loop
      vertex -21.8803 -7.42735 1.5
      vertex -21.3477 -8.84249 4.1
      vertex -21.3477 -8.84249 1.5
    endloop
  endfacet
  facet normal 0.956945 0.29027 0
    outer loop
      vertex -21.8803 -7.42735 4.1
      vertex -22.3192 -5.98041 1.5
      vertex -22.3192 -5.98041 4.1
    endloop
  endfacet
  facet normal 0.956945 0.29027 0
    outer loop
      vertex -22.3192 -5.98041 1.5
      vertex -21.8803 -7.42735 4.1
      vertex -21.8803 -7.42735 1.5
    endloop
  endfacet
  facet normal 0.582495 -0.812834 0
    outer loop
      vertex -14.0664 18.3316 1.5
      vertex -12.8373 19.2124 4.1
      vertex -14.0664 18.3316 4.1
    endloop
  endfacet
  facet normal 0.582495 -0.812834 0
    outer loop
      vertex -12.8373 19.2124 4.1
      vertex -14.0664 18.3316 1.5
      vertex -12.8373 19.2124 1.5
    endloop
  endfacet
  facet normal 0.0326709 -0.999466 0
    outer loop
      vertex -1.51124 23.0571 1.5
      vertex 0 23.1065 4.1
      vertex -1.51124 23.0571 4.1
    endloop
  endfacet
  facet normal 0.0326709 -0.999466 0
    outer loop
      vertex 0 23.1065 4.1
      vertex -1.51124 23.0571 1.5
      vertex 0 23.1065 1.5
    endloop
  endfacet
  facet normal 0.63439 -0.773013 0
    outer loop
      vertex -15.2352 17.3724 1.5
      vertex -14.0664 18.3316 4.1
      vertex -15.2352 17.3724 4.1
    endloop
  endfacet
  facet normal 0.63439 -0.773013 0
    outer loop
      vertex -14.0664 18.3316 4.1
      vertex -15.2352 17.3724 1.5
      vertex -14.0664 18.3316 1.5
    endloop
  endfacet
  facet normal 0.910852 -0.412734 0
    outer loop
      vertex -21.3477 8.84249 4.1
      vertex -20.7236 10.2198 1.5
      vertex -20.7236 10.2198 4.1
    endloop
  endfacet
  facet normal 0.910852 -0.412734 0
    outer loop
      vertex -20.7236 10.2198 1.5
      vertex -21.3477 8.84249 4.1
      vertex -21.3477 8.84249 1.5
    endloop
  endfacet
  facet normal -0.986644 -0.162892 0
    outer loop
      vertex 22.9089 3.01601 1.5
      vertex 22.6626 4.50786 4.1
      vertex 22.6626 4.50786 1.5
    endloop
  endfacet
  facet normal -0.986644 -0.162892 0
    outer loop
      vertex 22.6626 4.50786 4.1
      vertex 22.9089 3.01601 1.5
      vertex 22.9089 3.01601 4.1
    endloop
  endfacet
  facet normal -0.412734 0.910852 0
    outer loop
      vertex 10.2198 -20.7236 1.5
      vertex 8.84249 -21.3477 4.1
      vertex 10.2198 -20.7236 4.1
    endloop
  endfacet
  facet normal -0.412734 0.910852 0
    outer loop
      vertex 8.84249 -21.3477 4.1
      vertex 10.2198 -20.7236 1.5
      vertex 8.84249 -21.3477 1.5
    endloop
  endfacet
  facet normal -0.881913 0.471412 0
    outer loop
      vertex 20.0108 -11.5533 1.5
      vertex 20.7236 -10.2198 4.1
      vertex 20.7236 -10.2198 1.5
    endloop
  endfacet
  facet normal -0.881913 0.471412 0
    outer loop
      vertex 20.7236 -10.2198 4.1
      vertex 20.0108 -11.5533 1.5
      vertex 20.0108 -11.5533 4.1
    endloop
  endfacet
  facet normal -0.812834 0.582495 0
    outer loop
      vertex 18.3316 -14.0664 1.5
      vertex 19.2124 -12.8373 4.1
      vertex 19.2124 -12.8373 1.5
    endloop
  endfacet
  facet normal -0.812834 0.582495 0
    outer loop
      vertex 19.2124 -12.8373 4.1
      vertex 18.3316 -14.0664 1.5
      vertex 18.3316 -14.0664 4.1
    endloop
  endfacet
  facet normal 0.162892 -0.986644 0
    outer loop
      vertex -4.50786 22.6626 1.5
      vertex -3.01601 22.9089 4.1
      vertex -4.50786 22.6626 4.1
    endloop
  endfacet
  facet normal 0.162892 -0.986644 0
    outer loop
      vertex -3.01601 22.9089 4.1
      vertex -4.50786 22.6626 1.5
      vertex -3.01601 22.9089 1.5
    endloop
  endfacet
  facet normal -0.63439 -0.773013 0
    outer loop
      vertex 14.0664 18.3316 1.5
      vertex 15.2352 17.3724 4.1
      vertex 14.0664 18.3316 4.1
    endloop
  endfacet
  facet normal -0.63439 -0.773013 -0
    outer loop
      vertex 15.2352 17.3724 4.1
      vertex 14.0664 18.3316 1.5
      vertex 15.2352 17.3724 1.5
    endloop
  endfacet
  facet normal -0.227107 0.97387 0
    outer loop
      vertex 5.98041 -22.3192 1.5
      vertex 4.50786 -22.6626 4.1
      vertex 5.98041 -22.3192 4.1
    endloop
  endfacet
  facet normal -0.227107 0.97387 0
    outer loop
      vertex 4.50786 -22.6626 4.1
      vertex 5.98041 -22.3192 1.5
      vertex 4.50786 -22.6626 1.5
    endloop
  endfacet
  facet normal -0.729875 0.68358 0
    outer loop
      vertex 16.3388 -16.3388 1.5
      vertex 17.3724 -15.2352 4.1
      vertex 17.3724 -15.2352 1.5
    endloop
  endfacet
  facet normal -0.729875 0.68358 0
    outer loop
      vertex 17.3724 -15.2352 4.1
      vertex 16.3388 -16.3388 1.5
      vertex 16.3388 -16.3388 4.1
    endloop
  endfacet
  facet normal -0.0980126 0.995185 0
    outer loop
      vertex 3.01601 -22.9089 1.5
      vertex 1.51124 -23.0571 4.1
      vertex 3.01601 -22.9089 4.1
    endloop
  endfacet
  facet normal -0.0980126 0.995185 0
    outer loop
      vertex 1.51124 -23.0571 4.1
      vertex 3.01601 -22.9089 1.5
      vertex 1.51124 -23.0571 1.5
    endloop
  endfacet
  facet normal -0.881913 -0.471412 0
    outer loop
      vertex 20.7236 10.2198 1.5
      vertex 20.0108 11.5533 4.1
      vertex 20.0108 11.5533 1.5
    endloop
  endfacet
  facet normal -0.881913 -0.471412 0
    outer loop
      vertex 20.0108 11.5533 4.1
      vertex 20.7236 10.2198 1.5
      vertex 20.7236 10.2198 4.1
    endloop
  endfacet
  facet normal -0.849215 -0.528048 0
    outer loop
      vertex 20.0108 11.5533 1.5
      vertex 19.2124 12.8373 4.1
      vertex 19.2124 12.8373 1.5
    endloop
  endfacet
  facet normal -0.849215 -0.528048 0
    outer loop
      vertex 19.2124 12.8373 4.1
      vertex 20.0108 11.5533 1.5
      vertex 20.0108 11.5533 4.1
    endloop
  endfacet
  facet normal -0.68358 0.729875 0
    outer loop
      vertex 16.3388 -16.3388 1.5
      vertex 15.2352 -17.3724 4.1
      vertex 16.3388 -16.3388 4.1
    endloop
  endfacet
  facet normal -0.68358 0.729875 0
    outer loop
      vertex 15.2352 -17.3724 4.1
      vertex 16.3388 -16.3388 1.5
      vertex 15.2352 -17.3724 1.5
    endloop
  endfacet
  facet normal 0.773013 -0.63439 0
    outer loop
      vertex -18.3316 14.0664 4.1
      vertex -17.3724 15.2352 1.5
      vertex -17.3724 15.2352 4.1
    endloop
  endfacet
  facet normal 0.773013 -0.63439 0
    outer loop
      vertex -17.3724 15.2352 1.5
      vertex -18.3316 14.0664 4.1
      vertex -18.3316 14.0664 1.5
    endloop
  endfacet
  facet normal 0.582495 0.812834 -0
    outer loop
      vertex -12.8373 -19.2124 1.5
      vertex -14.0664 -18.3316 4.1
      vertex -12.8373 -19.2124 4.1
    endloop
  endfacet
  facet normal 0.582495 0.812834 0
    outer loop
      vertex -14.0664 -18.3316 4.1
      vertex -12.8373 -19.2124 1.5
      vertex -14.0664 -18.3316 1.5
    endloop
  endfacet
  facet normal -0.63439 0.773013 0
    outer loop
      vertex 15.2352 -17.3724 1.5
      vertex 14.0664 -18.3316 4.1
      vertex 15.2352 -17.3724 4.1
    endloop
  endfacet
  facet normal -0.63439 0.773013 0
    outer loop
      vertex 14.0664 -18.3316 4.1
      vertex 15.2352 -17.3724 1.5
      vertex 14.0664 -18.3316 1.5
    endloop
  endfacet
  facet normal -0.68358 -0.729875 0
    outer loop
      vertex 15.2352 17.3724 1.5
      vertex 16.3388 16.3388 4.1
      vertex 15.2352 17.3724 4.1
    endloop
  endfacet
  facet normal -0.68358 -0.729875 -0
    outer loop
      vertex 16.3388 16.3388 4.1
      vertex 15.2352 17.3724 1.5
      vertex 16.3388 16.3388 1.5
    endloop
  endfacet
  facet normal -0.910852 0.412734 0
    outer loop
      vertex 20.7236 -10.2198 1.5
      vertex 21.3477 -8.84249 4.1
      vertex 21.3477 -8.84249 1.5
    endloop
  endfacet
  facet normal -0.910852 0.412734 0
    outer loop
      vertex 21.3477 -8.84249 4.1
      vertex 20.7236 -10.2198 1.5
      vertex 20.7236 -10.2198 4.1
    endloop
  endfacet
  facet normal -0.29027 -0.956945 0
    outer loop
      vertex 5.98041 22.3192 1.5
      vertex 7.42735 21.8803 4.1
      vertex 5.98041 22.3192 4.1
    endloop
  endfacet
  facet normal -0.29027 -0.956945 -0
    outer loop
      vertex 7.42735 21.8803 4.1
      vertex 5.98041 22.3192 1.5
      vertex 7.42735 21.8803 1.5
    endloop
  endfacet
  facet normal 0.729875 0.68358 0
    outer loop
      vertex -16.3388 -16.3388 4.1
      vertex -17.3724 -15.2352 1.5
      vertex -17.3724 -15.2352 4.1
    endloop
  endfacet
  facet normal 0.729875 0.68358 0
    outer loop
      vertex -17.3724 -15.2352 1.5
      vertex -16.3388 -16.3388 4.1
      vertex -16.3388 -16.3388 1.5
    endloop
  endfacet
  facet normal 0.352238 -0.935911 0
    outer loop
      vertex -8.84249 21.3477 1.5
      vertex -7.42735 21.8803 4.1
      vertex -8.84249 21.3477 4.1
    endloop
  endfacet
  facet normal 0.352238 -0.935911 0
    outer loop
      vertex -7.42735 21.8803 4.1
      vertex -8.84249 21.3477 1.5
      vertex -7.42735 21.8803 1.5
    endloop
  endfacet
  facet normal 0.999466 0.0326709 0
    outer loop
      vertex -23.0571 -1.51124 4.1
      vertex -23.1065 0 1.5
      vertex -23.1065 0 4.1
    endloop
  endfacet
  facet normal 0.999466 0.0326709 0
    outer loop
      vertex -23.1065 0 1.5
      vertex -23.0571 -1.51124 4.1
      vertex -23.0571 -1.51124 1.5
    endloop
  endfacet
  facet normal -0.97387 -0.227107 0
    outer loop
      vertex 22.6626 4.50786 1.5
      vertex 22.3192 5.98041 4.1
      vertex 22.3192 5.98041 1.5
    endloop
  endfacet
  facet normal -0.97387 -0.227107 0
    outer loop
      vertex 22.3192 5.98041 4.1
      vertex 22.6626 4.50786 1.5
      vertex 22.6626 4.50786 4.1
    endloop
  endfacet
  facet normal 0.935911 -0.352238 0
    outer loop
      vertex -21.8803 7.42735 4.1
      vertex -21.3477 8.84249 1.5
      vertex -21.3477 8.84249 4.1
    endloop
  endfacet
  facet normal 0.935911 -0.352238 0
    outer loop
      vertex -21.3477 8.84249 1.5
      vertex -21.8803 7.42735 4.1
      vertex -21.8803 7.42735 1.5
    endloop
  endfacet
  facet normal 0.986644 -0.162892 0
    outer loop
      vertex -22.9089 3.01601 4.1
      vertex -22.6626 4.50786 1.5
      vertex -22.6626 4.50786 4.1
    endloop
  endfacet
  facet normal 0.986644 -0.162892 0
    outer loop
      vertex -22.6626 4.50786 1.5
      vertex -22.9089 3.01601 4.1
      vertex -22.9089 3.01601 1.5
    endloop
  endfacet
  facet normal 0.412734 0.910852 -0
    outer loop
      vertex -8.84249 -21.3477 1.5
      vertex -10.2198 -20.7236 4.1
      vertex -8.84249 -21.3477 4.1
    endloop
  endfacet
  facet normal 0.412734 0.910852 0
    outer loop
      vertex -10.2198 -20.7236 4.1
      vertex -8.84249 -21.3477 1.5
      vertex -10.2198 -20.7236 1.5
    endloop
  endfacet
  facet normal -0.0980126 -0.995185 0
    outer loop
      vertex 1.51124 23.0571 1.5
      vertex 3.01601 22.9089 4.1
      vertex 1.51124 23.0571 4.1
    endloop
  endfacet
  facet normal -0.0980126 -0.995185 -0
    outer loop
      vertex 3.01601 22.9089 4.1
      vertex 1.51124 23.0571 1.5
      vertex 3.01601 22.9089 1.5
    endloop
  endfacet
  facet normal -0.935911 0.352238 0
    outer loop
      vertex 21.3477 -8.84249 1.5
      vertex 21.8803 -7.42735 4.1
      vertex 21.8803 -7.42735 1.5
    endloop
  endfacet
  facet normal -0.935911 0.352238 0
    outer loop
      vertex 21.8803 -7.42735 4.1
      vertex 21.3477 -8.84249 1.5
      vertex 21.3477 -8.84249 4.1
    endloop
  endfacet
  facet normal 0.162892 0.986644 -0
    outer loop
      vertex -3.01601 -22.9089 1.5
      vertex -4.50786 -22.6626 4.1
      vertex -3.01601 -22.9089 4.1
    endloop
  endfacet
  facet normal 0.162892 0.986644 0
    outer loop
      vertex -4.50786 -22.6626 4.1
      vertex -3.01601 -22.9089 1.5
      vertex -4.50786 -22.6626 1.5
    endloop
  endfacet
  facet normal -0.352238 0.935911 0
    outer loop
      vertex 8.84249 -21.3477 1.5
      vertex 7.42735 -21.8803 4.1
      vertex 8.84249 -21.3477 4.1
    endloop
  endfacet
  facet normal -0.352238 0.935911 0
    outer loop
      vertex 7.42735 -21.8803 4.1
      vertex 8.84249 -21.3477 1.5
      vertex 7.42735 -21.8803 1.5
    endloop
  endfacet
  facet normal -0.0326709 -0.999466 0
    outer loop
      vertex 0 23.1065 1.5
      vertex 1.51124 23.0571 4.1
      vertex 0 23.1065 4.1
    endloop
  endfacet
  facet normal -0.0326709 -0.999466 -0
    outer loop
      vertex 1.51124 23.0571 4.1
      vertex 0 23.1065 1.5
      vertex 1.51124 23.0571 1.5
    endloop
  endfacet
  facet normal -0.935911 -0.352238 0
    outer loop
      vertex 21.8803 7.42735 1.5
      vertex 21.3477 8.84249 4.1
      vertex 21.3477 8.84249 1.5
    endloop
  endfacet
  facet normal -0.935911 -0.352238 0
    outer loop
      vertex 21.3477 8.84249 4.1
      vertex 21.8803 7.42735 1.5
      vertex 21.8803 7.42735 4.1
    endloop
  endfacet
  facet normal -0.412734 -0.910852 0
    outer loop
      vertex 8.84249 21.3477 1.5
      vertex 10.2198 20.7236 4.1
      vertex 8.84249 21.3477 4.1
    endloop
  endfacet
  facet normal -0.412734 -0.910852 -0
    outer loop
      vertex 10.2198 20.7236 4.1
      vertex 8.84249 21.3477 1.5
      vertex 10.2198 20.7236 1.5
    endloop
  endfacet
  facet normal 0.0980126 0.995185 -0
    outer loop
      vertex -1.51124 -23.0571 1.5
      vertex -3.01601 -22.9089 4.1
      vertex -1.51124 -23.0571 4.1
    endloop
  endfacet
  facet normal 0.0980126 0.995185 0
    outer loop
      vertex -3.01601 -22.9089 4.1
      vertex -1.51124 -23.0571 1.5
      vertex -3.01601 -22.9089 1.5
    endloop
  endfacet
  facet normal -0.227107 -0.97387 0
    outer loop
      vertex 4.50786 22.6626 1.5
      vertex 5.98041 22.3192 4.1
      vertex 4.50786 22.6626 4.1
    endloop
  endfacet
  facet normal -0.227107 -0.97387 -0
    outer loop
      vertex 5.98041 22.3192 4.1
      vertex 4.50786 22.6626 1.5
      vertex 5.98041 22.3192 1.5
    endloop
  endfacet
  facet normal 0.812834 -0.582495 0
    outer loop
      vertex -19.2124 12.8373 4.1
      vertex -18.3316 14.0664 1.5
      vertex -18.3316 14.0664 4.1
    endloop
  endfacet
  facet normal 0.812834 -0.582495 0
    outer loop
      vertex -18.3316 14.0664 1.5
      vertex -19.2124 12.8373 4.1
      vertex -19.2124 12.8373 1.5
    endloop
  endfacet
  facet normal 0.956945 -0.29027 0
    outer loop
      vertex -22.3192 5.98041 4.1
      vertex -21.8803 7.42735 1.5
      vertex -21.8803 7.42735 4.1
    endloop
  endfacet
  facet normal 0.956945 -0.29027 0
    outer loop
      vertex -21.8803 7.42735 1.5
      vertex -22.3192 5.98041 4.1
      vertex -22.3192 5.98041 1.5
    endloop
  endfacet
  facet normal -0.471412 0.881913 0
    outer loop
      vertex 11.5533 -20.0108 1.5
      vertex 10.2198 -20.7236 4.1
      vertex 11.5533 -20.0108 4.1
    endloop
  endfacet
  facet normal -0.471412 0.881913 0
    outer loop
      vertex 10.2198 -20.7236 4.1
      vertex 11.5533 -20.0108 1.5
      vertex 10.2198 -20.7236 1.5
    endloop
  endfacet
  facet normal -0.812834 -0.582495 0
    outer loop
      vertex 19.2124 12.8373 1.5
      vertex 18.3316 14.0664 4.1
      vertex 18.3316 14.0664 1.5
    endloop
  endfacet
  facet normal -0.812834 -0.582495 0
    outer loop
      vertex 18.3316 14.0664 4.1
      vertex 19.2124 12.8373 1.5
      vertex 19.2124 12.8373 4.1
    endloop
  endfacet
  facet normal 0.68358 -0.729875 0
    outer loop
      vertex -16.3388 16.3388 1.5
      vertex -15.2352 17.3724 4.1
      vertex -16.3388 16.3388 4.1
    endloop
  endfacet
  facet normal 0.68358 -0.729875 0
    outer loop
      vertex -15.2352 17.3724 4.1
      vertex -16.3388 16.3388 1.5
      vertex -15.2352 17.3724 1.5
    endloop
  endfacet
  facet normal -0.528048 -0.849215 0
    outer loop
      vertex 11.5533 20.0108 1.5
      vertex 12.8373 19.2124 4.1
      vertex 11.5533 20.0108 4.1
    endloop
  endfacet
  facet normal -0.528048 -0.849215 -0
    outer loop
      vertex 12.8373 19.2124 4.1
      vertex 11.5533 20.0108 1.5
      vertex 12.8373 19.2124 1.5
    endloop
  endfacet
  facet normal -0.471412 -0.881913 0
    outer loop
      vertex 10.2198 20.7236 1.5
      vertex 11.5533 20.0108 4.1
      vertex 10.2198 20.7236 4.1
    endloop
  endfacet
  facet normal -0.471412 -0.881913 -0
    outer loop
      vertex 11.5533 20.0108 4.1
      vertex 10.2198 20.7236 1.5
      vertex 11.5533 20.0108 1.5
    endloop
  endfacet
  facet normal 0.227107 0.97387 -0
    outer loop
      vertex -4.50786 -22.6626 1.5
      vertex -5.98041 -22.3192 4.1
      vertex -4.50786 -22.6626 4.1
    endloop
  endfacet
  facet normal 0.227107 0.97387 0
    outer loop
      vertex -5.98041 -22.3192 4.1
      vertex -4.50786 -22.6626 1.5
      vertex -5.98041 -22.3192 1.5
    endloop
  endfacet
  facet normal 0.97387 0.227107 0
    outer loop
      vertex -22.3192 -5.98041 4.1
      vertex -22.6626 -4.50786 1.5
      vertex -22.6626 -4.50786 4.1
    endloop
  endfacet
  facet normal 0.97387 0.227107 0
    outer loop
      vertex -22.6626 -4.50786 1.5
      vertex -22.3192 -5.98041 4.1
      vertex -22.3192 -5.98041 1.5
    endloop
  endfacet
  facet normal 0.999466 -0.0326709 0
    outer loop
      vertex -23.1065 0 4.1
      vertex -23.0571 1.51124 1.5
      vertex -23.0571 1.51124 4.1
    endloop
  endfacet
  facet normal 0.999466 -0.0326709 0
    outer loop
      vertex -23.0571 1.51124 1.5
      vertex -23.1065 0 4.1
      vertex -23.1065 0 1.5
    endloop
  endfacet
  facet normal 0.995185 -0.0980126 0
    outer loop
      vertex -23.0571 1.51124 4.1
      vertex -22.9089 3.01601 1.5
      vertex -22.9089 3.01601 4.1
    endloop
  endfacet
  facet normal 0.995185 -0.0980126 0
    outer loop
      vertex -22.9089 3.01601 1.5
      vertex -23.0571 1.51124 4.1
      vertex -23.0571 1.51124 1.5
    endloop
  endfacet
  facet normal -0.0326709 0.999466 0
    outer loop
      vertex 1.51124 -23.0571 1.5
      vertex 0 -23.1065 4.1
      vertex 1.51124 -23.0571 4.1
    endloop
  endfacet
  facet normal -0.0326709 0.999466 0
    outer loop
      vertex 0 -23.1065 4.1
      vertex 1.51124 -23.0571 1.5
      vertex 0 -23.1065 1.5
    endloop
  endfacet
  facet normal -0.849215 0.528048 0
    outer loop
      vertex 19.2124 -12.8373 1.5
      vertex 20.0108 -11.5533 4.1
      vertex 20.0108 -11.5533 1.5
    endloop
  endfacet
  facet normal -0.849215 0.528048 0
    outer loop
      vertex 20.0108 -11.5533 4.1
      vertex 19.2124 -12.8373 1.5
      vertex 19.2124 -12.8373 4.1
    endloop
  endfacet
  facet normal -0.29027 0.956945 0
    outer loop
      vertex 7.42735 -21.8803 1.5
      vertex 5.98041 -22.3192 4.1
      vertex 7.42735 -21.8803 4.1
    endloop
  endfacet
  facet normal -0.29027 0.956945 0
    outer loop
      vertex 5.98041 -22.3192 4.1
      vertex 7.42735 -21.8803 1.5
      vertex 5.98041 -22.3192 1.5
    endloop
  endfacet
  facet normal -0.773013 -0.63439 0
    outer loop
      vertex 18.3316 14.0664 1.5
      vertex 17.3724 15.2352 4.1
      vertex 17.3724 15.2352 1.5
    endloop
  endfacet
  facet normal -0.773013 -0.63439 0
    outer loop
      vertex 17.3724 15.2352 4.1
      vertex 18.3316 14.0664 1.5
      vertex 18.3316 14.0664 4.1
    endloop
  endfacet
  facet normal 0.773013 0.63439 0
    outer loop
      vertex -17.3724 -15.2352 4.1
      vertex -18.3316 -14.0664 1.5
      vertex -18.3316 -14.0664 4.1
    endloop
  endfacet
  facet normal 0.773013 0.63439 0
    outer loop
      vertex -18.3316 -14.0664 1.5
      vertex -17.3724 -15.2352 4.1
      vertex -17.3724 -15.2352 1.5
    endloop
  endfacet
  facet normal 0.68358 0.729875 -0
    outer loop
      vertex -15.2352 -17.3724 1.5
      vertex -16.3388 -16.3388 4.1
      vertex -15.2352 -17.3724 4.1
    endloop
  endfacet
  facet normal 0.68358 0.729875 0
    outer loop
      vertex -16.3388 -16.3388 4.1
      vertex -15.2352 -17.3724 1.5
      vertex -16.3388 -16.3388 1.5
    endloop
  endfacet
  facet normal -0.528048 0.849215 0
    outer loop
      vertex 12.8373 -19.2124 1.5
      vertex 11.5533 -20.0108 4.1
      vertex 12.8373 -19.2124 4.1
    endloop
  endfacet
  facet normal -0.528048 0.849215 0
    outer loop
      vertex 11.5533 -20.0108 4.1
      vertex 12.8373 -19.2124 1.5
      vertex 11.5533 -20.0108 1.5
    endloop
  endfacet
  facet normal 0.97387 -0.227107 0
    outer loop
      vertex -22.6626 4.50786 4.1
      vertex -22.3192 5.98041 1.5
      vertex -22.3192 5.98041 4.1
    endloop
  endfacet
  facet normal 0.97387 -0.227107 0
    outer loop
      vertex -22.3192 5.98041 1.5
      vertex -22.6626 4.50786 4.1
      vertex -22.6626 4.50786 1.5
    endloop
  endfacet
  facet normal 0.881913 -0.471412 0
    outer loop
      vertex -20.7236 10.2198 4.1
      vertex -20.0108 11.5533 1.5
      vertex -20.0108 11.5533 4.1
    endloop
  endfacet
  facet normal 0.881913 -0.471412 0
    outer loop
      vertex -20.0108 11.5533 1.5
      vertex -20.7236 10.2198 4.1
      vertex -20.7236 10.2198 1.5
    endloop
  endfacet
  facet normal -0.729875 -0.68358 0
    outer loop
      vertex 17.3724 15.2352 1.5
      vertex 16.3388 16.3388 4.1
      vertex 16.3388 16.3388 1.5
    endloop
  endfacet
  facet normal -0.729875 -0.68358 0
    outer loop
      vertex 16.3388 16.3388 4.1
      vertex 17.3724 15.2352 1.5
      vertex 17.3724 15.2352 4.1
    endloop
  endfacet
  facet normal 0.227107 -0.97387 0
    outer loop
      vertex -5.98041 22.3192 1.5
      vertex -4.50786 22.6626 4.1
      vertex -5.98041 22.3192 4.1
    endloop
  endfacet
  facet normal 0.227107 -0.97387 0
    outer loop
      vertex -4.50786 22.6626 4.1
      vertex -5.98041 22.3192 1.5
      vertex -4.50786 22.6626 1.5
    endloop
  endfacet
  facet normal -0.986644 0.162892 0
    outer loop
      vertex 22.6626 -4.50786 1.5
      vertex 22.9089 -3.01601 4.1
      vertex 22.9089 -3.01601 1.5
    endloop
  endfacet
  facet normal -0.986644 0.162892 0
    outer loop
      vertex 22.9089 -3.01601 4.1
      vertex 22.6626 -4.50786 1.5
      vertex 22.6626 -4.50786 4.1
    endloop
  endfacet
  facet normal -0.162892 0.986644 0
    outer loop
      vertex 4.50786 -22.6626 1.5
      vertex 3.01601 -22.9089 4.1
      vertex 4.50786 -22.6626 4.1
    endloop
  endfacet
  facet normal -0.162892 0.986644 0
    outer loop
      vertex 3.01601 -22.9089 4.1
      vertex 4.50786 -22.6626 1.5
      vertex 3.01601 -22.9089 1.5
    endloop
  endfacet
  facet normal -0.97387 0.227107 0
    outer loop
      vertex 22.3192 -5.98041 1.5
      vertex 22.6626 -4.50786 4.1
      vertex 22.6626 -4.50786 1.5
    endloop
  endfacet
  facet normal -0.97387 0.227107 0
    outer loop
      vertex 22.6626 -4.50786 4.1
      vertex 22.3192 -5.98041 1.5
      vertex 22.3192 -5.98041 4.1
    endloop
  endfacet
  facet normal 0.352238 0.935911 -0
    outer loop
      vertex -7.42735 -21.8803 1.5
      vertex -8.84249 -21.3477 4.1
      vertex -7.42735 -21.8803 4.1
    endloop
  endfacet
  facet normal 0.352238 0.935911 0
    outer loop
      vertex -8.84249 -21.3477 4.1
      vertex -7.42735 -21.8803 1.5
      vertex -8.84249 -21.3477 1.5
    endloop
  endfacet
  facet normal 0.729875 -0.68358 0
    outer loop
      vertex -17.3724 15.2352 4.1
      vertex -16.3388 16.3388 1.5
      vertex -16.3388 16.3388 4.1
    endloop
  endfacet
  facet normal 0.729875 -0.68358 0
    outer loop
      vertex -16.3388 16.3388 1.5
      vertex -17.3724 15.2352 4.1
      vertex -17.3724 15.2352 1.5
    endloop
  endfacet
  facet normal -0.162892 -0.986644 0
    outer loop
      vertex 3.01601 22.9089 1.5
      vertex 4.50786 22.6626 4.1
      vertex 3.01601 22.9089 4.1
    endloop
  endfacet
  facet normal -0.162892 -0.986644 -0
    outer loop
      vertex 4.50786 22.6626 4.1
      vertex 3.01601 22.9089 1.5
      vertex 4.50786 22.6626 1.5
    endloop
  endfacet
  facet normal 0 0 1
    outer loop
      vertex 16.2 0 1.5
      vertex 23.1065 0 1.5
      vertex 23.0571 1.51124 1.5
    endloop
  endfacet
  facet normal 0 0 1
    outer loop
      vertex 16.1653 1.05953 1.5
      vertex 23.0571 1.51124 1.5
      vertex 22.9089 3.01601 1.5
    endloop
  endfacet
  facet normal 0 0 1
    outer loop
      vertex 23.1065 0 1.5
      vertex 16.2 0 1.5
      vertex 23.0571 -1.51124 1.5
    endloop
  endfacet
  facet normal 0 0 1
    outer loop
      vertex 16.0614 2.11452 1.5
      vertex 22.9089 3.01601 1.5
      vertex 22.6626 4.50786 1.5
    endloop
  endfacet
  facet normal -0 0 1
    outer loop
      vertex 16.1653 -1.05953 1.5
      vertex 23.0571 -1.51124 1.5
      vertex 16.2 0 1.5
    endloop
  endfacet
  facet normal 0 0 1
    outer loop
      vertex 15.8887 3.16046 1.5
      vertex 22.6626 4.50786 1.5
      vertex 22.3192 5.98041 1.5
    endloop
  endfacet
  facet normal 0 0 1
    outer loop
      vertex 23.0571 -1.51124 1.5
      vertex 16.1653 -1.05953 1.5
      vertex 22.9089 -3.01601 1.5
    endloop
  endfacet
  facet normal 0 0 1
    outer loop
      vertex 15.648 4.19287 1.5
      vertex 22.3192 5.98041 1.5
      vertex 21.8803 7.42735 1.5
    endloop
  endfacet
  facet normal -0 0 1
    outer loop
      vertex 16.0614 -2.11452 1.5
      vertex 22.9089 -3.01601 1.5
      vertex 16.1653 -1.05953 1.5
    endloop
  endfacet
  facet normal 0 0 1
    outer loop
      vertex 15.3403 5.20732 1.5
      vertex 21.8803 7.42735 1.5
      vertex 21.3477 8.84249 1.5
    endloop
  endfacet
  facet normal 0 0 1
    outer loop
      vertex 22.9089 -3.01601 1.5
      vertex 16.0614 -2.11452 1.5
      vertex 22.6626 -4.50786 1.5
    endloop
  endfacet
  facet normal 0 0 1
    outer loop
      vertex 14.9668 6.19947 1.5
      vertex 21.3477 8.84249 1.5
      vertex 20.7236 10.2198 1.5
    endloop
  endfacet
  facet normal -0 0 1
    outer loop
      vertex 15.8887 -3.16046 1.5
      vertex 22.6626 -4.50786 1.5
      vertex 16.0614 -2.11452 1.5
    endloop
  endfacet
  facet normal 0 0 1
    outer loop
      vertex 14.5293 7.16508 1.5
      vertex 20.7236 10.2198 1.5
      vertex 20.0108 11.5533 1.5
    endloop
  endfacet
  facet normal 0 0 1
    outer loop
      vertex 22.6626 -4.50786 1.5
      vertex 15.8887 -3.16046 1.5
      vertex 22.3192 -5.98041 1.5
    endloop
  endfacet
  facet normal 0 0 1
    outer loop
      vertex 14.0296 8.1 1.5
      vertex 20.0108 11.5533 1.5
      vertex 19.2124 12.8373 1.5
    endloop
  endfacet
  facet normal -0 0 1
    outer loop
      vertex 15.648 -4.19287 1.5
      vertex 22.3192 -5.98041 1.5
      vertex 15.8887 -3.16046 1.5
    endloop
  endfacet
  facet normal 0 0 1
    outer loop
      vertex 13.4698 9.00024 1.5
      vertex 19.2124 12.8373 1.5
      vertex 18.3316 14.0664 1.5
    endloop
  endfacet
  facet normal 0 0 1
    outer loop
      vertex 22.3192 -5.98041 1.5
      vertex 15.648 -4.19287 1.5
      vertex 21.8803 -7.42735 1.5
    endloop
  endfacet
  facet normal 0 0 1
    outer loop
      vertex 12.8523 9.86193 1.5
      vertex 18.3316 14.0664 1.5
      vertex 17.3724 15.2352 1.5
    endloop
  endfacet
  facet normal -0 0 1
    outer loop
      vertex 15.3403 -5.20732 1.5
      vertex 21.8803 -7.42735 1.5
      vertex 15.648 -4.19287 1.5
    endloop
  endfacet
  facet normal 0 0 1
    outer loop
      vertex 12.1798 10.6814 1.5
      vertex 17.3724 15.2352 1.5
      vertex 16.3388 16.3388 1.5
    endloop
  endfacet
  facet normal 0 0 1
    outer loop
      vertex 21.8803 -7.42735 1.5
      vertex 15.3403 -5.20732 1.5
      vertex 21.3477 -8.84249 1.5
    endloop
  endfacet
  facet normal -0 0 1
    outer loop
      vertex 14.9668 -6.19947 1.5
      vertex 21.3477 -8.84249 1.5
      vertex 15.3403 -5.20732 1.5
    endloop
  endfacet
  facet normal 0 0 1
    outer loop
      vertex 23.0571 1.51124 1.5
      vertex 16.1653 1.05953 1.5
      vertex 16.2 0 1.5
    endloop
  endfacet
  facet normal 0 0 1
    outer loop
      vertex 22.9089 3.01601 1.5
      vertex 16.0614 2.11452 1.5
      vertex 16.1653 1.05953 1.5
    endloop
  endfacet
  facet normal 0 0 1
    outer loop
      vertex 22.6626 4.50786 1.5
      vertex 15.8887 3.16046 1.5
      vertex 16.0614 2.11452 1.5
    endloop
  endfacet
  facet normal 0 0 1
    outer loop
      vertex 22.3192 5.98041 1.5
      vertex 15.648 4.19287 1.5
      vertex 15.8887 3.16046 1.5
    endloop
  endfacet
  facet normal 0 0 1
    outer loop
      vertex 21.8803 7.42735 1.5
      vertex 15.3403 5.20732 1.5
      vertex 15.648 4.19287 1.5
    endloop
  endfacet
  facet normal 0 0 1
    outer loop
      vertex 11.4551 11.4551 1.5
      vertex 16.3388 16.3388 1.5
      vertex 15.2352 17.3724 1.5
    endloop
  endfacet
  facet normal 0 0 1
    outer loop
      vertex 21.3477 8.84249 1.5
      vertex 14.9668 6.19947 1.5
      vertex 15.3403 5.20732 1.5
    endloop
  endfacet
  facet normal 0 0 1
    outer loop
      vertex 20.7236 10.2198 1.5
      vertex 14.5293 7.16508 1.5
      vertex 14.9668 6.19947 1.5
    endloop
  endfacet
  facet normal 0 0 1
    outer loop
      vertex 10.6814 12.1798 1.5
      vertex 15.2352 17.3724 1.5
      vertex 14.0664 18.3316 1.5
    endloop
  endfacet
  facet normal 0 0 1
    outer loop
      vertex 20.0108 11.5533 1.5
      vertex 14.0296 8.1 1.5
      vertex 14.5293 7.16508 1.5
    endloop
  endfacet
  facet normal 0 0 1
    outer loop
      vertex 19.2124 12.8373 1.5
      vertex 13.4698 9.00024 1.5
      vertex 14.0296 8.1 1.5
    endloop
  endfacet
  facet normal 0 0 1
    outer loop
      vertex 18.3316 14.0664 1.5
      vertex 12.8523 9.86193 1.5
      vertex 13.4698 9.00024 1.5
    endloop
  endfacet
  facet normal 0 0 1
    outer loop
      vertex 9.86193 12.8523 1.5
      vertex 14.0664 18.3316 1.5
      vertex 12.8373 19.2124 1.5
    endloop
  endfacet
  facet normal 0 0 1
    outer loop
      vertex 17.3724 15.2352 1.5
      vertex 12.1798 10.6814 1.5
      vertex 12.8523 9.86193 1.5
    endloop
  endfacet
  facet normal 0 0 1
    outer loop
      vertex 9.00024 13.4698 1.5
      vertex 12.8373 19.2124 1.5
      vertex 11.5533 20.0108 1.5
    endloop
  endfacet
  facet normal 0 0 1
    outer loop
      vertex 16.3388 16.3388 1.5
      vertex 11.4551 11.4551 1.5
      vertex 12.1798 10.6814 1.5
    endloop
  endfacet
  facet normal 0 0 1
    outer loop
      vertex 15.2352 17.3724 1.5
      vertex 10.6814 12.1798 1.5
      vertex 11.4551 11.4551 1.5
    endloop
  endfacet
  facet normal 0 0 1
    outer loop
      vertex 8.1 14.0296 1.5
      vertex 11.5533 20.0108 1.5
      vertex 10.2198 20.7236 1.5
    endloop
  endfacet
  facet normal 0 0 1
    outer loop
      vertex 14.0664 18.3316 1.5
      vertex 9.86193 12.8523 1.5
      vertex 10.6814 12.1798 1.5
    endloop
  endfacet
  facet normal 0 0 1
    outer loop
      vertex 12.8373 19.2124 1.5
      vertex 9.00024 13.4698 1.5
      vertex 9.86193 12.8523 1.5
    endloop
  endfacet
  facet normal 0 0 1
    outer loop
      vertex 7.16508 14.5293 1.5
      vertex 10.2198 20.7236 1.5
      vertex 8.84249 21.3477 1.5
    endloop
  endfacet
  facet normal 0 0 1
    outer loop
      vertex 11.5533 20.0108 1.5
      vertex 8.1 14.0296 1.5
      vertex 9.00024 13.4698 1.5
    endloop
  endfacet
  facet normal 0 0 1
    outer loop
      vertex 6.19947 14.9668 1.5
      vertex 8.84249 21.3477 1.5
      vertex 7.42735 21.8803 1.5
    endloop
  endfacet
  facet normal 0 0 1
    outer loop
      vertex 10.2198 20.7236 1.5
      vertex 7.16508 14.5293 1.5
      vertex 8.1 14.0296 1.5
    endloop
  endfacet
  facet normal 0 0 1
    outer loop
      vertex 8.84249 21.3477 1.5
      vertex 6.19947 14.9668 1.5
      vertex 7.16508 14.5293 1.5
    endloop
  endfacet
  facet normal 0 0 1
    outer loop
      vertex 5.20732 15.3403 1.5
      vertex 7.42735 21.8803 1.5
      vertex 5.98041 22.3192 1.5
    endloop
  endfacet
  facet normal 0 0 1
    outer loop
      vertex 7.42735 21.8803 1.5
      vertex 5.20732 15.3403 1.5
      vertex 6.19947 14.9668 1.5
    endloop
  endfacet
  facet normal 0 0 1
    outer loop
      vertex 4.19287 15.648 1.5
      vertex 5.98041 22.3192 1.5
      vertex 4.50786 22.6626 1.5
    endloop
  endfacet
  facet normal 0 0 1
    outer loop
      vertex 5.98041 22.3192 1.5
      vertex 4.19287 15.648 1.5
      vertex 5.20732 15.3403 1.5
    endloop
  endfacet
  facet normal 0 0 1
    outer loop
      vertex 4.50786 22.6626 1.5
      vertex 3.16046 15.8887 1.5
      vertex 4.19287 15.648 1.5
    endloop
  endfacet
  facet normal 0 0 1
    outer loop
      vertex 3.01601 22.9089 1.5
      vertex 3.16046 15.8887 1.5
      vertex 4.50786 22.6626 1.5
    endloop
  endfacet
  facet normal 0 0 1
    outer loop
      vertex 3.01601 22.9089 1.5
      vertex 2.11452 16.0614 1.5
      vertex 3.16046 15.8887 1.5
    endloop
  endfacet
  facet normal 0 0 1
    outer loop
      vertex 1.51124 23.0571 1.5
      vertex 2.11452 16.0614 1.5
      vertex 3.01601 22.9089 1.5
    endloop
  endfacet
  facet normal 0 0 1
    outer loop
      vertex 1.51124 23.0571 1.5
      vertex 1.05953 16.1653 1.5
      vertex 2.11452 16.0614 1.5
    endloop
  endfacet
  facet normal 0 0 1
    outer loop
      vertex 0 23.1065 1.5
      vertex 1.05953 16.1653 1.5
      vertex 1.51124 23.0571 1.5
    endloop
  endfacet
  facet normal 0 0 1
    outer loop
      vertex 0 23.1065 1.5
      vertex 0 16.2 1.5
      vertex 1.05953 16.1653 1.5
    endloop
  endfacet
  facet normal 0 0 1
    outer loop
      vertex 0 23.1065 1.5
      vertex -1.05953 16.1653 1.5
      vertex 0 16.2 1.5
    endloop
  endfacet
  facet normal -0 0 1
    outer loop
      vertex -1.51124 23.0571 1.5
      vertex -1.05953 16.1653 1.5
      vertex 0 23.1065 1.5
    endloop
  endfacet
  facet normal 0 0 1
    outer loop
      vertex -1.51124 23.0571 1.5
      vertex -2.11452 16.0614 1.5
      vertex -1.05953 16.1653 1.5
    endloop
  endfacet
  facet normal -0 0 1
    outer loop
      vertex -3.01601 22.9089 1.5
      vertex -2.11452 16.0614 1.5
      vertex -1.51124 23.0571 1.5
    endloop
  endfacet
  facet normal 0 0 1
    outer loop
      vertex -3.01601 22.9089 1.5
      vertex -3.16046 15.8887 1.5
      vertex -2.11452 16.0614 1.5
    endloop
  endfacet
  facet normal -0 0 1
    outer loop
      vertex -4.50786 22.6626 1.5
      vertex -3.16046 15.8887 1.5
      vertex -3.01601 22.9089 1.5
    endloop
  endfacet
  facet normal 0 0 1
    outer loop
      vertex -3.16046 15.8887 1.5
      vertex -4.50786 22.6626 1.5
      vertex -4.19287 15.648 1.5
    endloop
  endfacet
  facet normal -0 0 1
    outer loop
      vertex -5.98041 22.3192 1.5
      vertex -4.19287 15.648 1.5
      vertex -4.50786 22.6626 1.5
    endloop
  endfacet
  facet normal 0 0 1
    outer loop
      vertex -4.19287 15.648 1.5
      vertex -5.98041 22.3192 1.5
      vertex -5.20732 15.3403 1.5
    endloop
  endfacet
  facet normal -0 0 1
    outer loop
      vertex -7.42735 21.8803 1.5
      vertex -5.20732 15.3403 1.5
      vertex -5.98041 22.3192 1.5
    endloop
  endfacet
  facet normal 0 0 1
    outer loop
      vertex -5.20732 15.3403 1.5
      vertex -7.42735 21.8803 1.5
      vertex -6.19947 14.9668 1.5
    endloop
  endfacet
  facet normal -0 0 1
    outer loop
      vertex -8.84249 21.3477 1.5
      vertex -6.19947 14.9668 1.5
      vertex -7.42735 21.8803 1.5
    endloop
  endfacet
  facet normal 0 0 1
    outer loop
      vertex -6.19947 14.9668 1.5
      vertex -8.84249 21.3477 1.5
      vertex -7.16508 14.5293 1.5
    endloop
  endfacet
  facet normal -0 0 1
    outer loop
      vertex -10.2198 20.7236 1.5
      vertex -7.16508 14.5293 1.5
      vertex -8.84249 21.3477 1.5
    endloop
  endfacet
  facet normal 0 0 1
    outer loop
      vertex -7.16508 14.5293 1.5
      vertex -10.2198 20.7236 1.5
      vertex -8.1 14.0296 1.5
    endloop
  endfacet
  facet normal -0 0 1
    outer loop
      vertex -11.5533 20.0108 1.5
      vertex -8.1 14.0296 1.5
      vertex -10.2198 20.7236 1.5
    endloop
  endfacet
  facet normal 0 0 1
    outer loop
      vertex -8.1 14.0296 1.5
      vertex -11.5533 20.0108 1.5
      vertex -9.00024 13.4698 1.5
    endloop
  endfacet
  facet normal -0 0 1
    outer loop
      vertex -12.8373 19.2124 1.5
      vertex -9.00024 13.4698 1.5
      vertex -11.5533 20.0108 1.5
    endloop
  endfacet
  facet normal 0 0 1
    outer loop
      vertex -9.00024 13.4698 1.5
      vertex -12.8373 19.2124 1.5
      vertex -9.86193 12.8523 1.5
    endloop
  endfacet
  facet normal -0 0 1
    outer loop
      vertex -14.0664 18.3316 1.5
      vertex -9.86193 12.8523 1.5
      vertex -12.8373 19.2124 1.5
    endloop
  endfacet
  facet normal 0 0 1
    outer loop
      vertex -9.86193 12.8523 1.5
      vertex -14.0664 18.3316 1.5
      vertex -10.6814 12.1798 1.5
    endloop
  endfacet
  facet normal -0 0 1
    outer loop
      vertex -15.2352 17.3724 1.5
      vertex -10.6814 12.1798 1.5
      vertex -14.0664 18.3316 1.5
    endloop
  endfacet
  facet normal 0 0 1
    outer loop
      vertex -10.6814 12.1798 1.5
      vertex -15.2352 17.3724 1.5
      vertex -11.4551 11.4551 1.5
    endloop
  endfacet
  facet normal -0 0 1
    outer loop
      vertex -16.3388 16.3388 1.5
      vertex -11.4551 11.4551 1.5
      vertex -15.2352 17.3724 1.5
    endloop
  endfacet
  facet normal 0 0 1
    outer loop
      vertex -11.4551 11.4551 1.5
      vertex -16.3388 16.3388 1.5
      vertex -12.1798 10.6814 1.5
    endloop
  endfacet
  facet normal -0 0 1
    outer loop
      vertex -17.3724 15.2352 1.5
      vertex -12.1798 10.6814 1.5
      vertex -16.3388 16.3388 1.5
    endloop
  endfacet
  facet normal 0 0 1
    outer loop
      vertex -12.1798 10.6814 1.5
      vertex -17.3724 15.2352 1.5
      vertex -12.8523 9.86193 1.5
    endloop
  endfacet
  facet normal -0 0 1
    outer loop
      vertex -18.3316 14.0664 1.5
      vertex -12.8523 9.86193 1.5
      vertex -17.3724 15.2352 1.5
    endloop
  endfacet
  facet normal 0 0 1
    outer loop
      vertex -12.8523 9.86193 1.5
      vertex -18.3316 14.0664 1.5
      vertex -13.4698 9.00024 1.5
    endloop
  endfacet
  facet normal -0 0 1
    outer loop
      vertex -19.2124 12.8373 1.5
      vertex -13.4698 9.00024 1.5
      vertex -18.3316 14.0664 1.5
    endloop
  endfacet
  facet normal 0 0 1
    outer loop
      vertex -13.4698 9.00024 1.5
      vertex -19.2124 12.8373 1.5
      vertex -14.0296 8.1 1.5
    endloop
  endfacet
  facet normal -0 0 1
    outer loop
      vertex -20.0108 11.5533 1.5
      vertex -14.0296 8.1 1.5
      vertex -19.2124 12.8373 1.5
    endloop
  endfacet
  facet normal 0 0 1
    outer loop
      vertex -14.0296 8.1 1.5
      vertex -20.0108 11.5533 1.5
      vertex -14.5293 7.16508 1.5
    endloop
  endfacet
  facet normal -0 0 1
    outer loop
      vertex -20.7236 10.2198 1.5
      vertex -14.5293 7.16508 1.5
      vertex -20.0108 11.5533 1.5
    endloop
  endfacet
  facet normal -0 0 1
    outer loop
      vertex -21.3477 8.84249 1.5
      vertex -14.9668 6.19947 1.5
      vertex -20.7236 10.2198 1.5
    endloop
  endfacet
  facet normal 0 0 1
    outer loop
      vertex -14.5293 7.16508 1.5
      vertex -20.7236 10.2198 1.5
      vertex -14.9668 6.19947 1.5
    endloop
  endfacet
  facet normal 0 0 1
    outer loop
      vertex 21.3477 -8.84249 1.5
      vertex 14.9668 -6.19947 1.5
      vertex 20.7236 -10.2198 1.5
    endloop
  endfacet
  facet normal -0 0 1
    outer loop
      vertex 14.5293 -7.16508 1.5
      vertex 20.7236 -10.2198 1.5
      vertex 14.9668 -6.19947 1.5
    endloop
  endfacet
  facet normal 0 0 1
    outer loop
      vertex 20.7236 -10.2198 1.5
      vertex 14.5293 -7.16508 1.5
      vertex 20.0108 -11.5533 1.5
    endloop
  endfacet
  facet normal -0 0 1
    outer loop
      vertex 14.0296 -8.1 1.5
      vertex 20.0108 -11.5533 1.5
      vertex 14.5293 -7.16508 1.5
    endloop
  endfacet
  facet normal 0 0 1
    outer loop
      vertex 20.0108 -11.5533 1.5
      vertex 14.0296 -8.1 1.5
      vertex 19.2124 -12.8373 1.5
    endloop
  endfacet
  facet normal -0 0 1
    outer loop
      vertex 13.4698 -9.00024 1.5
      vertex 19.2124 -12.8373 1.5
      vertex 14.0296 -8.1 1.5
    endloop
  endfacet
  facet normal 0 0 1
    outer loop
      vertex 19.2124 -12.8373 1.5
      vertex 13.4698 -9.00024 1.5
      vertex 18.3316 -14.0664 1.5
    endloop
  endfacet
  facet normal -0 0 1
    outer loop
      vertex 12.8523 -9.86193 1.5
      vertex 18.3316 -14.0664 1.5
      vertex 13.4698 -9.00024 1.5
    endloop
  endfacet
  facet normal 0 0 1
    outer loop
      vertex 18.3316 -14.0664 1.5
      vertex 12.8523 -9.86193 1.5
      vertex 17.3724 -15.2352 1.5
    endloop
  endfacet
  facet normal -0 0 1
    outer loop
      vertex 12.1798 -10.6814 1.5
      vertex 17.3724 -15.2352 1.5
      vertex 12.8523 -9.86193 1.5
    endloop
  endfacet
  facet normal 0 0 1
    outer loop
      vertex 17.3724 -15.2352 1.5
      vertex 12.1798 -10.6814 1.5
      vertex 16.3388 -16.3388 1.5
    endloop
  endfacet
  facet normal -0 0 1
    outer loop
      vertex 11.4551 -11.4551 1.5
      vertex 16.3388 -16.3388 1.5
      vertex 12.1798 -10.6814 1.5
    endloop
  endfacet
  facet normal 0 0 1
    outer loop
      vertex 16.3388 -16.3388 1.5
      vertex 11.4551 -11.4551 1.5
      vertex 15.2352 -17.3724 1.5
    endloop
  endfacet
  facet normal -0 0 1
    outer loop
      vertex 10.6814 -12.1798 1.5
      vertex 15.2352 -17.3724 1.5
      vertex 11.4551 -11.4551 1.5
    endloop
  endfacet
  facet normal 0 0 1
    outer loop
      vertex 15.2352 -17.3724 1.5
      vertex 10.6814 -12.1798 1.5
      vertex 14.0664 -18.3316 1.5
    endloop
  endfacet
  facet normal -0 0 1
    outer loop
      vertex 9.86193 -12.8523 1.5
      vertex 14.0664 -18.3316 1.5
      vertex 10.6814 -12.1798 1.5
    endloop
  endfacet
  facet normal 0 0 1
    outer loop
      vertex 14.0664 -18.3316 1.5
      vertex 9.86193 -12.8523 1.5
      vertex 12.8373 -19.2124 1.5
    endloop
  endfacet
  facet normal -0 0 1
    outer loop
      vertex 9.00024 -13.4698 1.5
      vertex 12.8373 -19.2124 1.5
      vertex 9.86193 -12.8523 1.5
    endloop
  endfacet
  facet normal 0 0 1
    outer loop
      vertex 12.8373 -19.2124 1.5
      vertex 9.00024 -13.4698 1.5
      vertex 11.5533 -20.0108 1.5
    endloop
  endfacet
  facet normal -0 0 1
    outer loop
      vertex 8.1 -14.0296 1.5
      vertex 11.5533 -20.0108 1.5
      vertex 9.00024 -13.4698 1.5
    endloop
  endfacet
  facet normal 0 0 1
    outer loop
      vertex 11.5533 -20.0108 1.5
      vertex 8.1 -14.0296 1.5
      vertex 10.2198 -20.7236 1.5
    endloop
  endfacet
  facet normal -0 0 1
    outer loop
      vertex 7.16508 -14.5293 1.5
      vertex 10.2198 -20.7236 1.5
      vertex 8.1 -14.0296 1.5
    endloop
  endfacet
  facet normal 0 0 1
    outer loop
      vertex 10.2198 -20.7236 1.5
      vertex 7.16508 -14.5293 1.5
      vertex 8.84249 -21.3477 1.5
    endloop
  endfacet
  facet normal -0 0 1
    outer loop
      vertex 6.19947 -14.9668 1.5
      vertex 8.84249 -21.3477 1.5
      vertex 7.16508 -14.5293 1.5
    endloop
  endfacet
  facet normal 0 0 1
    outer loop
      vertex 8.84249 -21.3477 1.5
      vertex 6.19947 -14.9668 1.5
      vertex 7.42735 -21.8803 1.5
    endloop
  endfacet
  facet normal -0 0 1
    outer loop
      vertex 5.20732 -15.3403 1.5
      vertex 7.42735 -21.8803 1.5
      vertex 6.19947 -14.9668 1.5
    endloop
  endfacet
  facet normal 0 0 1
    outer loop
      vertex 7.42735 -21.8803 1.5
      vertex 5.20732 -15.3403 1.5
      vertex 5.98041 -22.3192 1.5
    endloop
  endfacet
  facet normal -0 0 1
    outer loop
      vertex 4.19287 -15.648 1.5
      vertex 5.98041 -22.3192 1.5
      vertex 5.20732 -15.3403 1.5
    endloop
  endfacet
  facet normal 0 0 1
    outer loop
      vertex 5.98041 -22.3192 1.5
      vertex 4.19287 -15.648 1.5
      vertex 4.50786 -22.6626 1.5
    endloop
  endfacet
  facet normal -0 0 1
    outer loop
      vertex 3.16046 -15.8887 1.5
      vertex 4.50786 -22.6626 1.5
      vertex 4.19287 -15.648 1.5
    endloop
  endfacet
  facet normal 0 0 1
    outer loop
      vertex 3.16046 -15.8887 1.5
      vertex 3.01601 -22.9089 1.5
      vertex 4.50786 -22.6626 1.5
    endloop
  endfacet
  facet normal -0 0 1
    outer loop
      vertex 2.11452 -16.0614 1.5
      vertex 3.01601 -22.9089 1.5
      vertex 3.16046 -15.8887 1.5
    endloop
  endfacet
  facet normal 0 0 1
    outer loop
      vertex 2.11452 -16.0614 1.5
      vertex 1.51124 -23.0571 1.5
      vertex 3.01601 -22.9089 1.5
    endloop
  endfacet
  facet normal -0 0 1
    outer loop
      vertex 1.05953 -16.1653 1.5
      vertex 1.51124 -23.0571 1.5
      vertex 2.11452 -16.0614 1.5
    endloop
  endfacet
  facet normal -0 0 1
    outer loop
      vertex 0 -16.2 1.5
      vertex 1.51124 -23.0571 1.5
      vertex 1.05953 -16.1653 1.5
    endloop
  endfacet
  facet normal 0 0 1
    outer loop
      vertex 0 -16.2 1.5
      vertex 0 -23.1065 1.5
      vertex 1.51124 -23.0571 1.5
    endloop
  endfacet
  facet normal 0 0 1
    outer loop
      vertex -1.05953 -16.1653 1.5
      vertex 0 -23.1065 1.5
      vertex 0 -16.2 1.5
    endloop
  endfacet
  facet normal 0 0 1
    outer loop
      vertex -1.05953 -16.1653 1.5
      vertex -1.51124 -23.0571 1.5
      vertex 0 -23.1065 1.5
    endloop
  endfacet
  facet normal 0 0 1
    outer loop
      vertex -2.11452 -16.0614 1.5
      vertex -1.51124 -23.0571 1.5
      vertex -1.05953 -16.1653 1.5
    endloop
  endfacet
  facet normal 0 0 1
    outer loop
      vertex -2.11452 -16.0614 1.5
      vertex -3.01601 -22.9089 1.5
      vertex -1.51124 -23.0571 1.5
    endloop
  endfacet
  facet normal 0 0 1
    outer loop
      vertex -3.16046 -15.8887 1.5
      vertex -3.01601 -22.9089 1.5
      vertex -2.11452 -16.0614 1.5
    endloop
  endfacet
  facet normal 0 0 1
    outer loop
      vertex -4.50786 -22.6626 1.5
      vertex -3.16046 -15.8887 1.5
      vertex -4.19287 -15.648 1.5
    endloop
  endfacet
  facet normal 0 0 1
    outer loop
      vertex -3.16046 -15.8887 1.5
      vertex -4.50786 -22.6626 1.5
      vertex -3.01601 -22.9089 1.5
    endloop
  endfacet
  facet normal 0 0 1
    outer loop
      vertex -5.98041 -22.3192 1.5
      vertex -4.19287 -15.648 1.5
      vertex -5.20732 -15.3403 1.5
    endloop
  endfacet
  facet normal 0 0 1
    outer loop
      vertex -4.19287 -15.648 1.5
      vertex -5.98041 -22.3192 1.5
      vertex -4.50786 -22.6626 1.5
    endloop
  endfacet
  facet normal 0 0 1
    outer loop
      vertex -7.42735 -21.8803 1.5
      vertex -5.20732 -15.3403 1.5
      vertex -6.19947 -14.9668 1.5
    endloop
  endfacet
  facet normal 0 0 1
    outer loop
      vertex -8.84249 -21.3477 1.5
      vertex -6.19947 -14.9668 1.5
      vertex -7.16508 -14.5293 1.5
    endloop
  endfacet
  facet normal 0 0 1
    outer loop
      vertex -5.20732 -15.3403 1.5
      vertex -7.42735 -21.8803 1.5
      vertex -5.98041 -22.3192 1.5
    endloop
  endfacet
  facet normal 0 0 1
    outer loop
      vertex -10.2198 -20.7236 1.5
      vertex -7.16508 -14.5293 1.5
      vertex -8.1 -14.0296 1.5
    endloop
  endfacet
  facet normal 0 0 1
    outer loop
      vertex -6.19947 -14.9668 1.5
      vertex -8.84249 -21.3477 1.5
      vertex -7.42735 -21.8803 1.5
    endloop
  endfacet
  facet normal 0 0 1
    outer loop
      vertex -11.5533 -20.0108 1.5
      vertex -8.1 -14.0296 1.5
      vertex -9.00024 -13.4698 1.5
    endloop
  endfacet
  facet normal 0 0 1
    outer loop
      vertex -12.8373 -19.2124 1.5
      vertex -9.00024 -13.4698 1.5
      vertex -9.86193 -12.8523 1.5
    endloop
  endfacet
  facet normal 0 0 1
    outer loop
      vertex -7.16508 -14.5293 1.5
      vertex -10.2198 -20.7236 1.5
      vertex -8.84249 -21.3477 1.5
    endloop
  endfacet
  facet normal 0 0 1
    outer loop
      vertex -14.0664 -18.3316 1.5
      vertex -9.86193 -12.8523 1.5
      vertex -10.6814 -12.1798 1.5
    endloop
  endfacet
  facet normal 0 0 1
    outer loop
      vertex -15.2352 -17.3724 1.5
      vertex -10.6814 -12.1798 1.5
      vertex -11.4551 -11.4551 1.5
    endloop
  endfacet
  facet normal 0 0 1
    outer loop
      vertex -8.1 -14.0296 1.5
      vertex -11.5533 -20.0108 1.5
      vertex -10.2198 -20.7236 1.5
    endloop
  endfacet
  facet normal 0 0 1
    outer loop
      vertex -16.3388 -16.3388 1.5
      vertex -11.4551 -11.4551 1.5
      vertex -12.1798 -10.6814 1.5
    endloop
  endfacet
  facet normal 0 0 1
    outer loop
      vertex -9.00024 -13.4698 1.5
      vertex -12.8373 -19.2124 1.5
      vertex -11.5533 -20.0108 1.5
    endloop
  endfacet
  facet normal 0 0 1
    outer loop
      vertex -17.3724 -15.2352 1.5
      vertex -12.1798 -10.6814 1.5
      vertex -12.8523 -9.86193 1.5
    endloop
  endfacet
  facet normal 0 0 1
    outer loop
      vertex -18.3316 -14.0664 1.5
      vertex -12.8523 -9.86193 1.5
      vertex -13.4698 -9.00024 1.5
    endloop
  endfacet
  facet normal 0 0 1
    outer loop
      vertex -19.2124 -12.8373 1.5
      vertex -13.4698 -9.00024 1.5
      vertex -14.0296 -8.1 1.5
    endloop
  endfacet
  facet normal 0 0 1
    outer loop
      vertex -9.86193 -12.8523 1.5
      vertex -14.0664 -18.3316 1.5
      vertex -12.8373 -19.2124 1.5
    endloop
  endfacet
  facet normal 0 0 1
    outer loop
      vertex -20.0108 -11.5533 1.5
      vertex -14.0296 -8.1 1.5
      vertex -14.5293 -7.16508 1.5
    endloop
  endfacet
  facet normal 0 0 1
    outer loop
      vertex -20.7236 -10.2198 1.5
      vertex -14.5293 -7.16508 1.5
      vertex -14.9668 -6.19947 1.5
    endloop
  endfacet
  facet normal 0 0 1
    outer loop
      vertex -10.6814 -12.1798 1.5
      vertex -15.2352 -17.3724 1.5
      vertex -14.0664 -18.3316 1.5
    endloop
  endfacet
  facet normal 0 0 1
    outer loop
      vertex -21.3477 -8.84249 1.5
      vertex -14.9668 -6.19947 1.5
      vertex -15.3403 -5.20732 1.5
    endloop
  endfacet
  facet normal 0 0 1
    outer loop
      vertex -21.8803 -7.42735 1.5
      vertex -15.3403 -5.20732 1.5
      vertex -15.648 -4.19287 1.5
    endloop
  endfacet
  facet normal 0 0 1
    outer loop
      vertex -22.3192 -5.98041 1.5
      vertex -15.648 -4.19287 1.5
      vertex -15.8887 -3.16046 1.5
    endloop
  endfacet
  facet normal 0 0 1
    outer loop
      vertex -22.6626 -4.50786 1.5
      vertex -15.8887 -3.16046 1.5
      vertex -16.0614 -2.11452 1.5
    endloop
  endfacet
  facet normal 0 0 1
    outer loop
      vertex -22.9089 -3.01601 1.5
      vertex -16.0614 -2.11452 1.5
      vertex -16.1653 -1.05953 1.5
    endloop
  endfacet
  facet normal 0 0 1
    outer loop
      vertex -11.4551 -11.4551 1.5
      vertex -16.3388 -16.3388 1.5
      vertex -15.2352 -17.3724 1.5
    endloop
  endfacet
  facet normal 0 0 1
    outer loop
      vertex -23.0571 -1.51124 1.5
      vertex -16.1653 -1.05953 1.5
      vertex -16.2 0 1.5
    endloop
  endfacet
  facet normal 0 0 1
    outer loop
      vertex -14.9668 6.19947 1.5
      vertex -21.3477 8.84249 1.5
      vertex -15.3403 5.20732 1.5
    endloop
  endfacet
  facet normal -0 0 1
    outer loop
      vertex -21.8803 7.42735 1.5
      vertex -15.3403 5.20732 1.5
      vertex -21.3477 8.84249 1.5
    endloop
  endfacet
  facet normal 0 0 1
    outer loop
      vertex -12.1798 -10.6814 1.5
      vertex -17.3724 -15.2352 1.5
      vertex -16.3388 -16.3388 1.5
    endloop
  endfacet
  facet normal 0 0 1
    outer loop
      vertex -15.3403 5.20732 1.5
      vertex -21.8803 7.42735 1.5
      vertex -15.648 4.19287 1.5
    endloop
  endfacet
  facet normal 0 0 1
    outer loop
      vertex -12.8523 -9.86193 1.5
      vertex -18.3316 -14.0664 1.5
      vertex -17.3724 -15.2352 1.5
    endloop
  endfacet
  facet normal -0 0 1
    outer loop
      vertex -22.3192 5.98041 1.5
      vertex -15.648 4.19287 1.5
      vertex -21.8803 7.42735 1.5
    endloop
  endfacet
  facet normal 0 0 1
    outer loop
      vertex -13.4698 -9.00024 1.5
      vertex -19.2124 -12.8373 1.5
      vertex -18.3316 -14.0664 1.5
    endloop
  endfacet
  facet normal 0 0 1
    outer loop
      vertex -15.648 4.19287 1.5
      vertex -22.3192 5.98041 1.5
      vertex -15.8887 3.16046 1.5
    endloop
  endfacet
  facet normal 0 0 1
    outer loop
      vertex -14.0296 -8.1 1.5
      vertex -20.0108 -11.5533 1.5
      vertex -19.2124 -12.8373 1.5
    endloop
  endfacet
  facet normal -0 0 1
    outer loop
      vertex -22.6626 4.50786 1.5
      vertex -15.8887 3.16046 1.5
      vertex -22.3192 5.98041 1.5
    endloop
  endfacet
  facet normal 0 0 1
    outer loop
      vertex -14.5293 -7.16508 1.5
      vertex -20.7236 -10.2198 1.5
      vertex -20.0108 -11.5533 1.5
    endloop
  endfacet
  facet normal 0 0 1
    outer loop
      vertex -15.8887 3.16046 1.5
      vertex -22.6626 4.50786 1.5
      vertex -16.0614 2.11452 1.5
    endloop
  endfacet
  facet normal 0 0 1
    outer loop
      vertex -14.9668 -6.19947 1.5
      vertex -21.3477 -8.84249 1.5
      vertex -20.7236 -10.2198 1.5
    endloop
  endfacet
  facet normal -0 0 1
    outer loop
      vertex -22.9089 3.01601 1.5
      vertex -16.0614 2.11452 1.5
      vertex -22.6626 4.50786 1.5
    endloop
  endfacet
  facet normal 0 0 1
    outer loop
      vertex -15.3403 -5.20732 1.5
      vertex -21.8803 -7.42735 1.5
      vertex -21.3477 -8.84249 1.5
    endloop
  endfacet
  facet normal 0 0 1
    outer loop
      vertex -16.0614 2.11452 1.5
      vertex -22.9089 3.01601 1.5
      vertex -16.1653 1.05953 1.5
    endloop
  endfacet
  facet normal 0 0 1
    outer loop
      vertex -15.648 -4.19287 1.5
      vertex -22.3192 -5.98041 1.5
      vertex -21.8803 -7.42735 1.5
    endloop
  endfacet
  facet normal -0 0 1
    outer loop
      vertex -23.0571 1.51124 1.5
      vertex -16.1653 1.05953 1.5
      vertex -22.9089 3.01601 1.5
    endloop
  endfacet
  facet normal 0 0 1
    outer loop
      vertex -15.8887 -3.16046 1.5
      vertex -22.6626 -4.50786 1.5
      vertex -22.3192 -5.98041 1.5
    endloop
  endfacet
  facet normal 0 0 1
    outer loop
      vertex -16.1653 1.05953 1.5
      vertex -23.0571 1.51124 1.5
      vertex -16.2 0 1.5
    endloop
  endfacet
  facet normal 0 0 1
    outer loop
      vertex -16.0614 -2.11452 1.5
      vertex -22.9089 -3.01601 1.5
      vertex -22.6626 -4.50786 1.5
    endloop
  endfacet
  facet normal 0 0 1
    outer loop
      vertex -23.1065 0 1.5
      vertex -16.2 0 1.5
      vertex -23.0571 1.51124 1.5
    endloop
  endfacet
  facet normal 0 0 1
    outer loop
      vertex -16.1653 -1.05953 1.5
      vertex -23.0571 -1.51124 1.5
      vertex -22.9089 -3.01601 1.5
    endloop
  endfacet
  facet normal 0 0 1
    outer loop
      vertex -16.2 0 1.5
      vertex -23.1065 0 1.5
      vertex -23.0571 -1.51124 1.5
    endloop
  endfacet
  facet normal 0.412734 -0.910852 0
    outer loop
      vertex -10.2198 20.7236 1.5
      vertex -8.84249 21.3477 4.1
      vertex -10.2198 20.7236 4.1
    endloop
  endfacet
  facet normal 0.412734 -0.910852 0
    outer loop
      vertex -8.84249 21.3477 4.1
      vertex -10.2198 20.7236 1.5
      vertex -8.84249 21.3477 1.5
    endloop
  endfacet
  facet normal 0.63439 0.773013 -0
    outer loop
      vertex -14.0664 -18.3316 1.5
      vertex -15.2352 -17.3724 4.1
      vertex -14.0664 -18.3316 4.1
    endloop
  endfacet
  facet normal 0.63439 0.773013 0
    outer loop
      vertex -15.2352 -17.3724 4.1
      vertex -14.0664 -18.3316 1.5
      vertex -15.2352 -17.3724 1.5
    endloop
  endfacet
  facet normal 0.881913 0.471412 0
    outer loop
      vertex -20.0108 -11.5533 4.1
      vertex -20.7236 -10.2198 1.5
      vertex -20.7236 -10.2198 4.1
    endloop
  endfacet
  facet normal 0.881913 0.471412 0
    outer loop
      vertex -20.7236 -10.2198 1.5
      vertex -20.0108 -11.5533 4.1
      vertex -20.0108 -11.5533 1.5
    endloop
  endfacet
  facet normal 0.471412 0.881913 -0
    outer loop
      vertex -10.2198 -20.7236 1.5
      vertex -11.5533 -20.0108 4.1
      vertex -10.2198 -20.7236 4.1
    endloop
  endfacet
  facet normal 0.471412 0.881913 0
    outer loop
      vertex -11.5533 -20.0108 4.1
      vertex -10.2198 -20.7236 1.5
      vertex -11.5533 -20.0108 1.5
    endloop
  endfacet
endsolid OpenSCAD_Model
